{"type": "FeatureCollection", "attribution": "\u00a9 OpenStreetMap contributors (ODbL)", "bbox": [33.55, -84.66, 34.06, -84.05], "features": [{"type": "Feature", "properties": {"power": "line", "name": "", "voltage": "230000", "operator": "Georgia Power"}, "geometry": {"type": "LineString", "coordinates": [[-84.6194969, 33.7282579], [-84.6199478, 33.7271886], [-84.6168643, 33.7262331], [-84.6122551, 33.7247914], [-84.6110624, 33.7235866], [-84.6091394, 33.7216441], [-84.6059428, 33.7184201], [-84.60315, 33.7157492], [-84.5994589, 33.7148161], [-84.5954967, 33.7138116], [-84.5927871, 33.7131223], [-84.5902322, 33.7124432], [-84.5889919, 33.712085], [-84.5895271, 33.7116451], [-84.5905523, 33.710772], [-84.5912626, 33.7101141], [-84.5924025, 33.7090968], [-84.5931983, 33.708447], [-84.5939427, 33.707781], [-84.5951046, 33.7067576], [-84.5961713, 33.7058317], [-84.597111, 33.7049849], [-84.5977408, 33.7044305], [-84.5982632, 33.7048874], [-84.5989344, 33.705391]]}}, {"type": "Feature", "properties": {"power": "line", "name": "Scherer - Klondike 500kV", "voltage": "500000", "operator": "Georgia Power"}, "geometry": {"type": "LineString", "coordinates": [[-84.123365, 33.6353148], [-84.1238482, 33.6318431], [-84.1242609, 33.6291312], [-84.124609, 33.6272167], [-84.1254068, 33.6227226], [-84.1260737, 33.6192622], [-84.1263722, 33.6153738], [-84.1265714, 33.6128699], [-84.1221528, 33.6112106], [-84.1169233, 33.609232], [-84.1134823, 33.6079307], [-84.1087977, 33.6061626], [-84.1037583, 33.6042347], [-84.1000194, 33.6028299], [-84.0967374, 33.6015674], [-84.094818, 33.6008534], [-84.0929278, 33.6001394], [-84.0902023, 33.5977699], [-84.0875137, 33.5954369], [-84.084648, 33.592961], [-84.082436, 33.591059], [-84.080624, 33.5895022], [-84.0779976, 33.5872155], [-84.0740727, 33.5837816], [-84.0732352, 33.582787], [-84.0730997, 33.5826397], [-84.0723219, 33.5816596], [-84.070464, 33.5792238], [-84.0678123, 33.5757471], [-84.0651864, 33.5724205], [-84.0626778, 33.5692153], [-84.0598142, 33.5655827], [-84.057627, 33.5628989], [-84.0553282, 33.5600316], [-84.0530126, 33.5571411], [-84.0511101, 33.5547662], [-84.0487265, 33.5517952], [-84.0464066, 33.5488169], [-84.0447755, 33.5464573], [-84.0432876, 33.5444546], [-84.039253, 33.5420503], [-84.0357836, 33.5399858], [-84.0324114, 33.5379923], [-84.0285595, 33.5357706], [-84.0252411, 33.5338331], [-84.0215919, 33.5316971], [-84.0178905, 33.5295342], [-84.0145823, 33.5275696], [-84.010279, 33.5250622], [-84.0070842, 33.523179], [-84.0053935, 33.5211596], [-84.002949, 33.5182437], [-84.0013523, 33.5164186], [-83.9993867, 33.5140282], [-83.9973833, 33.51072], [-83.9962, 33.508636], [-83.9951499, 33.5068825], [-83.9935372, 33.5041892], [-83.991633, 33.5010092], [-83.9901679, 33.4985257], [-83.9885168, 33.4958061], [-83.9870955, 33.4934084], [-83.9847994, 33.4895396], [-83.9828421, 33.486378], [-83.9807571, 33.4835603], [-83.9784723, 33.4805909], [-83.9762217, 33.4776319], [-83.9740684, 33.4748387], [-83.9717412, 33.4717457], [-83.9696733, 33.4689971], [-83.9677163, 33.4664754], [-83.9660409, 33.4642547], [-83.9635716, 33.4618896], [-83.9610162, 33.4594679], [-83.9573301, 33.4559823], [-83.9548521, 33.4536254], [-83.9519164, 33.4508337], [-83.948264, 33.446908], [-83.9446306, 33.4429528], [-83.9418323, 33.43993], [-83.9396524, 33.4376023], [-83.9357579, 33.433417], [-83.9327777, 33.4301886], [-83.9297065, 33.4268641], [-83.927598, 33.4245546], [-83.9252264, 33.4219905], [-83.922577, 33.4191026], [-83.9206897, 33.4170945], [-83.9179957, 33.4141806], [-83.9146706, 33.4105722], [-83.9147016, 33.4078729], [-83.9147784, 33.4014931], [-83.9147989, 33.3978118], [-83.9148369, 33.3939604], [-83.9148808, 33.390062], [-83.9149135, 33.3869989], [-83.9149452, 33.3840272], [-83.9153481, 33.3805322], [-83.915429, 33.3776954], [-83.9154754, 33.3745469], [-83.9155177, 33.3720788], [-83.9155807, 33.3686429], [-83.9155482, 33.3651729], [-83.9154415, 33.3607874], [-83.9154039, 33.3567566], [-83.9122815, 33.3545481], [-83.9085115, 33.351933], [-83.9054919, 33.3498193], [-83.9019057, 33.3472828], [-83.8983952, 33.3448438], [-83.8948745, 33.3424398], [-83.8924197, 33.3395343], [-83.890501, 33.3371954], [-83.8876926, 33.3338069], [-83.884891, 33.33044], [-83.8827357, 33.3278497], [-83.8800011, 33.3245731], [-83.8774178, 33.321469], [-83.8747624, 33.3182622], [-83.8728877, 33.3159771], [-83.870179, 33.3127308], [-83.8680684, 33.3101777], [-83.8659083, 33.3075461], [-83.8643166, 33.305631], [-83.8620354, 33.3028862], [-83.8601327, 33.3005968], [-83.8573948, 33.2973018], [-83.8574656, 33.2946282], [-83.8574641, 33.2909501], [-83.8575106, 33.2880865], [-83.8575962, 33.2844623], [-83.8576384, 33.2800031], [-83.8577095, 33.2765612], [-83.8577226, 33.2728573], [-83.8577031, 33.2694251], [-83.8576886, 33.266872], [-83.8577232, 33.2634875], [-83.8578034, 33.2598207], [-83.8577825, 33.2560778], [-83.8566358, 33.2512036], [-83.8555979, 33.2470524], [-83.8546654, 33.243107], [-83.8536416, 33.2388964], [-83.8528412, 33.2354774], [-83.8517888, 33.2312151], [-83.8518262, 33.2276354], [-83.8518673, 33.2245686], [-83.8519859, 33.2194951], [-83.8520353, 33.21482], [-83.8520612, 33.2117138], [-83.8520978, 33.2083722], [-83.8521057, 33.205521], [-83.8520927, 33.2020594], [-83.852046, 33.1991914], [-83.8520143, 33.1963722], [-83.8519196, 33.192471], [-83.8518823, 33.1897105], [-83.851863, 33.1865899], [-83.851842, 33.1832119], [-83.8518212, 33.179868], [-83.8517928, 33.1752852], [-83.8518038, 33.1714015], [-83.8518945, 33.1680427], [-83.851955, 33.1649825], [-83.8520709, 33.1610654], [-83.8521154, 33.1585326], [-83.8517524, 33.1559061], [-83.8513058, 33.1521658], [-83.8516702, 33.1478069], [-83.8517529, 33.1447936], [-83.8518379, 33.1418808], [-83.8522738, 33.13958], [-83.8530235, 33.1355879], [-83.8536732, 33.1322338], [-83.8542152, 33.1292111], [-83.854932, 33.1253176], [-83.8557246, 33.1209889], [-83.8561495, 33.118692], [-83.856493, 33.1168217], [-83.8571946, 33.1129863], [-83.8579082, 33.1090711], [-83.8582485, 33.106614], [-83.8586829, 33.1035693], [-83.8587086, 33.1001572], [-83.8588291, 33.0962072], [-83.8589249, 33.0930683], [-83.8590032, 33.0899725], [-83.85901, 33.0874357], [-83.8590031, 33.084515], [-83.8586739, 33.0806454], [-83.8587683, 33.0800088], [-83.8591534, 33.077106], [-83.859215, 33.0738347], [-83.8592825, 33.0705066], [-83.859353, 33.0663256], [-83.8548829, 33.0659627], [-83.8504678, 33.0656361], [-83.8488036, 33.0655597], [-83.8445234, 33.0665254], [-83.8410119, 33.0672972], [-83.8365247, 33.0682981], [-83.8324612, 33.0692604], [-83.8282998, 33.070226], [-83.8243543, 33.0711263], [-83.8231525, 33.069641], [-83.8210341, 33.0670416], [-83.8185757, 33.0640861], [-83.8169228, 33.0611008], [-83.8144162, 33.0612325], [-83.8130344, 33.0613194]]}}, {"type": "Feature", "properties": {"power": "substation", "name": "", "voltage": "230000", "operator": "Georgia Power"}, "geometry": {"type": "Point", "coordinates": [-84.2719900888889, 33.79097261111111]}}, {"type": "Feature", "properties": {"power": "substation", "name": "", "voltage": "115000", "operator": "Georgia Power"}, "geometry": {"type": "Point", "coordinates": [-84.37259907142857, 34.012903707142854]}}, {"type": "Feature", "properties": {"power": "substation", "name": "", "voltage": "115000", "operator": "Georgia Power"}, "geometry": {"type": "Point", "coordinates": [-84.291677225, 33.770940225000004]}}, {"type": "Feature", "properties": {"power": "substation", "name": "", "voltage": "115000", "operator": "Georgia Power"}, "geometry": {"type": "Point", "coordinates": [-84.379768, 33.75684385714286]}}, {"type": "Feature", "properties": {"power": "substation", "name": "", "voltage": "115000", "operator": "Georgia Power"}, "geometry": {"type": "Point", "coordinates": [-84.1682182, 33.805587233333334]}}, {"type": "Feature", "properties": {"power": "line", "name": "", "voltage": "230000", "operator": "Georgia Power"}, "geometry": {"type": "LineString", "coordinates": [[-84.3794799, 33.9662938], [-84.3797274, 33.9663903], [-84.3794516, 33.9670076], [-84.3805599, 33.9674909]]}}, {"type": "Feature", "properties": {"power": "substation", "name": "Bull Sluice Substation", "voltage": "500000;230000", "operator": "Georgia Power"}, "geometry": {"type": "Point", "coordinates": [-84.3790317076923, 33.96661457692308]}}, {"type": "Feature", "properties": {"power": "substation", "name": "Union Substation", "voltage": "500000", "operator": "Georgia Power"}, "geometry": {"type": "Point", "coordinates": [-84.50933620714285, 33.553242857142855]}}, {"type": "Feature", "properties": {"power": "substation", "name": "Norcross Substation", "voltage": "500000", "operator": "Georgia Power"}, "geometry": {"type": "Point", "coordinates": [-84.21388960714286, 33.93294959285714]}}, {"type": "Feature", "properties": {"power": "substation", "name": "", "voltage": "115000", "operator": "Georgia Power"}, "geometry": {"type": "Point", "coordinates": [-84.3439507, 33.96367171666667]}}, {"type": "Feature", "properties": {"power": "line", "name": "Bowen - Big Shanty 500kV #2", "voltage": "500000", "operator": "Georgia Power"}, "geometry": {"type": "LineString", "coordinates": [[-84.5717058, 33.9939862], [-84.5726334, 33.9943543], [-84.5755279, 33.9941724], [-84.580427, 33.9942346]]}}, {"type": "Feature", "properties": {"power": "substation", "name": "", "voltage": "230000", "operator": "Georgia Power"}, "geometry": {"type": "Point", "coordinates": [-84.24451174000001, 33.93633104]}}, {"type": "Feature", "properties": {"power": "line", "name": "Bowen - Big Shanty 500kV #1", "voltage": "500000", "operator": "Georgia Power"}, "geometry": {"type": "LineString", "coordinates": [[-84.5716167, 33.9947804], [-84.5724203, 33.9947125], [-84.5755907, 33.9945227], [-84.580427, 33.9942346]]}}, {"type": "Feature", "properties": {"power": "line", "name": "Bull Sluice - Big Shanty 500kV", "voltage": "500000", "operator": "Georgia Power"}, "geometry": {"type": "LineString", "coordinates": [[-84.5680126, 33.9950274], [-84.5652219, 33.9951591], [-84.5613005, 33.9960884], [-84.5559522, 33.9973421], [-84.5516714, 33.9972354], [-84.5485814, 33.9971467], [-84.5439412, 33.9970086], [-84.5386948, 33.9968885], [-84.5344891, 33.9967817], [-84.53016, 33.9966797], [-84.5278211, 33.9953323], [-84.5258225, 33.9941377], [-84.5229878, 33.9925305], [-84.5206114, 33.9910359], [-84.5177575, 33.9893415], [-84.5146622, 33.9875445], [-84.5123341, 33.9878158], [-84.5080104, 33.9883271], [-84.5037135, 33.9888253], [-84.4986387, 33.9894524], [-84.4953235, 33.9897949], [-84.4909791, 33.9902619], [-84.4865371, 33.9907272], [-84.4813551, 33.9912965], [-84.477659, 33.9916746], [-84.4742472, 33.991937], [-84.469827, 33.992235], [-84.466029, 33.9925018], [-84.4609113, 33.9928488], [-84.4587819, 33.992895], [-84.4554506, 33.9929217], [-84.4505958, 33.9929973], [-84.448214, 33.9920368], [-84.4464223, 33.9920146], [-84.44396, 33.9919879], [-84.440913, 33.9918634], [-84.4361548, 33.9916185], [-84.4324211, 33.9914453], [-84.4286821, 33.9912496], [-84.425206, 33.9910628], [-84.4218157, 33.9894124], [-84.4185166, 33.9877889], [-84.4146864, 33.9870597], [-84.4096277, 33.9839861], [-84.4083081, 33.9831543], [-84.4053255, 33.9798714], [-84.4033728, 33.9776915], [-84.400755, 33.974818], [-84.3975632, 33.9712812], [-84.3955676, 33.9691235], [-84.3934433, 33.9667698], [-84.389023, 33.9671391], [-84.3862818, 33.9673259], [-84.3806331, 33.96782], [-84.3801127, 33.9678645], [-84.3793004, 33.9671902]]}}, {"type": "Feature", "properties": {"power": "line", "name": "Bowen - Big Shanty 500kV #1/#2", "voltage": "500000", "operator": "Georgia Power"}, "geometry": {"type": "LineString", "coordinates": [[-84.580427, 33.9942346], [-84.5835859, 33.9940324], [-84.5863025, 33.9938634], [-84.590075, 33.9936366], [-84.5928494, 33.9934313], [-84.5950023, 33.9927267], [-84.5981631, 33.9917078], [-84.5998241, 33.9911804], [-84.6036868, 33.9920524], [-84.6062327, 33.9925852], [-84.6104853, 33.9934573], [-84.613375, 33.9941801], [-84.6166863, 33.9949878], [-84.6185036, 33.9954357], [-84.621954, 33.9953855], [-84.6265464, 33.9953635], [-84.6299866, 33.9953143], [-84.6326041, 33.9952871], [-84.6352734, 33.9952775], [-84.6391223, 33.9952508], [-84.6432401, 33.9953575], [-84.6447639, 33.9954066], [-84.6490047, 33.9955191], [-84.6534995, 33.9956287], [-84.6564809, 33.9957036], [-84.6606059, 33.9958038], [-84.6649299, 33.9959285], [-84.6685653, 33.9960381], [-84.6719747, 33.9961275], [-84.6762399, 33.9962313], [-84.6789856, 33.9972541], [-84.6811883, 33.9980848], [-84.683449, 33.9989363], [-84.6861222, 33.9991305], [-84.6886108, 33.9993371], [-84.6937873, 33.9997444], [-84.6965501, 33.9999569], [-84.7010929, 34.0003672], [-84.7051694, 34.0007066], [-84.7091426, 34.0010519], [-84.7135964, 34.0013943], [-84.7170035, 34.001716], [-84.7208806, 34.0020436], [-84.7259717, 34.0024775], [-84.7295533, 34.0027844], [-84.7352425, 34.0032508], [-84.7399064, 34.0036787], [-84.7432352, 34.0036256], [-84.7469734, 34.0035843], [-84.7499035, 34.0035135], [-84.7544784, 34.0038115], [-84.7578001, 34.0040211], [-84.7615525, 34.0042129], [-84.7651733, 34.0043074], [-84.7682988, 34.004439], [-84.7718484, 34.0046018], [-84.7748493, 34.0046853], [-84.7775731, 34.0047771], [-84.7825577, 34.0049274]]}}, {"type": "Feature", "properties": {"power": "substation", "name": "", "voltage": "230000", "operator": "Georgia Power"}, "geometry": {"type": "Point", "coordinates": [-84.39534897499999, 33.966248237500004]}}, {"type": "Feature", "properties": {"power": "substation", "name": "Big Shanty Substation", "voltage": "500000", "operator": ""}, "geometry": {"type": "Point", "coordinates": [-84.56915455555556, 33.99445063333334]}}, {"type": "Feature", "properties": {"power": "substation", "name": "Morgan Falls Substation", "voltage": "115000", "operator": "Georgia Power"}, "geometry": {"type": "Point", "coordinates": [-84.381764475, 33.9677549375]}}, {"type": "Feature", "properties": {"power": "substation", "name": "", "voltage": "230000", "operator": "Georgia Power"}, "geometry": {"type": "Point", "coordinates": [-84.27429326666667, 33.94539391111111]}}, {"type": "Feature", "properties": {"power": "substation", "name": "", "voltage": "115000", "operator": "Georgia Power"}, "geometry": {"type": "Point", "coordinates": [-84.30827444615385, 33.95322633846154]}}, {"type": "Feature", "properties": {"power": "line", "name": "", "voltage": "230000", "operator": ""}, "geometry": {"type": "LineString", "coordinates": [[-84.524034, 33.5855924], [-84.524295, 33.5848581], [-84.5249298, 33.5856888], [-84.5267884, 33.588119], [-84.5289705, 33.5909506], [-84.5311291, 33.5937919], [-84.5327539, 33.5959295], [-84.5343787, 33.5979621], [-84.5362318, 33.6004172], [-84.5378139, 33.602401]]}}, {"type": "Feature", "properties": {"power": "line", "name": "O'Hara - Klondike 500kV", "voltage": "500000", "operator": "Georgia Power"}, "geometry": {"type": "LineString", "coordinates": [[-84.3647323, 33.4834151], [-84.3632463, 33.4853822], [-84.3627529, 33.4853727], [-84.3595394, 33.4853106], [-84.3560455, 33.4852538], [-84.3520979, 33.4851781], [-84.3483242, 33.4849889], [-84.3449286, 33.484806], [-84.3426031, 33.4846672], [-84.3388408, 33.4846451], [-84.3355889, 33.4846104], [-84.3312215, 33.4845694], [-84.3268428, 33.484519], [-84.324009, 33.4821519], [-84.3214189, 33.4800483], [-84.3174864, 33.4786195], [-84.3133875, 33.4772444], [-84.3071543, 33.4771334], [-84.303321, 33.4770685], [-84.299638, 33.4769959], [-84.2962349, 33.4769455], [-84.2914894, 33.4769076], [-84.2873336, 33.4776661], [-84.2868234, 33.4777592], [-84.283632, 33.478349], [-84.2793478, 33.4791185], [-84.2758388, 33.4803643], [-84.2711079, 33.4820207], [-84.2631417, 33.484855], [-84.2589033, 33.4863397], [-84.2560258, 33.4873488], [-84.2513824, 33.4889887], [-84.2485086, 33.4898969], [-84.244607, 33.4911477], [-84.240602, 33.4923818], [-84.2372518, 33.4918741], [-84.2329639, 33.491852], [-84.2288082, 33.4918408], [-84.2234554, 33.4917918], [-84.2206074, 33.4917294], [-84.2188958, 33.4921811], [-84.2159522, 33.4921806], [-84.2115672, 33.4921895], [-84.2081502, 33.4921806], [-84.2048989, 33.4921717], [-84.2017546, 33.4921048], [-84.1944703, 33.4918262], [-84.1901648, 33.4917063], [-84.186739, 33.4917126], [-84.1830788, 33.4917315], [-84.1804508, 33.4917252], [-84.1797059, 33.4937276], [-84.1787488, 33.4963139], [-84.1771739, 33.5006347], [-84.1769572, 33.5033484], [-84.1769533, 33.5056748], [-84.1769533, 33.5086916], [-84.1768903, 33.5117769], [-84.173674, 33.5137924], [-84.1704003, 33.5159282], [-84.1666507, 33.5158831], [-84.1624289, 33.5158153], [-84.1568025, 33.5157411], [-84.1529948, 33.5156701], [-84.1529987, 33.5183253], [-84.1529785, 33.5207876], [-84.1530017, 33.5237878], [-84.148482, 33.5237039], [-84.1444189, 33.5237168], [-84.140334, 33.5236983], [-84.1361859, 33.5236847], [-84.1314796, 33.5236162], [-84.1278459, 33.5235569], [-84.1278286, 33.5269586], [-84.1278058, 33.5307897], [-84.1277537, 33.5327448], [-84.1277938, 33.5356608], [-84.1277905, 33.5386945], [-84.1277189, 33.5417253], [-84.1276474, 33.5445934], [-84.1275303, 33.5480333], [-84.1275173, 33.5505569], [-84.1274718, 33.5536904], [-84.1274132, 33.5571598], [-84.1273547, 33.5612903], [-84.1273742, 33.564754], [-84.1273352, 33.5677081], [-84.1273677, 33.5707433], [-84.1276157, 33.5725684], [-84.1278231, 33.5740945], [-84.1277632, 33.5768668], [-84.1276738, 33.5805532], [-84.1271748, 33.5835649], [-84.1271748, 33.5858942], [-84.1271372, 33.5896234], [-84.1271607, 33.5929328], [-84.1272389, 33.5972102], [-84.1273707, 33.6004174], [-84.1273848, 33.6037891], [-84.1274507, 33.6069804], [-84.1272577, 33.6094424], [-84.1268811, 33.6139703], [-84.1267563, 33.6157603], [-84.1264911, 33.6193108], [-84.1260395, 33.6215827], [-84.1254529, 33.6248699], [-84.1253423, 33.6254818], [-84.1246637, 33.6292349], [-84.1243557, 33.6322046], [-84.1240028, 33.63533]]}}, {"type": "Feature", "properties": {"power": "substation", "name": "Klondike Substation", "voltage": "500000;230000", "operator": "Georgia Power"}, "geometry": {"type": "Point", "coordinates": [-84.124812275, 33.63712735833334]}}, {"type": "Feature", "properties": {"power": "line", "name": "Villa Rica - Union 500kV #1", "voltage": "500000", "operator": "Georgia Power"}, "geometry": {"type": "LineString", "coordinates": [[-84.8558463, 33.7396116], [-84.8549489, 33.7359609], [-84.8536251, 33.7305474], [-84.8526792, 33.7267206], [-84.8517204, 33.7235452], [-84.8507317, 33.7202201], [-84.8497815, 33.7170693], [-84.8487842, 33.7137831], [-84.847911, 33.7108599], [-84.8483647, 33.7080257], [-84.8487456, 33.705608], [-84.8491651, 33.7029267], [-84.8465927, 33.7027486], [-84.8419526, 33.7024126], [-84.836879, 33.702046], [-84.8322325, 33.7017105], [-84.8270323, 33.701335], [-84.824378, 33.7011397], [-84.8198071, 33.7008069], [-84.8137476, 33.7003766], [-84.8107322, 33.7001563], [-84.8077589, 33.699946], [-84.8050926, 33.7001263], [-84.8025888, 33.7001763], [-84.7978543, 33.7002517], [-84.7937953, 33.7003234], [-84.7896869, 33.7004054], [-84.7861329, 33.700472], [-84.7836383, 33.700513], [-84.7799242, 33.7003901], [-84.7750354, 33.700212], [-84.771121, 33.7000861], [-84.7676164, 33.6999603], [-84.7629834, 33.6998134], [-84.7591888, 33.6996771], [-84.7553563, 33.6995617], [-84.7520345, 33.6994464], [-84.7478816, 33.6993425], [-84.7445278, 33.6992501], [-84.741174, 33.6991703], [-84.7376838, 33.6990736], [-84.7328147, 33.6989349], [-84.7276074, 33.6988029], [-84.7245669, 33.6987212], [-84.7206979, 33.6986161], [-84.7166673, 33.6985111], [-84.7135004, 33.6984228], [-84.7111836, 33.6983636], [-84.7074892, 33.6978134], [-84.7025247, 33.6970705], [-84.7002032, 33.6967259], [-84.6956902, 33.6960501], [-84.6912427, 33.6953707], [-84.6862067, 33.6946479], [-84.6799422, 33.693694], [-84.6725103, 33.6919519], [-84.6696728, 33.6912469], [-84.6669005, 33.691733], [-84.6628182, 33.6913944], [-84.659344, 33.6910982], [-84.6543308, 33.6905935], [-84.6497738, 33.6901555], [-84.6460941, 33.6898677], [-84.6419883, 33.6894923], [-84.6377271, 33.6891044], [-84.6335862, 33.6887164], [-84.6305983, 33.688437], [-84.6259712, 33.6880198], [-84.6227276, 33.6877111], [-84.6183629, 33.6873242], [-84.615636, 33.6870623], [-84.6105007, 33.6865779], [-84.6064203, 33.6862207], [-84.6020771, 33.6858523], [-84.5988602, 33.6855372], [-84.5948071, 33.6851606], [-84.5920133, 33.6849355], [-84.589121, 33.6848782], [-84.5864698, 33.6848946], [-84.5844531, 33.6848864], [-84.5844728, 33.6833147], [-84.5844679, 33.6799543], [-84.5845711, 33.6767575], [-84.5846056, 33.6729506], [-84.5845957, 33.6699378], [-84.5845761, 33.6656475], [-84.5843941, 33.6623151], [-84.58434, 33.6597645], [-84.5843055, 33.6579917], [-84.5808278, 33.6579817], [-84.5783192, 33.6579306], [-84.5737274, 33.6579375], [-84.5737286, 33.6552955], [-84.573721, 33.6518909], [-84.5737796, 33.6492492], [-84.5738031, 33.6465392], [-84.5738148, 33.6439023], [-84.5738383, 33.6408844], [-84.5692255, 33.6408038], [-84.5646331, 33.6407336], [-84.5606968, 33.6407136], [-84.5577235, 33.6406835], [-84.5551891, 33.6403446], [-84.5552175, 33.6384762], [-84.5552019, 33.635478], [-84.5550877, 33.6337672], [-84.5549788, 33.6325791], [-84.5549788, 33.6298183], [-84.5550151, 33.6267939], [-84.5550462, 33.6225682], [-84.5550825, 33.6196343], [-84.5551396, 33.6160997], [-84.5529686, 33.6147682], [-84.549347, 33.6125924], [-84.5456246, 33.6103458], [-84.5438404, 33.60928], [-84.5412245, 33.6058776], [-84.5388083, 33.6027408], [-84.53742, 33.6008973], [-84.5346875, 33.5973778], [-84.5321923, 33.5941631], [-84.5293696, 33.5904227], [-84.527026, 33.5874158], [-84.5253339, 33.5852482], [-84.5234615, 33.5828017], [-84.5210598, 33.5796346], [-84.5186358, 33.5765186], [-84.5164093, 33.5736535], [-84.5132301, 33.5727147], [-84.5089, 33.571464], [-84.5089017, 33.5687801], [-84.5089197, 33.5644733], [-84.5089783, 33.5610225], [-84.5090311, 33.5576351], [-84.509289, 33.5552204]]}}, {"type": "Feature", "properties": {"power": "line", "name": "Villa Rica - Union 500kV #2", "voltage": "500000", "operator": "Georgia Power"}, "geometry": {"type": "LineString", "coordinates": [[-84.8562728, 33.7395248], [-84.8554978, 33.7364831], [-84.854225, 33.7313322], [-84.8539355, 33.7301441], [-84.8530729, 33.7266528], [-84.8520788, 33.7232994], [-84.8512304, 33.7204646], [-84.8504904, 33.7179879], [-84.8498684, 33.7159984], [-84.8490944, 33.7133962], [-84.8483299, 33.7108585], [-84.8487778, 33.7079833], [-84.8492379, 33.7050475], [-84.8496132, 33.7026253], [-84.8463615, 33.7023997], [-84.84175, 33.7020544], [-84.8363024, 33.7016578], [-84.8324167, 33.7013852], [-84.8282885, 33.7010842], [-84.8245305, 33.7008187], [-84.8201108, 33.7004958], [-84.8154419, 33.7001627], [-84.8112535, 33.6998502], [-84.807835, 33.6996093], [-84.8050324, 33.6997733], [-84.802581, 33.6998245], [-84.7977335, 33.6999116], [-84.7939577, 33.699968], [-84.7902867, 33.7000398], [-84.7869052, 33.7001012], [-84.7836468, 33.7001679], [-84.77952, 33.7000193], [-84.7782411, 33.6999778], [-84.7777925, 33.6999632], [-84.7749952, 33.6998724], [-84.7710998, 33.6997308], [-84.7676392, 33.6996154], [-84.7630756, 33.6994476], [-84.7591675, 33.6993375], [-84.7553477, 33.6992064], [-84.7521897, 33.699112], [-84.747928, 33.6990032], [-84.7442762, 33.6988981], [-84.7375483, 33.6987216], [-84.7328055, 33.6985998], [-84.7281486, 33.6984779], [-84.7256332, 33.6984065], [-84.7227593, 33.6983266], [-84.7193966, 33.6982364], [-84.7167802, 33.6981705], [-84.7136016, 33.6980813], [-84.7112265, 33.6980189], [-84.7079954, 33.697523], [-84.7033889, 33.6968506], [-84.7006614, 33.6964472], [-84.6958328, 33.6957454], [-84.6914576, 33.6950323], [-84.6883995, 33.6945964], [-84.6862831, 33.6942948], [-84.6827552, 33.6937677], [-84.6800099, 33.6933576], [-84.6725566, 33.6915863], [-84.669699, 33.6909273], [-84.6668816, 33.6913986], [-84.662475, 33.6909982], [-84.6590774, 33.6906955], [-84.6551558, 33.6903225], [-84.6527344, 33.6900972], [-84.6473251, 33.6896175], [-84.6423813, 33.6891973], [-84.63786, 33.6887711], [-84.633794, 33.6883877], [-84.6306568, 33.6880986], [-84.6261796, 33.6876798], [-84.6231169, 33.6874084], [-84.6185404, 33.6869984], [-84.615499, 33.6867005], [-84.6105933, 33.6862393], [-84.6065454, 33.6858989], [-84.6020997, 33.6854774], [-84.5989555, 33.6851995], [-84.5949275, 33.6848148], [-84.592065, 33.684566], [-84.5898564, 33.6845515], [-84.5870844, 33.6845631], [-84.5848827, 33.6845283], [-84.5848862, 33.6827513], [-84.5849495, 33.6793786], [-84.5849643, 33.6770823], [-84.5850086, 33.6736521], [-84.5850233, 33.6701194], [-84.5849791, 33.6656572], [-84.5848118, 33.6623739], [-84.584743, 33.6597046], [-84.5846952, 33.6576718], [-84.5807478, 33.6576112], [-84.5782494, 33.6575758], [-84.5741248, 33.6575931], [-84.5741375, 33.6553447], [-84.5741458, 33.653031], [-84.5741538, 33.6513508], [-84.5741675, 33.6492503], [-84.5742027, 33.6467843], [-84.574232, 33.6439399], [-84.5742672, 33.6405533], [-84.5697471, 33.6404516], [-84.5657412, 33.6403921], [-84.5616725, 33.6403709], [-84.5577698, 33.6403425], [-84.5556078, 33.6400378], [-84.555646, 33.6380975], [-84.5556616, 33.6354839], [-84.5555059, 33.6338335], [-84.5554073, 33.6327448], [-84.5554177, 33.6293576], [-84.5554333, 33.6268041], [-84.5554748, 33.6224229], [-84.5555318, 33.6192211], [-84.555563, 33.6159025], [-84.553438, 33.6146252], [-84.5497793, 33.6124229], [-84.5463011, 33.6103311], [-84.5441345, 33.6090397], [-84.5412723, 33.6053071], [-84.5390955, 33.6024594], [-84.5377675, 33.6007433], [-84.5353771, 33.5976126], [-84.5335823, 33.5953332], [-84.531868, 33.5930753], [-84.5297462, 33.5903841], [-84.5275815, 33.5875226], [-84.5257433, 33.5851047], [-84.523831, 33.5826251], [-84.5213099, 33.5793156], [-84.518972, 33.5763238], [-84.5166951, 33.5733625], [-84.5136286, 33.5724673], [-84.5093106, 33.5712233], [-84.5093106, 33.5687555], [-84.5093474, 33.5643725], [-84.509393, 33.5611997], [-84.5094469, 33.55765], [-84.5097453, 33.5552706]]}}, {"type": "Feature", "properties": {"power": "line", "name": "", "voltage": "230000", "operator": ""}, "geometry": {"type": "LineString", "coordinates": [[-84.5099678, 33.5518676], [-84.5108991, 33.5518895], [-84.5115883, 33.5519339], [-84.5115339, 33.5540282], [-84.5114965, 33.5556942], [-84.5083982, 33.5556389], [-84.5083443, 33.5581276], [-84.5083069, 33.5610931], [-84.5082737, 33.5644975], [-84.5082513, 33.568675], [-84.5082278, 33.5718665], [-84.5117124, 33.5729024], [-84.5160022, 33.5741218], [-84.5184803, 33.5773381], [-84.5205735, 33.5800487], [-84.5227635, 33.5828787], [-84.5237071, 33.5841264], [-84.5237441, 33.5855719]]}}, {"type": "Feature", "properties": {"power": "line", "name": "", "voltage": "230000", "operator": ""}, "geometry": {"type": "LineString", "coordinates": [[-84.5099844, 33.5516571], [-84.5118241, 33.5517574], [-84.5117772, 33.5540332], [-84.5117275, 33.5558859], [-84.5086415, 33.5558444], [-84.5086024, 33.5581261], [-84.5085606, 33.5610916], [-84.5085288, 33.5644852], [-84.5085112, 33.5687033], [-84.5084819, 33.571709], [-84.5119275, 33.5727357], [-84.516159, 33.5740132], [-84.5186949, 33.5772237], [-84.5207824, 33.5799224], [-84.52296, 33.5827593], [-84.5242334, 33.5844248], [-84.5251476, 33.5855943], [-84.5270072, 33.588028], [-84.5291682, 33.5908613], [-84.531325, 33.5936702], [-84.5329799, 33.5958157], [-84.534581, 33.5978748], [-84.5365014, 33.6003104], [-84.5378139, 33.602401]]}}, {"type": "Feature", "properties": {"power": "line", "name": "Klondike - Norcross 500kV", "voltage": "500000", "operator": "Georgia Power"}, "geometry": {"type": "LineString", "coordinates": [[-84.2120823, 33.9319064], [-84.2079903, 33.9332607], [-84.2050259, 33.9338747], [-84.2015647, 33.9346279], [-84.1979899, 33.9354213], [-84.1944152, 33.9360744], [-84.1920863, 33.9327307], [-84.1900019, 33.9297168], [-84.1876884, 33.9263914], [-84.1853517, 33.9231432], [-84.1832539, 33.9200788], [-84.1815256, 33.9176824], [-84.1767539, 33.9179023], [-84.1729386, 33.9180323], [-84.1713342, 33.9157199], [-84.169682, 33.9133934], [-84.1678153, 33.9106483], [-84.1653013, 33.9070098], [-84.1632865, 33.9040092], [-84.1613354, 33.9011903], [-84.1603526, 33.8990231], [-84.159076, 33.896076], [-84.1562288, 33.8919452], [-84.1540562, 33.88881], [-84.1521822, 33.8858306], [-84.1505057, 33.883367], [-84.1488099, 33.8809074], [-84.1471864, 33.8785437], [-84.1456111, 33.8762639], [-84.1446187, 33.874828], [-84.1420799, 33.8737983], [-84.1391806, 33.8726208], [-84.1359888, 33.8713141], [-84.1318397, 33.8696312], [-84.128049, 33.8680657], [-84.124749, 33.8667177], [-84.120924, 33.8653096], [-84.1164196, 33.8638015], [-84.1121961, 33.8624639], [-84.1080146, 33.8611078], [-84.1047194, 33.8600236], [-84.1017133, 33.8590795], [-84.0979701, 33.8578674], [-84.092719, 33.8560751], [-84.090609, 33.8521984], [-84.0891396, 33.8496178], [-84.0871794, 33.8475669], [-84.0837296, 33.8439203], [-84.0808873, 33.8409634], [-84.0814798, 33.8367378], [-84.0791915, 33.8328803], [-84.0788495, 33.8302071], [-84.0785027, 33.8276011], [-84.0782313, 33.8254212], [-84.0778015, 33.8224234], [-84.0773979, 33.8193133], [-84.0747219, 33.815537], [-84.0723758, 33.8121828], [-84.0689458, 33.8073074], [-84.0669802, 33.8044813], [-84.064451, 33.8008184], [-84.0624036, 33.797828], [-84.0609776, 33.7957622], [-84.0602646, 33.7927035], [-84.0593252, 33.7891523], [-84.0583714, 33.7855408], [-84.0574994, 33.7823736], [-84.0565937, 33.7791823], [-84.0557892, 33.7762351], [-84.054943, 33.7730241], [-84.0538061, 33.7690155], [-84.0529245, 33.7654152], [-84.052144, 33.7622312], [-84.0510408, 33.7575973], [-84.0528137, 33.7530672], [-84.0544131, 33.7489575], [-84.056088, 33.7446483], [-84.0573167, 33.7414968], [-84.05806, 33.7394273], [-84.0591439, 33.7367192], [-84.0603387, 33.7336423], [-84.061466, 33.7307217], [-84.0637543, 33.7276166], [-84.0660956, 33.7243631], [-84.0685043, 33.7211095], [-84.0703687, 33.718513], [-84.0731869, 33.7146862], [-84.0754511, 33.7108031], [-84.0771373, 33.7078816], [-84.0790748, 33.7051747], [-84.0792121, 33.7035214], [-84.0794096, 33.701179], [-84.0792894, 33.6976224], [-84.0793838, 33.6943049], [-84.0794439, 33.6912052], [-84.0795169, 33.6872017], [-84.0795684, 33.6835589], [-84.0796328, 33.6802015], [-84.0796757, 33.6774977], [-84.0829291, 33.674476], [-84.0854092, 33.6722167], [-84.0879323, 33.6698169], [-84.0870765, 33.6661493], [-84.0864027, 33.6633757], [-84.0857937, 33.6609157], [-84.0848191, 33.6568458], [-84.0864931, 33.6551488], [-84.0892572, 33.6523549], [-84.0923347, 33.6492464], [-84.0954464, 33.6460271], [-84.0966455, 33.6448097], [-84.0978114, 33.643626], [-84.099451, 33.6419644], [-84.1035972, 33.6415178], [-84.1070809, 33.6411459], [-84.1114108, 33.6406886], [-84.1147675, 33.6403298], [-84.1198828, 33.6397798], [-84.1233033, 33.6394118], [-84.1233414, 33.6377012]]}}, {"type": "Feature", "properties": {"power": "substation", "name": "", "voltage": "230000", "operator": ""}, "geometry": {"type": "Point", "coordinates": [-84.52633786, 33.61433136]}}, {"type": "Feature", "properties": {"power": "substation", "name": "Singleton Substation", "voltage": "230000", "operator": "Georgia Power"}, "geometry": {"type": "Point", "coordinates": [-84.16730441666667, 33.910333]}}, {"type": "Feature", "properties": {"power": "substation", "name": "", "voltage": "230000", "operator": ""}, "geometry": {"type": "Point", "coordinates": [-84.52385898, 33.5858332]}}, {"type": "Feature", "properties": {"power": "line", "name": "O'Hara - Union 500kV", "voltage": "500000", "operator": "Georgia Power"}, "geometry": {"type": "LineString", "coordinates": [[-84.5071782, 33.5534274], [-84.5071788, 33.5526526], [-84.5071788, 33.5514145], [-84.5072552, 33.5463982], [-84.5073104, 33.5435355], [-84.5026277, 33.5434631], [-84.4963377, 33.5433762], [-84.4918287, 33.543293], [-84.4885361, 33.5432568], [-84.4884449, 33.5401938], [-84.4884362, 33.5374276], [-84.4884959, 33.5335433], [-84.4884959, 33.5300689], [-84.488584, 33.5276006], [-84.4886028, 33.5251007], [-84.4883954, 33.5219247], [-84.4881247, 33.518206], [-84.4878491, 33.5138104], [-84.4879459, 33.5105579], [-84.4880439, 33.5068219], [-84.4881417, 33.5034859], [-84.4881862, 33.5013359], [-84.4882738, 33.497681], [-84.4853462, 33.4947864], [-84.4830386, 33.4925077], [-84.4809618, 33.4904559], [-84.4789657, 33.4884016], [-84.4766092, 33.4861441], [-84.4734702, 33.4861366], [-84.4703813, 33.4861214], [-84.4666464, 33.4855257], [-84.4627386, 33.4848997], [-84.4577799, 33.4841294], [-84.4543561, 33.4835755], [-84.4511073, 33.4830753], [-84.4482751, 33.4830341], [-84.445048, 33.4829971], [-84.4425415, 33.4831752], [-84.4391077, 33.4834453], [-84.4361611, 33.4836786], [-84.4329421, 33.4836663], [-84.4289294, 33.4836388], [-84.4256892, 33.4835961], [-84.4206705, 33.4836], [-84.4170298, 33.4835689], [-84.4137058, 33.4835728], [-84.4105074, 33.4835844], [-84.4070483, 33.4835262], [-84.4037646, 33.4838397], [-84.4002037, 33.4841994], [-84.3971945, 33.4845177], [-84.3930457, 33.4849457], [-84.3891033, 33.4853305], [-84.3858636, 33.4856166], [-84.3814757, 33.4855689], [-84.3779119, 33.485553], [-84.3733334, 33.4855013], [-84.36845, 33.4854616], [-84.3667377, 33.483808]]}}, {"type": "Feature", "properties": {"power": "substation", "name": "", "voltage": "115000", "operator": "Georgia Power"}, "geometry": {"type": "Point", "coordinates": [-84.61733621428571, 33.68671281428571]}}, {"type": "Feature", "properties": {"power": "line", "name": "", "voltage": "230000", "operator": ""}, "geometry": {"type": "LineString", "coordinates": [[-84.5262094, 33.6141209], [-84.5269193, 33.6131931]]}}, {"type": "Feature", "properties": {"power": "line", "name": "Norcross - South Hall 500kV", "voltage": "500000", "operator": "Georgia Power"}, "geometry": {"type": "LineString", "coordinates": [[-84.0938175, 33.9606206], [-84.0918642, 33.9615669], [-84.089701, 33.9626391], [-84.0849701, 33.9648726], [-84.07996, 33.9661399], [-84.0762114, 33.9671988], [-84.0718947, 33.968445], [-84.0674176, 33.9697228], [-84.0653135, 33.9732135], [-84.0635838, 33.9761893], [-84.0613624, 33.9801303], [-84.0591875, 33.9827519], [-84.0567405, 33.9856907], [-84.0546185, 33.9882427], [-84.0524048, 33.9909341], [-84.0513839, 33.9942626], [-84.0504396, 33.997423], [-84.0491855, 34.0007925], [-84.0477517, 34.0046151], [-84.0445286, 34.0065929], [-84.0417796, 34.0082441], [-84.0391185, 34.0098003], [-84.034366, 34.0116639], [-84.0304085, 34.0132184], [-84.026979, 34.0160897], [-84.0241458, 34.0185045], [-84.0215918, 34.0206785], [-84.019229, 34.0226939], [-84.0153336, 34.0261334], [-84.0123054, 34.0289345], [-84.0111744, 34.0299897], [-84.0096597, 34.0314029], [-84.0069909, 34.0339123], [-84.0034932, 34.037028], [-84.0000709, 34.0394799], [-83.9971033, 34.0415726], [-83.9942711, 34.0435265], [-83.9917579, 34.0456045], [-83.9880771, 34.0486052], [-83.9856987, 34.050572], [-83.9833707, 34.0525042], [-83.979321, 34.055801], [-83.9748448, 34.0592566], [-83.9718711, 34.0615678], [-83.9698247, 34.0631723], [-83.9662054, 34.0659761], [-83.9633609, 34.0681153], [-83.9597692, 34.0708644], [-83.955516, 34.074086], [-83.9520423, 34.0767002], [-83.9486488, 34.0793066], [-83.9448566, 34.0812278], [-83.9413429, 34.0830329], [-83.9373989, 34.0850258], [-83.9336935, 34.0869183], [-83.9300821, 34.0887459], [-83.9272914, 34.0901785], [-83.9240065, 34.0919813], [-83.9210015, 34.0936176], [-83.9174682, 34.0955261], [-83.9135046, 34.097684], [-83.9097523, 34.0997285], [-83.9053152, 34.1021747], [-83.9018503, 34.1040882], [-83.8974024, 34.1063182], [-83.8932627, 34.1083949], [-83.8903008, 34.1098949], [-83.8873115, 34.1115341], [-83.8821153, 34.1143751], [-83.8779946, 34.1166521], [-83.8764079, 34.1186862], [-83.8736578, 34.1221906], [-83.8700704, 34.1266955], [-83.8686416, 34.1285289], [-83.8649858, 34.1331758], [-83.8629637, 34.1357445], [-83.8598244, 34.1386179], [-83.8567853, 34.1413554], [-83.8539223, 34.1438111], [-83.8499341, 34.1472145], [-83.8477279, 34.1491365], [-83.8453294, 34.1522281], [-83.8428107, 34.1556179], [-83.8400358, 34.1592859], [-83.836348, 34.1616947], [-83.8335451, 34.1635402], [-83.8306403, 34.1654343], [-83.8292019, 34.1663831], [-83.8283299, 34.1681659], [-83.8271123, 34.170672], [-83.825871, 34.1732594], [-83.8242373, 34.1766086], [-83.8227757, 34.1796264], [-83.8204856, 34.1836654], [-83.8180144, 34.1880533], [-83.8156534, 34.1921709], [-83.8134813, 34.1960994], [-83.8115098, 34.1995949], [-83.8095384, 34.203074], [-83.8070554, 34.2073763], [-83.8051076, 34.2108355], [-83.8038444, 34.2144963], [-83.8030293, 34.2167968]]}}, {"type": "Feature", "properties": {"power": "substation", "name": "", "voltage": "230000", "operator": "Georgia Power"}, "geometry": {"type": "Point", "coordinates": [-84.14987646, 33.94782242]}}, {"type": "Feature", "properties": {"power": "substation", "name": "", "voltage": "115000;12470", "operator": "Georgia Power"}, "geometry": {"type": "Point", "coordinates": [-84.08127788333333, 33.96661408333333]}}, {"type": "Feature", "properties": {"power": "substation", "name": "", "voltage": "115000", "operator": "Georgia Power"}, "geometry": {"type": "Point", "coordinates": [-84.17798786249999, 33.9407385]}}, {"type": "Feature", "properties": {"power": "line", "name": "", "voltage": "230000", "operator": ""}, "geometry": {"type": "LineString", "coordinates": [[-84.5099832, 33.5515137], [-84.5111639, 33.5513973], [-84.5158172, 33.5503386], [-84.521218, 33.5491094], [-84.5250656, 33.5482433], [-84.5294682, 33.5472406], [-84.5333977, 33.546359], [-84.5364967, 33.5456667], [-84.5410296, 33.5446609], [-84.5441621, 33.5436086], [-84.5472983, 33.5425903], [-84.5511095, 33.5413224], [-84.5562691, 33.5396167], [-84.5587471, 33.5387906]]}}, {"type": "Feature", "properties": {"power": "line", "name": "", "voltage": "115000", "operator": "Georgia Power"}, "geometry": {"type": "LineString", "coordinates": [[-84.54153, 33.5437876], [-84.5407823, 33.54412], [-84.5391134, 33.5444837], [-84.5365899, 33.545058], [-84.5341188, 33.5456128], [-84.5315877, 33.5461967], [-84.5289118, 33.5467937], [-84.5258699, 33.5474852], [-84.5231308, 33.5480932], [-84.520339, 33.5487166], [-84.5175103, 33.5493729], [-84.5155929, 33.5497965], [-84.5113552, 33.5507513], [-84.5098013, 33.5507228], [-84.5080065, 33.5506835], [-84.5080045, 33.5515271], [-84.5046866, 33.5523259], [-84.5029147, 33.5527839], [-84.5005292, 33.553346], [-84.4988228, 33.553748], [-84.4974517, 33.5540692], [-84.4943807, 33.5548077], [-84.4922964, 33.5553111], [-84.4898875, 33.5559006], [-84.4863986, 33.5567522], [-84.4847498, 33.557155], [-84.4817015, 33.5579101], [-84.4790131, 33.5585898], [-84.4761737, 33.5592988], [-84.4737245, 33.5599029], [-84.4721764, 33.5602951], [-84.4707064, 33.5606685], [-84.4689418, 33.5611027], [-84.4674793, 33.5614677], [-84.4660848, 33.5618096], [-84.4648891, 33.5621053], [-84.4637337, 33.5623822], [-84.4617502, 33.5637603], [-84.4597741, 33.5651153], [-84.4579592, 33.5663423], [-84.4562696, 33.5675075], [-84.4548766, 33.5684493], [-84.4536279, 33.5692946], [-84.4521139, 33.570363], [-84.4496807, 33.5713949], [-84.4480226, 33.57212], [-84.4458726, 33.5730489], [-84.4434626, 33.5741001], [-84.4416963, 33.5748509], [-84.439088, 33.5759921], [-84.4362867, 33.5771956], [-84.4338973, 33.578236], [-84.4317396, 33.5791755], [-84.4298343, 33.5800057], [-84.4278955, 33.5808444], [-84.4247645, 33.5822087], [-84.4219266, 33.583444], [-84.4193681, 33.5845586], [-84.4179611, 33.5850429]]}}, {"type": "Feature", "properties": {"power": "line", "name": "", "voltage": "230000;115000", "operator": ""}, "geometry": {"type": "LineString", "coordinates": [[-84.618522, 33.519335], [-84.613518, 33.521035], [-84.6093663, 33.5224463], [-84.6064871, 33.5234337], [-84.6027177, 33.5247255], [-84.5981873, 33.5260088], [-84.5947792, 33.5269792], [-84.5902966, 33.5282526], [-84.5866357, 33.5292801], [-84.5815314, 33.5309311], [-84.57756, 33.5322111], [-84.5743284, 33.5332561], [-84.570901, 33.5343634], [-84.5669342, 33.5356643], [-84.5632207, 33.5368875], [-84.559232, 33.5381987], [-84.5565799, 33.5390787], [-84.551857, 33.5406434], [-84.5489518, 33.5416027], [-84.5456889, 33.5426892], [-84.5428805, 33.5436143], [-84.5408766, 33.54426], [-84.536217, 33.5453124], [-84.5327345, 33.5460885], [-84.5287267, 33.5470074], [-84.5243762, 33.5479852], [-84.5208974, 33.5487706], [-84.515612, 33.5499719], [-84.5109227, 33.5510304], [-84.5081699, 33.5516587], [-84.5049579, 33.5524285], [-84.5027633, 33.5529646], [-84.4983374, 33.5540346], [-84.4937795, 33.5551322], [-84.4912306, 33.5557463], [-84.486439, 33.5569151], [-84.482007, 33.5580186], [-84.4781196, 33.5589857], [-84.4742394, 33.5599439], [-84.4700814, 33.5609881], [-84.4668669, 33.5617772]]}}, {"type": "Feature", "properties": {"power": "line", "name": "", "voltage": "230000", "operator": ""}, "geometry": {"type": "LineString", "coordinates": [[-84.6236159, 33.5182017], [-84.6228534, 33.5183989], [-84.6216974, 33.518477], [-84.6202797, 33.5189402], [-84.6184386, 33.5195605], [-84.6132892, 33.5213171], [-84.6088505, 33.5228318], [-84.606314, 33.5237074], [-84.6028016, 33.5249029], [-84.5976094, 33.526384], [-84.5935532, 33.5275267], [-84.5899216, 33.5285668], [-84.5867259, 33.5294641], [-84.5819992, 33.5309793], [-84.5778834, 33.5323175], [-84.575563, 33.5330595], [-84.5722591, 33.53414], [-84.5699945, 33.5348634], [-84.5637966, 33.5369094], [-84.5595952, 33.5382941], [-84.5563459, 33.53938], [-84.5510302, 33.5411428], [-84.547205, 33.5424063], [-84.5440725, 33.5434153], [-84.5409624, 33.5444739], [-84.5388505, 33.5449178], [-84.5364369, 33.5454642], [-84.532932, 33.5462433], [-84.5311329, 33.5466655], [-84.5292184, 33.547097], [-84.525166, 33.5480035], [-84.5211656, 33.5489068], [-84.5160442, 33.5500771], [-84.5117422, 33.5510518], [-84.5111206, 33.5511854], [-84.5099885, 33.5513207]]}}, {"type": "Feature", "properties": {"power": "substation", "name": "East Point 12kV Switching Station", "voltage": "12000", "operator": ""}, "geometry": {"type": "Point", "coordinates": [-84.46225978333332, 33.675430483333336]}}, {"type": "Feature", "properties": {"power": "line", "name": "", "voltage": "230000", "operator": ""}, "geometry": {"type": "LineString", "coordinates": [[-84.2964217, 33.6631867], [-84.2984391, 33.6635202], [-84.2999394, 33.6637684], [-84.3032535, 33.6643313], [-84.3056914, 33.6647481], [-84.3071917, 33.6650021], [-84.3099648, 33.6654694], [-84.3121501, 33.665836], [-84.3139896, 33.6661526], [-84.3161007, 33.666502], [-84.3182298, 33.6668701]]}}, {"type": "Feature", "properties": {"power": "line", "name": "", "voltage": "230000;115000", "operator": ""}, "geometry": {"type": "LineString", "coordinates": [[-84.3318015, 33.6003015], [-84.3312325, 33.5982742], [-84.330652, 33.5964118], [-84.3303105, 33.5952807], [-84.3302267, 33.5950091], [-84.3298676, 33.593845], [-84.3297065, 33.5933079], [-84.3296853, 33.5932371], [-84.3294187, 33.5923483], [-84.3289243, 33.590752], [-84.328555, 33.5895642], [-84.3279436, 33.5875662], [-84.3273845, 33.5856959], [-84.327219, 33.5852744]]}}, {"type": "Feature", "properties": {"power": "substation", "name": "Morrow Substation", "voltage": "230000", "operator": "Georgia Power"}, "geometry": {"type": "Point", "coordinates": [-84.3335334375, 33.6061300375]}}, {"type": "Feature", "properties": {"power": "substation", "name": "", "voltage": "230000", "operator": "Georgia Power"}, "geometry": {"type": "Point", "coordinates": [-84.3726575, 33.7266171125]}}, {"type": "Feature", "properties": {"power": "line", "name": "", "voltage": "115000", "operator": ""}, "geometry": {"type": "LineString", "coordinates": [[-84.41808, 33.5851538], [-84.4190007, 33.5849091]]}}, {"type": "Feature", "properties": {"power": "line", "name": "", "voltage": "230000", "operator": ""}, "geometry": {"type": "LineString", "coordinates": [[-84.3505736, 33.7105691], [-84.351156, 33.7108807], [-84.3531616, 33.7120621], [-84.3556515, 33.7135264], [-84.3570453, 33.7143374], [-84.3582372, 33.7150314], [-84.3601034, 33.7161389], [-84.3619437, 33.7172249], [-84.3628611, 33.7177557], [-84.3638166, 33.7183173], [-84.3650528, 33.7191954], [-84.3667741, 33.7204189], [-84.3682132, 33.7214458], [-84.3697928, 33.7225751], [-84.3709831, 33.7234155], [-84.3724764, 33.7245018]]}}, {"type": "Feature", "properties": {"power": "line", "name": "", "voltage": "230000", "operator": ""}, "geometry": {"type": "LineString", "coordinates": [[-84.3749665, 33.5950406], [-84.3708939, 33.5933209], [-84.3661009, 33.593144], [-84.3610244, 33.5929488], [-84.3572756, 33.5946793], [-84.3530716, 33.594645], [-84.3505657, 33.5946192], [-84.3469738, 33.5945647], [-84.3428129, 33.5945116], [-84.3382389, 33.5947979], [-84.3359155, 33.5949217], [-84.3358693, 33.5967717], [-84.3358263, 33.5986161], [-84.3358395, 33.6013743], [-84.335476, 33.6026653], [-84.3323065, 33.6025993], [-84.3333807, 33.6049941]]}}, {"type": "Feature", "properties": {"power": "line", "name": "", "voltage": "230000", "operator": ""}, "geometry": {"type": "LineString", "coordinates": [[-84.3332346, 33.6058345], [-84.3330958, 33.6071479]]}}, {"type": "Feature", "properties": {"power": "line", "name": "", "voltage": "230000", "operator": ""}, "geometry": {"type": "LineString", "coordinates": [[-84.3319724, 33.6023858], [-84.3318015, 33.6003015]]}}, {"type": "Feature", "properties": {"power": "line", "name": "", "voltage": "230000", "operator": ""}, "geometry": {"type": "LineString", "coordinates": [[-84.3331086, 33.6056141], [-84.3328202, 33.6044867]]}}, {"type": "Feature", "properties": {"power": "line", "name": "", "voltage": "230000", "operator": ""}, "geometry": {"type": "LineString", "coordinates": [[-84.3330738, 33.60584], [-84.3330958, 33.6071479]]}}, {"type": "Feature", "properties": {"power": "line", "name": "", "voltage": "230000", "operator": ""}, "geometry": {"type": "LineString", "coordinates": [[-84.3334475, 33.6056218], [-84.3333807, 33.6049941]]}}, {"type": "Feature", "properties": {"power": "line", "name": "", "voltage": "230000", "operator": ""}, "geometry": {"type": "LineString", "coordinates": [[-84.3326898, 33.60564], [-84.3328202, 33.6044867]]}}, {"type": "Feature", "properties": {"power": "line", "name": "", "voltage": "230000", "operator": ""}, "geometry": {"type": "LineString", "coordinates": [[-84.3352908, 33.6024539], [-84.3319724, 33.6023858]]}}, {"type": "Feature", "properties": {"power": "line", "name": "", "voltage": "230000", "operator": ""}, "geometry": {"type": "LineString", "coordinates": [[-84.3332699, 33.6056067], [-84.3333807, 33.6049941]]}}, {"type": "Feature", "properties": {"power": "line", "name": "", "voltage": "230000", "operator": ""}, "geometry": {"type": "LineString", "coordinates": [[-84.3724666, 33.7261742], [-84.3724764, 33.7245018]]}}, {"type": "Feature", "properties": {"power": "line", "name": "", "voltage": "230000", "operator": ""}, "geometry": {"type": "LineString", "coordinates": [[-84.3724764, 33.7245018], [-84.3722768, 33.7261763]]}}, {"type": "Feature", "properties": {"power": "line", "name": "", "voltage": "230000", "operator": ""}, "geometry": {"type": "LineString", "coordinates": [[-84.3319724, 33.6023858], [-84.3328202, 33.6044867]]}}, {"type": "Feature", "properties": {"power": "line", "name": "", "voltage": "230000", "operator": ""}, "geometry": {"type": "LineString", "coordinates": [[-84.2964217, 33.6631867], [-84.2938705, 33.6627991], [-84.2911205, 33.6622831], [-84.289435, 33.6619874], [-84.2875866, 33.6617182], [-84.2853012, 33.6611352], [-84.2831767, 33.6606222], [-84.28059, 33.6600057], [-84.2780032, 33.6593694], [-84.2755232, 33.6587824], [-84.2735261, 33.6582965], [-84.2708149, 33.6576356], [-84.2686341, 33.6571127], [-84.2663881, 33.6565676], [-84.2649629, 33.6562297], [-84.2640265, 33.6560004], [-84.2619702, 33.655512], [-84.2591464, 33.6548658], [-84.2566959, 33.6542665], [-84.2545537, 33.6537411], [-84.2530336, 33.6533687], [-84.251395, 33.6529765], [-84.2490157, 33.6524068], [-84.2466512, 33.651874], [-84.244826, 33.651393]]}}, {"type": "Feature", "properties": {"power": "line", "name": "", "voltage": "230000", "operator": ""}, "geometry": {"type": "LineString", "coordinates": [[-84.244826, 33.651393], [-84.2466201, 33.6516875], [-84.2490854, 33.6522154], [-84.2516988, 33.6528295], [-84.2530974, 33.6531699], [-84.2545558, 33.6535157], [-84.2566342, 33.6540284], [-84.2591023, 33.6546074], [-84.2620356, 33.6553085], [-84.2640009, 33.6557899], [-84.2650276, 33.6560375], [-84.2663769, 33.6563549], [-84.2687067, 33.656913], [-84.2709506, 33.6574542], [-84.273774, 33.6581316], [-84.2753619, 33.65851], [-84.2785543, 33.6592998], [-84.2798851, 33.6596152], [-84.283461, 33.6604858], [-84.2851486, 33.6608901], [-84.2876426, 33.6615208], [-84.2897741, 33.6618443], [-84.2910251, 33.6620453], [-84.2941483, 33.6626595], [-84.2964217, 33.6631867]]}}, {"type": "Feature", "properties": {"power": "line", "name": "", "voltage": "115000", "operator": ""}, "geometry": {"type": "LineString", "coordinates": [[-84.4178727, 33.5852409], [-84.4169814, 33.5857956]]}}, {"type": "Feature", "properties": {"power": "line", "name": "", "voltage": "230000", "operator": ""}, "geometry": {"type": "LineString", "coordinates": [[-84.244826, 33.651393], [-84.24318, 33.6510783], [-84.2421548, 33.6508884]]}}, {"type": "Feature", "properties": {"power": "line", "name": "", "voltage": "230000", "operator": ""}, "geometry": {"type": "LineString", "coordinates": [[-84.3182298, 33.6668701], [-84.3202592, 33.6669871], [-84.3208239, 33.6673011]]}}, {"type": "Feature", "properties": {"power": "line", "name": "", "voltage": "230000", "operator": ""}, "geometry": {"type": "LineString", "coordinates": [[-84.3208239, 33.6673011], [-84.3213015, 33.6682549], [-84.3220221, 33.6698637]]}}, {"type": "Feature", "properties": {"power": "line", "name": "", "voltage": "230000", "operator": ""}, "geometry": {"type": "LineString", "coordinates": [[-84.3220221, 33.6698637], [-84.3231239, 33.6716809], [-84.3236311, 33.6726442], [-84.3255005, 33.6763581], [-84.3264233, 33.6782169], [-84.3270774, 33.679474], [-84.3277221, 33.6807389], [-84.3286586, 33.6825991], [-84.3291434, 33.6835741], [-84.3297081, 33.6846824], [-84.3304104, 33.6860677], [-84.3307623, 33.6867617], [-84.3317129, 33.6886491], [-84.3327764, 33.6907323], [-84.3336377, 33.692463], [-84.3342447, 33.6936415], [-84.3348895, 33.694918], [-84.3356572, 33.6964301], [-84.3361397, 33.6973797], [-84.3370449, 33.6986809], [-84.3379034, 33.6998991], [-84.3394275, 33.7020502], [-84.3402062, 33.7031326], [-84.3408142, 33.7039905], [-84.3421733, 33.7050365], [-84.3445526, 33.7068304], [-84.3456478, 33.70766], [-84.3476681, 33.7088379], [-84.3486076, 33.7093782], [-84.3497996, 33.7100853], [-84.3505736, 33.7105691]]}}, {"type": "Feature", "properties": {"power": "line", "name": "", "voltage": "230000", "operator": ""}, "geometry": {"type": "LineString", "coordinates": [[-84.5091164, 33.5516402], [-84.5079604, 33.5519161], [-84.5034673, 33.5530023], [-84.4990515, 33.5540558], [-84.4943371, 33.5551995], [-84.4903075, 33.5561693], [-84.485212, 33.557431], [-84.4804638, 33.5585962], [-84.4752713, 33.5598919], [-84.470443, 33.5610995], [-84.4674352, 33.561849], [-84.4639524, 33.5627545], [-84.4611974, 33.5646018], [-84.4589783, 33.566114], [-84.4560335, 33.5681286], [-84.4523979, 33.5706516], [-84.4497407, 33.5717671], [-84.4469806, 33.5729685], [-84.4440711, 33.5742428], [-84.4409567, 33.5756221], [-84.4357096, 33.5778701], [-84.4312017, 33.5798177], [-84.4279937, 33.5812162], [-84.4244871, 33.582742], [-84.4216287, 33.5839797], [-84.4181335, 33.585511], [-84.4136016, 33.5874802], [-84.410936, 33.5886621], [-84.4072187, 33.5895794], [-84.4043968, 33.5902958], [-84.4004239, 33.5912974], [-84.3965308, 33.592284], [-84.3931424, 33.5931333], [-84.3888348, 33.5942272], [-84.3851675, 33.5951851], [-84.3808113, 33.5953473], [-84.3766658, 33.5955532], [-84.3749665, 33.5950406]]}}, {"type": "Feature", "properties": {"power": "line", "name": "", "voltage": "230000", "operator": ""}, "geometry": {"type": "LineString", "coordinates": [[-84.5091055, 33.551846], [-84.5081825, 33.5520785], [-84.5037032, 33.5531556], [-84.4990661, 33.5542671], [-84.494228, 33.5554365], [-84.4903813, 33.5563721], [-84.4852781, 33.5576294], [-84.4805242, 33.5588019], [-84.4755102, 33.5600521], [-84.4705151, 33.5612922], [-84.4675283, 33.562026], [-84.4640945, 33.5629573], [-84.4613435, 33.5647596], [-84.4590352, 33.5663401], [-84.4560231, 33.5684072], [-84.4525149, 33.5708174], [-84.4496784, 33.5720127], [-84.4469753, 33.5732032], [-84.4441819, 33.5744218], [-84.4409223, 33.5758376], [-84.4359838, 33.5779828], [-84.4313183, 33.5800056], [-84.4283872, 33.5812685], [-84.4245821, 33.5829188], [-84.4219349, 33.5840776], [-84.4182346, 33.5856929], [-84.4138009, 33.5876251], [-84.4110273, 33.5888557], [-84.4072527, 33.5897661], [-84.4044653, 33.5904865], [-84.4005006, 33.5914952], [-84.3965972, 33.592484], [-84.3932268, 33.593329], [-84.3889012, 33.594425], [-84.3852115, 33.5953794], [-84.380734, 33.5955617], [-84.3766169, 33.5957547], [-84.3749665, 33.5950406]]}}, {"type": "Feature", "properties": {"power": "line", "name": "", "voltage": "230000", "operator": ""}, "geometry": {"type": "LineString", "coordinates": [[-84.3182298, 33.6668701], [-84.3205094, 33.667381], [-84.3210629, 33.6683355], [-84.3220221, 33.6698637]]}}, {"type": "Feature", "properties": {"power": "substation", "name": "Twilight Substation", "voltage": "115000", "operator": "Georgia Power"}, "geometry": {"type": "Point", "coordinates": [-84.3270904, 33.585306179999996]}}, {"type": "Feature", "properties": {"power": "substation", "name": "", "voltage": "115000", "operator": "Georgia Power"}, "geometry": {"type": "Point", "coordinates": [-84.46607494, 33.561872879999996]}}, {"type": "Feature", "properties": {"power": "substation", "name": "", "voltage": "230000", "operator": ""}, "geometry": {"type": "Point", "coordinates": [-84.23479934, 33.65085226]}}, {"type": "Feature", "properties": {"power": "substation", "name": "Riverdale Substation", "voltage": "115000", "operator": "Georgia Power"}, "geometry": {"type": "Point", "coordinates": [-84.41784820000001, 33.584975220000004]}}, {"type": "Feature", "properties": {"power": "line", "name": "", "voltage": "115000", "operator": "Georgia Power"}, "geometry": {"type": "LineString", "coordinates": [[-84.4178284, 33.5850863], [-84.4160747, 33.5860064], [-84.4128844, 33.5873849], [-84.4108377, 33.5883014], [-84.4084417, 33.5888916], [-84.4053895, 33.5896588], [-84.4032293, 33.5902143], [-84.4010716, 33.5907484], [-84.3949247, 33.5923203], [-84.3930425, 33.5927878], [-84.3909853, 33.5933065], [-84.3885959, 33.5939134], [-84.3865687, 33.5944307], [-84.3851364, 33.5948144], [-84.383272, 33.5948781], [-84.3800469, 33.5950222], [-84.3773206, 33.595137], [-84.374605, 33.5952694], [-84.3709875, 33.5951248], [-84.366364, 33.5949394], [-84.3653956, 33.5949361], [-84.3616268, 33.5949289], [-84.3579929, 33.5948921], [-84.3560328, 33.5948629], [-84.3528482, 33.594832], [-84.3509587, 33.5948082], [-84.3483179, 33.594777], [-84.3458828, 33.594742], [-84.3428051, 33.5947011], [-84.3400101, 33.5948861], [-84.3384208, 33.5949713], [-84.3378321, 33.5950029], [-84.3361471, 33.5951158], [-84.3361359, 33.5960865], [-84.3361094, 33.5971188], [-84.3360582, 33.598615], [-84.3360566, 33.5994436], [-84.3360946, 33.6013994], [-84.3356872, 33.6028569], [-84.3341356, 33.6028308], [-84.3331028, 33.6029547], [-84.3335324, 33.6040172], [-84.3338844, 33.6049049], [-84.3342083, 33.6056453], [-84.3341933, 33.6060415]]}}, {"type": "Feature", "properties": {"power": "line", "name": "", "voltage": "230000", "operator": ""}, "geometry": {"type": "LineString", "coordinates": [[-84.3330958, 33.6071479], [-84.3326146, 33.6084764], [-84.3323299, 33.6092755], [-84.331934, 33.6103369], [-84.3316103, 33.6112027], [-84.3312094, 33.6122903], [-84.3306708, 33.6137354], [-84.3301356, 33.6151715], [-84.329663, 33.6164626], [-84.3292176, 33.6176712], [-84.3288501, 33.6186646], [-84.3283486, 33.6200211], [-84.3279562, 33.6210534], [-84.3273239, 33.6227807], [-84.3267789, 33.6242357], [-84.3263023, 33.6255298], [-84.3258258, 33.6268291], [-84.325376, 33.6280226], [-84.3247754, 33.629638], [-84.3243821, 33.6309102], [-84.3239859, 33.6321824], [-84.3235296, 33.6336445], [-84.3230733, 33.6351715], [-84.322569, 33.6367835], [-84.3222058, 33.6379781], [-84.3218154, 33.6391882], [-84.3215167, 33.6402156], [-84.3212216, 33.6411593], [-84.3212026, 33.6429337], [-84.3211643, 33.6442466], [-84.3211601, 33.6455383], [-84.321135, 33.6464298], [-84.3210884, 33.6491053], [-84.3210529, 33.6512454], [-84.3210412, 33.6535052], [-84.3210294, 33.6543771], [-84.321013, 33.6554066], [-84.3209936, 33.6563718], [-84.3209797, 33.6575101], [-84.320952, 33.6586069], [-84.3209452, 33.6596585], [-84.3209292, 33.6607653], [-84.320915, 33.662264], [-84.3208845, 33.6637094], [-84.3208595, 33.6657088], [-84.3208239, 33.6673011]]}}, {"type": "Feature", "properties": {"power": "line", "name": "", "voltage": "230000", "operator": ""}, "geometry": {"type": "LineString", "coordinates": [[-84.2347125, 33.6506524], [-84.2347904, 33.6502145], [-84.2332504, 33.6500418], [-84.2316266, 33.6498564], [-84.229031, 33.6495752], [-84.2264265, 33.6492842], [-84.2243197, 33.6490548], [-84.22221, 33.6488279], [-84.2199245, 33.6485563], [-84.2173295, 33.6482712], [-84.2145616, 33.6479656], [-84.212053, 33.6476727], [-84.2101862, 33.6474595], [-84.2082268, 33.6472463], [-84.2051504, 33.6469072], [-84.2020987, 33.6465656], [-84.1996055, 33.6462933], [-84.1972172, 33.6460236], [-84.1950387, 33.645777], [-84.192709, 33.645515], [-84.190978, 33.6453275], [-84.1879386, 33.6449807], [-84.1852973, 33.6446853], [-84.1833163, 33.6444746], [-84.1803208, 33.6441406], [-84.1776429, 33.6438308], [-84.1754097, 33.6435856], [-84.173249, 33.6433395], [-84.1706359, 33.6430545], [-84.1684608, 33.6427995], [-84.1667798, 33.6426127], [-84.1644347, 33.6423438], [-84.1623798, 33.6421023], [-84.1601125, 33.6418483], [-84.1578303, 33.6415893], [-84.1552938, 33.641293], [-84.1527034, 33.6409941], [-84.1500264, 33.6406829], [-84.1476006, 33.6404164], [-84.1453333, 33.6401574], [-84.1431931, 33.6399109], [-84.1399343, 33.6395343], [-84.1367155, 33.6391491], [-84.1339532, 33.6388458], [-84.1318064, 33.6385922], [-84.129837, 33.6383719], [-84.1284017, 33.6382624], [-84.1268006, 33.638155]]}}, {"type": "Feature", "properties": {"power": "substation", "name": "", "voltage": "230000", "operator": "Georgia Power"}, "geometry": {"type": "Point", "coordinates": [-84.35046701666667, 33.710600883333335]}}, {"type": "Feature", "properties": {"power": "line", "name": "", "voltage": "230000", "operator": ""}, "geometry": {"type": "LineString", "coordinates": [[-84.1267985, 33.6380332], [-84.1285031, 33.6380933], [-84.129888, 33.6381655], [-84.1316857, 33.6383772], [-84.1341328, 33.6386533], [-84.1368993, 33.6389702], [-84.1400042, 33.639333], [-84.1433671, 33.6397309], [-84.1451903, 33.6399246], [-84.1474323, 33.6401888], [-84.1500592, 33.6404846], [-84.1529907, 33.6408227], [-84.1553347, 33.6410868], [-84.1578981, 33.6413856], [-84.1601085, 33.6416396], [-84.162633, 33.6419434], [-84.1645747, 33.6421476], [-84.1668674, 33.6424012], [-84.16868, 33.642623], [-84.1710799, 33.6429007], [-84.1735299, 33.6431653], [-84.175804, 33.6434222], [-84.1777233, 33.6436226], [-84.1806917, 33.6439617], [-84.1833947, 33.6442699], [-84.1853695, 33.6444908], [-84.1879985, 33.6447888], [-84.1912138, 33.6451382], [-84.1933737, 33.6453796], [-84.1951264, 33.6455774], [-84.1979621, 33.6458959], [-84.199687, 33.6460886], [-84.2028344, 33.6464354], [-84.2049048, 33.6466666], [-84.2081726, 33.6470339], [-84.2104559, 33.6472959], [-84.2120697, 33.6474757], [-84.2139859, 33.6476889], [-84.2176023, 33.6480896], [-84.2193966, 33.648291], [-84.2222421, 33.6486128], [-84.2240822, 33.6488101], [-84.2264615, 33.6490765], [-84.2288053, 33.6493405], [-84.231662, 33.6496611], [-84.2333345, 33.6498453], [-84.2349771, 33.6500284], [-84.2366162, 33.6501777], [-84.2383281, 33.6503381], [-84.239865, 33.6505106], [-84.2421548, 33.6508884]]}}, {"type": "Feature", "properties": {"power": "substation", "name": "Fort Gillem Substation", "voltage": "115000", "operator": ""}, "geometry": {"type": "Point", "coordinates": [-84.32667997142858, 33.62733402857143]}}, {"type": "Feature", "properties": {"power": "line", "name": "", "voltage": "115000", "operator": ""}, "geometry": {"type": "LineString", "coordinates": [[-84.3338914, 33.6060412], [-84.3338813, 33.6057015], [-84.3335027, 33.6048073], [-84.3329425, 33.6034393], [-84.3323616, 33.6020044], [-84.3318015, 33.6003015]]}}, {"type": "Feature", "properties": {"power": "line", "name": "", "voltage": "230000", "operator": ""}, "geometry": {"type": "LineString", "coordinates": [[-84.234866, 33.6506732], [-84.2350083, 33.6502372], [-84.2368398, 33.6504095], [-84.2383094, 33.6505402], [-84.2399599, 33.6507128], [-84.2421548, 33.6508884]]}}, {"type": "Feature", "properties": {"power": "line", "name": "", "voltage": "115000", "operator": "Georgia Power"}, "geometry": {"type": "LineString", "coordinates": [[-84.3212281, 33.6542009], [-84.3212004, 33.656353], [-84.321155, 33.6583666], [-84.3211486, 33.6586504], [-84.3211326, 33.6609161], [-84.3210831, 33.6638404], [-84.3210635, 33.6657048], [-84.3210254, 33.6670953], [-84.3225231, 33.6700554], [-84.3234362, 33.6718392], [-84.3256735, 33.6762995], [-84.3266485, 33.6781964], [-84.3280961, 33.6810735], [-84.329304, 33.683466], [-84.3299829, 33.6848117], [-84.3309612, 33.6867445], [-84.331873, 33.6885332], [-84.3337432, 33.6922461], [-84.3347096, 33.6941518], [-84.3350742, 33.6948708], [-84.3363155, 33.6973017], [-84.3380692, 33.6997878], [-84.3402488, 33.7028719], [-84.3408894, 33.7037884], [-84.3423482, 33.7049296], [-84.3447742, 33.7067599], [-84.3457879, 33.7075305], [-84.3478708, 33.7087445], [-84.3503993, 33.7102408], [-84.3507714, 33.7104513], [-84.3532182, 33.7119045], [-84.3557815, 33.7133891], [-84.3582985, 33.714859], [-84.3617355, 33.7168907], [-84.3639436, 33.7181846], [-84.3653378, 33.7191841], [-84.3673207, 33.7205742], [-84.3687204, 33.7215765], [-84.371229, 33.7233453], [-84.3727101, 33.7243988], [-84.3731191, 33.7263438], [-84.3733487, 33.7266655], [-84.3733528, 33.7268129], [-84.3733116, 33.7268471], [-84.3733061, 33.7269704]]}}, {"type": "Feature", "properties": {"power": "line", "name": "", "voltage": "115000", "operator": ""}, "geometry": {"type": "LineString", "coordinates": [[-84.3340312, 33.6060387], [-84.334023, 33.6056269], [-84.3337093, 33.6048899], [-84.3331609, 33.6035615], [-84.3326397, 33.6022691], [-84.3337576, 33.6023161], [-84.3352908, 33.6024539]]}}, {"type": "Feature", "properties": {"power": "line", "name": "", "voltage": "230000", "operator": ""}, "geometry": {"type": "LineString", "coordinates": [[-84.1261579, 33.6380176], [-84.1246548, 33.6382487], [-84.1229446, 33.6384805], [-84.1215127, 33.6372695], [-84.1190553, 33.6370015], [-84.1174454, 33.6365432], [-84.1149163, 33.6358648], [-84.1124287, 33.6352062], [-84.1101492, 33.6346051], [-84.1082736, 33.6341014], [-84.1066797, 33.6336884], [-84.1049034, 33.6332007], [-84.1032486, 33.6327744], [-84.1002721, 33.6319669], [-84.0983645, 33.6314712], [-84.0950903, 33.6305865], [-84.093034, 33.6300292], [-84.0917485, 33.6297013], [-84.0888413, 33.6288965], [-84.0873636, 33.6286148]]}}, {"type": "Feature", "properties": {"power": "line", "name": "", "voltage": "230000", "operator": ""}, "geometry": {"type": "LineString", "coordinates": [[-84.1261433, 33.6381394], [-84.1248226, 33.6384334], [-84.1222676, 33.6391593], [-84.1202705, 33.6394027], [-84.117058, 33.6397422], [-84.114441, 33.6400273], [-84.1124446, 33.6402501], [-84.1097115, 33.6405327], [-84.1063651, 33.6408846], [-84.1035069, 33.6411994], [-84.1012412, 33.6414299], [-84.0992405, 33.641653], [-84.0975524, 33.6433855], [-84.0958495, 33.6451279], [-84.0948372, 33.6461689], [-84.0932474, 33.6477873], [-84.0919791, 33.6490711], [-84.0901242, 33.6509671], [-84.0891507, 33.651946], [-84.087933, 33.6531827], [-84.0860097, 33.6551579], [-84.0845032, 33.6566621], [-84.0832617, 33.6579309], [-84.081782, 33.6594351], [-84.080478, 33.6607064], [-84.0793688, 33.6621239], [-84.0789713, 33.662598]]}}, {"type": "Feature", "properties": {"power": "line", "name": "", "voltage": "230000", "operator": ""}, "geometry": {"type": "LineString", "coordinates": [[-84.0870219, 33.6285432], [-84.0856821, 33.6283001], [-84.0838127, 33.6279232], [-84.0811498, 33.6273993], [-84.0789318, 33.6270022], [-84.076907, 33.6266543], [-84.0725276, 33.6258743], [-84.0647155, 33.6240349], [-84.0629559, 33.6236492], [-84.0614781, 33.6233251], [-84.058674, 33.6227069], [-84.0568839, 33.6223206], [-84.0552204, 33.6219701], [-84.0533827, 33.6215611], [-84.0517668, 33.621237], [-84.0492434, 33.6207376], [-84.0472088, 33.6203211], [-84.0447668, 33.6198405], [-84.0426078, 33.6194051], [-84.0406773, 33.6190339], [-84.038396, 33.6185721], [-84.0361781, 33.618133], [-84.0342567, 33.6177448], [-84.0318328, 33.6172585], [-84.0292166, 33.6167478], [-84.0273088, 33.6163746], [-84.0256634, 33.6160467], [-84.0236492, 33.6156584], [-84.0197498, 33.6149102], [-84.0174889, 33.614473], [-84.0155652, 33.6141149], [-84.0130644, 33.613606], [-84.0120047, 33.6133915], [-84.0107324, 33.613161]]}}, {"type": "Feature", "properties": {"power": "substation", "name": "", "voltage": "230000", "operator": "Georgia Power"}, "geometry": {"type": "Point", "coordinates": [-84.087240225, 33.6284108]}}, {"type": "Feature", "properties": {"power": "line", "name": "", "voltage": "230000", "operator": "Georgia Power"}, "geometry": {"type": "LineString", "coordinates": [[-84.3805944, 33.9231971], [-84.3803952, 33.9238452], [-84.3789957, 33.9242078], [-84.3790305, 33.9252038], [-84.3790485, 33.926386], [-84.3790701, 33.9275682], [-84.3790833, 33.9286159], [-84.3792777, 33.9299615], [-84.3796342, 33.9309663], [-84.3786622, 33.9320257], [-84.3779326, 33.9332567], [-84.3772232, 33.9345808], [-84.376435, 33.9357193], [-84.3753439, 33.9372218], [-84.3736983, 33.9373931], [-84.3732394, 33.9390748]]}}, {"type": "Feature", "properties": {"power": "line", "name": "", "voltage": "230000", "operator": ""}, "geometry": {"type": "LineString", "coordinates": [[-84.6091078, 33.9453332], [-84.6086889, 33.945879], [-84.6086931, 33.9475112], [-84.6086746, 33.9501584], [-84.6086301, 33.9527934], [-84.6085946, 33.9546889], [-84.6085715, 33.9559187], [-84.6085424, 33.9582024], [-84.608511, 33.9607516], [-84.608473, 33.9630719], [-84.6084382, 33.9655444], [-84.60842, 33.9680464], [-84.6084192, 33.9681561], [-84.6083653, 33.9704683], [-84.6083273, 33.9732217], [-84.6082608, 33.9755022], [-84.6081918, 33.9781148], [-84.6066461, 33.98011]]}}, {"type": "Feature", "properties": {"power": "line", "name": "", "voltage": "230000", "operator": ""}, "geometry": {"type": "LineString", "coordinates": [[-84.6106655, 33.9323806], [-84.6100587, 33.9319928]]}}, {"type": "Feature", "properties": {"power": "line", "name": "", "voltage": "230000", "operator": ""}, "geometry": {"type": "LineString", "coordinates": [[-84.6107171, 33.9322577], [-84.6100587, 33.9319928]]}}, {"type": "Feature", "properties": {"power": "line", "name": "", "voltage": "230000", "operator": ""}, "geometry": {"type": "LineString", "coordinates": [[-84.6051459, 33.9824312], [-84.6040405, 33.9847318], [-84.6029745, 33.9868399], [-84.6016112, 33.9879276], [-84.5989884, 33.9900405], [-84.5951471, 33.9899673], [-84.5915281, 33.9898478], [-84.5897666, 33.9901435], [-84.5862427, 33.9908024], [-84.5841687, 33.9899114], [-84.582606, 33.9898644], [-84.5805408, 33.9898429], [-84.578341, 33.9898254], [-84.578293, 33.9917696], [-84.5782311, 33.9936893], [-84.5759386, 33.99383], [-84.5736805, 33.9939611], [-84.573108, 33.992549], [-84.5716083, 33.9934485], [-84.569027, 33.9930716]]}}, {"type": "Feature", "properties": {"power": "line", "name": "", "voltage": "230000", "operator": ""}, "geometry": {"type": "LineString", "coordinates": [[-84.6100587, 33.9319928], [-84.6100995, 33.929952], [-84.6101359, 33.9275121], [-84.6101941, 33.9246867], [-84.6098559, 33.9224784], [-84.609484, 33.9201622], [-84.6075912, 33.919085], [-84.6074391, 33.9169734], [-84.6072913, 33.9151329], [-84.6074638, 33.9129987], [-84.6065296, 33.9103643], [-84.6059629, 33.9087282], [-84.6040184, 33.9073655], [-84.601767, 33.9057907], [-84.6018118, 33.9033718], [-84.6018656, 33.9008189], [-84.6018723, 33.8984035], [-84.6019395, 33.8970796], [-84.6020179, 33.8948483], [-84.6020829, 33.8935038], [-84.6008508, 33.8921464], [-84.6012275, 33.8901245], [-84.6016055, 33.888162], [-84.6015783, 33.8859726], [-84.5997762, 33.885758], [-84.5984155, 33.8856068]]}}, {"type": "Feature", "properties": {"power": "line", "name": "", "voltage": "230000", "operator": ""}, "geometry": {"type": "LineString", "coordinates": [[-84.6066461, 33.98011], [-84.6057594, 33.9810788], [-84.6048898, 33.9806031]]}}, {"type": "Feature", "properties": {"power": "line", "name": "", "voltage": "230000", "operator": ""}, "geometry": {"type": "LineString", "coordinates": [[-84.6066461, 33.98011], [-84.6055577, 33.9815494], [-84.6051459, 33.9824312]]}}, {"type": "Feature", "properties": {"power": "line", "name": "", "voltage": "230000", "operator": ""}, "geometry": {"type": "LineString", "coordinates": [[-84.5671637, 33.9936871], [-84.567457, 33.9928585], [-84.569027, 33.9930716]]}}, {"type": "Feature", "properties": {"power": "substation", "name": "", "voltage": "230000", "operator": ""}, "geometry": {"type": "Point", "coordinates": [-84.60536168000002, 33.9808953]}}, {"type": "Feature", "properties": {"power": "substation", "name": "John Ward Road Substation", "voltage": "230000", "operator": ""}, "geometry": {"type": "Point", "coordinates": [-84.61071908, 33.93248766]}}, {"type": "Feature", "properties": {"power": "line", "name": "", "voltage": "230000", "operator": ""}, "geometry": {"type": "LineString", "coordinates": [[-84.6047843, 33.9807227], [-84.6056742, 33.9811891], [-84.6054862, 33.9815144], [-84.6051459, 33.9824312]]}}, {"type": "Feature", "properties": {"power": "line", "name": "", "voltage": "230000", "operator": ""}, "geometry": {"type": "LineString", "coordinates": [[-84.567012, 33.993685], [-84.5672276, 33.9928611], [-84.5673786, 33.9927566], [-84.569027, 33.9930716]]}}, {"type": "Feature", "properties": {"power": "substation", "name": "Milford Switching Station", "voltage": "12000", "operator": "Georgia Power"}, "geometry": {"type": "Point", "coordinates": [-84.5979811, 33.887092280000005]}}, {"type": "Feature", "properties": {"power": "line", "name": "", "voltage": "230000", "operator": ""}, "geometry": {"type": "LineString", "coordinates": [[-84.7090548, 33.9386804], [-84.7070445, 33.9392375], [-84.7051298, 33.9397255], [-84.7031554, 33.9402343], [-84.701242, 33.9409008], [-84.6991365, 33.941714], [-84.697774, 33.9422352], [-84.6958382, 33.9429882], [-84.694042, 33.9435797], [-84.6925568, 33.9439605], [-84.6910864, 33.9442115], [-84.6895039, 33.9447942], [-84.6876464, 33.9450241], [-84.68559, 33.9451786], [-84.6834383, 33.945312], [-84.6814856, 33.9450259], [-84.6801041, 33.9451803], [-84.6779525, 33.9455963], [-84.6764821, 33.946], [-84.6750688, 33.9465054], [-84.6736661, 33.9470723], [-84.6723417, 33.9476199], [-84.6711866, 33.9481604], [-84.6699659, 33.9486869], [-84.6683135, 33.9494047], [-84.6666379, 33.9501348], [-84.6650893, 33.9507929], [-84.6633439, 33.951537], [-84.6614927, 33.9523092], [-84.6603813, 33.9532662], [-84.6593895, 33.9534856], [-84.657428, 33.9538439], [-84.6555324, 33.9540159], [-84.6536473, 33.9540194], [-84.6519803, 33.9538296], [-84.6502778, 33.953574], [-84.6488779, 33.9533255], [-84.6470669, 33.9528551], [-84.645167, 33.9518267], [-84.6426875, 33.9510668], [-84.6402587, 33.9502666], [-84.6387058, 33.9496576], [-84.6371762, 33.9490995], [-84.635672, 33.9484905], [-84.6341741, 33.9478956], [-84.6325281, 33.9472813], [-84.6304886, 33.946674], [-84.6286226, 33.9463669], [-84.6265895, 33.9460756], [-84.6245352, 33.9459422], [-84.6227284, 33.9459387], [-84.6212876, 33.9458966], [-84.6193137, 33.9458228], [-84.6175831, 33.945721], [-84.6158991, 33.9457105], [-84.6141029, 33.9456473], [-84.6121861, 33.9455087], [-84.610885, 33.9454367], [-84.6091078, 33.9453332]]}}, {"type": "Feature", "properties": {"power": "substation", "name": "Milford Substation", "voltage": "230000", "operator": "Georgia Power"}, "geometry": {"type": "Point", "coordinates": [-84.59807912857143, 33.88595032857143]}}, {"type": "Feature", "properties": {"power": "line", "name": "", "voltage": "230000", "operator": ""}, "geometry": {"type": "LineString", "coordinates": [[-84.6100587, 33.9319928], [-84.6100404, 33.934391], [-84.6100096, 33.9366003], [-84.6100035, 33.9385023], [-84.6100148, 33.940349], [-84.610043, 33.9422991], [-84.6100094, 33.9440869], [-84.6091078, 33.9453332]]}}, {"type": "Feature", "properties": {"power": "line", "name": "", "voltage": "230000", "operator": ""}, "geometry": {"type": "LineString", "coordinates": [[-84.5671067, 33.9942873], [-84.566953, 33.9953924], [-84.5687545, 33.9955758], [-84.5705798, 33.9957569], [-84.571969, 33.9970427], [-84.5730719, 33.9980406], [-84.5736339, 33.9986187], [-84.5743656, 33.9993792], [-84.5757787, 34.0007199], [-84.5764282, 34.0013397], [-84.5775682, 34.0024166], [-84.5781594, 34.002876], [-84.5801039, 34.0050854], [-84.5808439, 34.0056981], [-84.581833, 34.0065715], [-84.5835003, 34.0080187], [-84.5834957, 34.0096784], [-84.5837728, 34.0108499], [-84.5838905, 34.0115313], [-84.5839626, 34.0121245], [-84.5832411, 34.0126626], [-84.5825438, 34.0131762], [-84.5825089, 34.0138209], [-84.5803899, 34.0145213], [-84.5804972, 34.0159775], [-84.5805965, 34.0177427], [-84.580693, 34.0194924], [-84.5819724, 34.0196102], [-84.5836837, 34.0197347], [-84.5836381, 34.0217355], [-84.5849497, 34.0217777], [-84.5865027, 34.0218066], [-84.5879591, 34.0218422], [-84.5899627, 34.0218889], [-84.591159, 34.0208351], [-84.5920441, 34.0203349], [-84.5932887, 34.0198503], [-84.5952011, 34.0191122], [-84.5967568, 34.0205595], [-84.5980577, 34.0217755], [-84.5997233, 34.0233739], [-84.601169, 34.0247521], [-84.6028856, 34.0263416], [-84.6043421, 34.0276998], [-84.6056671, 34.0289757], [-84.6071047, 34.0303384], [-84.6079979, 34.031023], [-84.6100203, 34.0320722], [-84.6122063, 34.0331836], [-84.6137781, 34.0339949], [-84.616243, 34.0352641], [-84.6181903, 34.0362776], [-84.6204917, 34.0374623], [-84.6222726, 34.0383692], [-84.6233563, 34.0389382], [-84.6241663, 34.0395472], [-84.6257434, 34.0405607], [-84.6272106, 34.0414564], [-84.6290559, 34.0425877], [-84.6310837, 34.0438345], [-84.6327091, 34.0453724], [-84.6343292, 34.0469459], [-84.6357883, 34.0483038], [-84.637462, 34.0498528], [-84.6382532, 34.0505929], [-84.6398652, 34.0521485], [-84.6407692, 34.0529752], [-84.6421022, 34.0542263], [-84.6436633, 34.0556774], [-84.6449319, 34.0568018], [-84.6462435, 34.0579195], [-84.6483088, 34.0596884], [-84.648333, 34.0612705]]}}, {"type": "Feature", "properties": {"power": "line", "name": "", "voltage": "115000", "operator": ""}, "geometry": {"type": "LineString", "coordinates": [[-84.6501752, 34.0614727], [-84.6500307, 34.061324], [-84.6484443, 34.0599599], [-84.6474421, 34.0591029], [-84.6464168, 34.0582381], [-84.6456224, 34.0575322], [-84.6448257, 34.0568587], [-84.6435626, 34.0557644], [-84.6428652, 34.0551005], [-84.6420061, 34.054318], [-84.6409138, 34.0533117], [-84.6398447, 34.0522861], [-84.6387455, 34.0512358], [-84.6379927, 34.0505278], [-84.6373368, 34.0499424], [-84.6363716, 34.0490106], [-84.6357388, 34.0483945], [-84.6349929, 34.0477095], [-84.6341454, 34.0469059], [-84.6332079, 34.0460142], [-84.6310349, 34.043963], [-84.6294831, 34.0429948], [-84.6272708, 34.0416458], [-84.6256313, 34.040622], [-84.6241464, 34.0396825], [-84.6232458, 34.0390032], [-84.6221674, 34.0384406], [-84.6208973, 34.0378053], [-84.6189391, 34.0367891], [-84.6182024, 34.036393], [-84.6170432, 34.0358151], [-84.6161703, 34.0353654], [-84.6156507, 34.0350956], [-84.614503, 34.0345138], [-84.6130551, 34.0337598], [-84.6121845, 34.0333158], [-84.6113162, 34.0328604], [-84.6102471, 34.0323131], [-84.6094388, 34.0319131], [-84.6085336, 34.0314366], [-84.6075822, 34.0308337], [-84.6070464, 34.0304759], [-84.6059149, 34.0294022], [-84.6051205, 34.0286386], [-84.6042222, 34.0277946], [-84.6034787, 34.0270942], [-84.6023748, 34.0260511], [-84.6016474, 34.0253564], [-84.6009154, 34.0246789], [-84.6001949, 34.0239994], [-84.5995252, 34.0233391], [-84.5987124, 34.0225793], [-84.5975529, 34.0214944], [-84.5969684, 34.0209572], [-84.5963188, 34.020321], [-84.5957181, 34.0197541], [-84.5951754, 34.0192802], [-84.5931164, 34.020027], [-84.5921213, 34.0204799], [-84.5912782, 34.0209658], [-84.5899936, 34.0220185], [-84.5875004, 34.0219735], [-84.585018, 34.0219045], [-84.5834548, 34.0218865], [-84.5834729, 34.0208098], [-84.5835055, 34.0199221], [-84.5820725, 34.0197961], [-84.5804405, 34.0196791], [-84.5804152, 34.0189143], [-84.5803609, 34.0180805], [-84.5803139, 34.0171267], [-84.580227, 34.015819], [-84.5801402, 34.0143703], [-84.5823041, 34.0136924], [-84.5823005, 34.0130685], [-84.5829301, 34.0125976], [-84.5835995, 34.0121177], [-84.5835127, 34.0115928], [-84.5833933, 34.0108699], [-84.583368, 34.0093131], [-84.5833522, 34.0080339], [-84.5813963, 34.0063493], [-84.5808747, 34.0059436], [-84.5800018, 34.0052009], [-84.578801, 34.0039164], [-84.5784338, 34.0033784], [-84.5780121, 34.0029667], [-84.5763653, 34.0013858], [-84.5757006, 34.0007766], [-84.5742543, 33.9994461], [-84.5735044, 33.9987302], [-84.5729002, 33.9981633], [-84.5717484, 33.9970743], [-84.5705272, 33.9959043], [-84.5694166, 33.9958291], [-84.5681373, 33.9957834], [-84.5665457, 33.995764], [-84.5655537, 33.9957294], [-84.5655315, 33.9948501], [-84.5655827, 33.9940756]]}}, {"type": "Feature", "properties": {"power": "substation", "name": "Marietta Primary Substation", "voltage": "230000", "operator": "Georgia Power"}, "geometry": {"type": "Point", "coordinates": [-84.53574196315789, 33.96145697368421]}}, {"type": "Feature", "properties": {"power": "line", "name": "", "voltage": "230000", "operator": ""}, "geometry": {"type": "LineString", "coordinates": [[-84.5648059, 33.9902983], [-84.5634047, 33.9889676], [-84.5611189, 33.9868107], [-84.55963, 33.9853939], [-84.5584823, 33.9843028], [-84.5568324, 33.9827419], [-84.5551476, 33.9811479], [-84.5529562, 33.9790733], [-84.5511793, 33.9773789], [-84.5503143, 33.9765723], [-84.5494437, 33.9757481], [-84.5484884, 33.9748436], [-84.5470404, 33.9734728], [-84.5457943, 33.972293], [-84.5445762, 33.9711397], [-84.5432504, 33.9698845], [-84.5416756, 33.9683934], [-84.5401267, 33.9669269], [-84.5386383, 33.9655177], [-84.5373415, 33.9641348]]}}, {"type": "Feature", "properties": {"power": "line", "name": "", "voltage": "230000;115000", "operator": ""}, "geometry": {"type": "LineString", "coordinates": [[-84.5655827, 33.9940756], [-84.5655816, 33.9930265], [-84.5666972, 33.9923494], [-84.564635, 33.9903206], [-84.5632882, 33.9890424], [-84.561141, 33.9870197], [-84.5595264, 33.9854765], [-84.5586104, 33.9846086], [-84.5570078, 33.9830975], [-84.5556834, 33.9818328], [-84.5547332, 33.9809182], [-84.5528705, 33.9791763], [-84.5513902, 33.9777757], [-84.5502871, 33.9767318], [-84.5492809, 33.9757797], [-84.5484569, 33.9749999], [-84.5483908, 33.9749374], [-84.54814, 33.9747], [-84.5468835, 33.973511], [-84.5455758, 33.9722736], [-84.5443791, 33.9711411], [-84.5432071, 33.9700242], [-84.5416409, 33.9685353], [-84.5401301, 33.9671102], [-84.5385192, 33.965593], [-84.5372125, 33.9642272], [-84.536697, 33.9629742]]}}, {"type": "Feature", "properties": {"power": "line", "name": "", "voltage": "230000", "operator": ""}, "geometry": {"type": "LineString", "coordinates": [[-84.5667616, 33.9936576], [-84.5672059, 33.9925388], [-84.5648059, 33.9902983]]}}, {"type": "Feature", "properties": {"power": "line", "name": "", "voltage": "230000", "operator": ""}, "geometry": {"type": "LineString", "coordinates": [[-84.5666029, 33.9936438], [-84.5671023, 33.9925568], [-84.5648059, 33.9902983]]}}, {"type": "Feature", "properties": {"power": "line", "name": "", "voltage": "230000", "operator": ""}, "geometry": {"type": "LineString", "coordinates": [[-84.5665439, 33.994231], [-84.5664738, 33.9947545], [-84.565617, 33.9948001], [-84.5655827, 33.9940756]]}}, {"type": "Feature", "properties": {"power": "substation", "name": "", "voltage": "115000", "operator": ""}, "geometry": {"type": "Point", "coordinates": [-84.58140476, 34.00600265999999]}}, {"type": "Feature", "properties": {"power": "substation", "name": "Cobb Place Substation", "voltage": "230000", "operator": "Georgia Power"}, "geometry": {"type": "Point", "coordinates": [-84.56164205, 34.0282112]}}, {"type": "Feature", "properties": {"power": "substation", "name": "", "voltage": "115000", "operator": ""}, "geometry": {"type": "Point", "coordinates": [-84.555268, 33.981590366666666]}}, {"type": "Feature", "properties": {"power": "line", "name": "", "voltage": "230000", "operator": ""}, "geometry": {"type": "LineString", "coordinates": [[-84.5667164, 33.994252], [-84.5665493, 33.9954323], [-84.5653347, 33.9954749], [-84.5618517, 33.9963442], [-84.5561797, 33.9976939], [-84.5484727, 33.9974493], [-84.5471829, 33.9973285], [-84.5464592, 33.9985848], [-84.5459513, 33.999749], [-84.5456047, 34.0006702], [-84.5453226, 34.0015128], [-84.5452192, 34.0028874], [-84.545536, 34.0034397], [-84.5455497, 34.0039976], [-84.5456868, 34.0048635], [-84.5459867, 34.0056462], [-84.546408, 34.0066809], [-84.546717, 34.0074292], [-84.5470428, 34.0082357], [-84.5474692, 34.0092859], [-84.5478925, 34.0103184], [-84.5483127, 34.0113534], [-84.5483328, 34.0126432], [-84.5483031, 34.0136677], [-84.5490878, 34.0137288], [-84.5500084, 34.0140339], [-84.5512838, 34.0142208], [-84.5523044, 34.0142324], [-84.5534123, 34.0142182], [-84.554232, 34.0142208], [-84.5561007, 34.0142886], [-84.5574361, 34.014326], [-84.5582635, 34.0145663], [-84.5603734, 34.0151772], [-84.5601661, 34.016071], [-84.5597641, 34.0171753], [-84.5595101, 34.0182241], [-84.5595849, 34.0193206], [-84.5597298, 34.0204081], [-84.5599282, 34.0214923], [-84.5601589, 34.0226288], [-84.560391, 34.0237111], [-84.5607151, 34.0254507], [-84.5608949, 34.0263318], [-84.5611572, 34.0269419], [-84.5614943, 34.0278824]]}}, {"type": "Feature", "properties": {"power": "substation", "name": "", "voltage": "230000", "operator": ""}, "geometry": {"type": "Point", "coordinates": [-84.5498392, 33.9731295]}}, {"type": "Feature", "properties": {"power": "substation", "name": "", "voltage": "115000", "operator": ""}, "geometry": {"type": "Point", "coordinates": [-84.60740577142857, 34.03102897142857]}}, {"type": "Feature", "properties": {"power": "substation", "name": "", "voltage": "115000", "operator": "Georgia Power"}, "geometry": {"type": "Point", "coordinates": [-84.53370398888889, 33.95808987777778]}}, {"type": "Feature", "properties": {"power": "line", "name": "", "voltage": "230000", "operator": ""}, "geometry": {"type": "LineString", "coordinates": [[-84.0425398, 33.697308], [-84.0439091, 33.6960378], [-84.0456518, 33.6946842], [-84.0482659, 33.6926815], [-84.0497132, 33.6915636], [-84.0513645, 33.6902885], [-84.0537989, 33.6883998], [-84.0554261, 33.6871421], [-84.0560737, 33.6866427], [-84.0572935, 33.6857021], [-84.0577467, 33.685358], [-84.0590698, 33.6843533], [-84.0604378, 33.6832936], [-84.0620191, 33.6820893], [-84.0632652, 33.6811209], [-84.0648282, 33.6799521], [-84.0660835, 33.6783674], [-84.0671681, 33.6770389], [-84.0682192, 33.6757534], [-84.0692521, 33.6744856], [-84.0711594, 33.672158], [-84.0731276, 33.6697416], [-84.0749801, 33.6674842], [-84.0768307, 33.6652159], [-84.078544, 33.66314], [-84.0789713, 33.662598]]}}, {"type": "Feature", "properties": {"power": "substation", "name": "", "voltage": "230000", "operator": ""}, "geometry": {"type": "Point", "coordinates": [-84.07885286, 33.66244814]}}, {"type": "Feature", "properties": {"power": "substation", "name": "", "voltage": "115000", "operator": "Georgia Power"}, "geometry": {"type": "Point", "coordinates": [-84.06080616666667, 33.840683633333335]}}, {"type": "Feature", "properties": {"power": "line", "name": "", "voltage": "115000", "operator": "Georgia Power"}, "geometry": {"type": "LineString", "coordinates": [[-84.6239999, 33.8548338], [-84.6214926, 33.8547704], [-84.617557, 33.8548168], [-84.6157669, 33.8548229], [-84.6143787, 33.8548295], [-84.6118928, 33.8548215], [-84.6088098, 33.8548215], [-84.6084415, 33.8556961], [-84.6084004, 33.8574107], [-84.6083762, 33.8576169]]}}, {"type": "Feature", "properties": {"power": "substation", "name": "Colonial Substation", "voltage": "115000", "operator": ""}, "geometry": {"type": "Point", "coordinates": [-84.6301582076923, 33.856369584615386]}}, {"type": "Feature", "properties": {"power": "line", "name": "", "voltage": "115000", "operator": "Georgia Power"}, "geometry": {"type": "LineString", "coordinates": [[-84.6326592, 33.864439], [-84.6316345, 33.8648602], [-84.6307823, 33.8652133], [-84.6289155, 33.8660149], [-84.6280294, 33.8663954], [-84.6271873, 33.866782], [-84.6261878, 33.8665036], [-84.6252171, 33.8662186], [-84.6242623, 33.8659574], [-84.6242224, 33.8666322], [-84.6242208, 33.8672685], [-84.6244986, 33.8676901], [-84.6241345, 33.8685999], [-84.6237207, 33.8688676]]}}, {"type": "Feature", "properties": {"power": "line", "name": "", "voltage": "115000", "operator": "Georgia Power"}, "geometry": {"type": "LineString", "coordinates": [[-84.5980713, 33.8865372], [-84.5988455, 33.8865661], [-84.5998402, 33.8865728], [-84.5999999, 33.8852964], [-84.6008014, 33.8847583], [-84.6019413, 33.8839816], [-84.6027696, 33.8834052], [-84.6035124, 33.8828953], [-84.604481, 33.8822224], [-84.6051654, 33.8817461], [-84.6059589, 33.8812054], [-84.6071564, 33.8803703], [-84.6082085, 33.8796346], [-84.6100925, 33.8782654]]}}, {"type": "Feature", "properties": {"power": "line", "name": "", "voltage": "230000", "operator": ""}, "geometry": {"type": "LineString", "coordinates": [[-84.8538471, 33.7415062], [-84.8540422, 33.7426793], [-84.8500746, 33.7426592], [-84.8436933, 33.7426458], [-84.8400244, 33.7426692], [-84.8353464, 33.7426558], [-84.8293001, 33.7426189], [-84.8237341, 33.7426256], [-84.8188422, 33.7426122], [-84.8145396, 33.7426223], [-84.8105719, 33.742639], [-84.8073107, 33.7442232], [-84.8037991, 33.7459483], [-84.7996701, 33.7479284], [-84.7958074, 33.7498011], [-84.7923968, 33.7515093], [-84.7876219, 33.7538047], [-84.7839005, 33.7556236], [-84.7814589, 33.7568208], [-84.7798373, 33.7568777], [-84.7789437, 33.7569091], [-84.7766756, 33.7570229], [-84.7743498, 33.7599555], [-84.7721177, 33.7628858], [-84.7698213, 33.7659621], [-84.7671551, 33.7682344], [-84.7635216, 33.7713641], [-84.7611384, 33.7734191], [-84.7586175, 33.7756351], [-84.7548135, 33.778936], [-84.7518407, 33.7815599], [-84.7493017, 33.7835662], [-84.7455765, 33.7865852], [-84.7429489, 33.7886885], [-84.7402655, 33.7908419], [-84.7369076, 33.7935694], [-84.7343004, 33.7956788], [-84.7316835, 33.7977927], [-84.7293797, 33.7996605], [-84.7238007, 33.8000286], [-84.7200154, 33.8002878], [-84.7155691, 33.8005809], [-84.715414, 33.8042598], [-84.7152159, 33.8082362], [-84.7113095, 33.8098201], [-84.7068623, 33.811631], [-84.7037725, 33.8128593], [-84.6996385, 33.8145542], [-84.6953084, 33.8159292], [-84.6913869, 33.8171971], [-84.6878612, 33.8183338], [-84.6843207, 33.8194087], [-84.6797556, 33.8217519], [-84.6764146, 33.8234444], [-84.6745138, 33.824372], [-84.6727674, 33.8255788], [-84.6710211, 33.8267824], [-84.6686914, 33.8257072], [-84.6646656, 33.823836], [-84.6610107, 33.8221573], [-84.6572206, 33.8203984], [-84.6553352, 33.8195092], [-84.6521671, 33.8180359], [-84.6510312, 33.8209248], [-84.6496291, 33.8247755], [-84.6470669, 33.8262468], [-84.6480159, 33.8285721], [-84.6455295, 33.8300707], [-84.6454855, 33.8332104], [-84.6407908, 33.8331767], [-84.6371398, 33.8354926], [-84.6353895, 33.8354838], [-84.6317035, 33.8354706], [-84.6315533, 33.8387145], [-84.6314138, 33.8418423], [-84.6312931, 33.8446604], [-84.631159, 33.8474294], [-84.6283427, 33.8474918], [-84.6238027, 33.8489528], [-84.6224901, 33.8493752], [-84.6198683, 33.8516206], [-84.6175133, 33.8538091], [-84.6157336, 33.8554318], [-84.6156102, 33.85848], [-84.6155942, 33.860204], [-84.6155593, 33.8648311], [-84.6137756, 33.8690325], [-84.612118, 33.8731381], [-84.6079364, 33.8731648], [-84.6081701, 33.8763689], [-84.6081115, 33.8793947], [-84.6070606, 33.8802707]]}}, {"type": "Feature", "properties": {"power": "line", "name": "", "voltage": "230000", "operator": ""}, "geometry": {"type": "LineString", "coordinates": [[-84.5984107, 33.8854759], [-84.5993101, 33.8854746], [-84.6017464, 33.8839402]]}}, {"type": "Feature", "properties": {"power": "line", "name": "", "voltage": "115000", "operator": "Georgia Power"}, "geometry": {"type": "LineString", "coordinates": [[-84.6070606, 33.8802707], [-84.6081447, 33.8795657], [-84.6100925, 33.8782654]]}}, {"type": "Feature", "properties": {"power": "line", "name": "", "voltage": "230000;115000", "operator": ""}, "geometry": {"type": "LineString", "coordinates": [[-84.6017464, 33.8839402], [-84.6045122, 33.8820347], [-84.6070606, 33.8802707]]}}, {"type": "Feature", "properties": {"power": "line", "name": "", "voltage": "115000", "operator": ""}, "geometry": {"type": "LineString", "coordinates": [[-84.5980833, 33.8863008], [-84.5986138, 33.8862476], [-84.5994188, 33.8861628], [-84.5995804, 33.8854326], [-84.6017464, 33.8839402]]}}, {"type": "Feature", "properties": {"power": "substation", "name": "Cobb Hospital Substation", "voltage": "115000", "operator": ""}, "geometry": {"type": "Point", "coordinates": [-84.60834317142857, 33.857653657142855]}}, {"type": "Feature", "properties": {"power": "line", "name": "", "voltage": "115000", "operator": "Georgia Power"}, "geometry": {"type": "LineString", "coordinates": [[-84.6100925, 33.8782654], [-84.6108493, 33.8777259], [-84.6116715, 33.8771678], [-84.6156376, 33.874442], [-84.6196195, 33.8716914], [-84.622032, 33.8700475], [-84.6228171, 33.8695], [-84.6237207, 33.8688676]]}}, {"type": "Feature", "properties": {"power": "line", "name": "", "voltage": "115000", "operator": "Georgia Power"}, "geometry": {"type": "LineString", "coordinates": [[-84.6239999, 33.8548338], [-84.623992, 33.8545566], [-84.624023, 33.852969], [-84.6261428, 33.8537443], [-84.6276292, 33.8542932], [-84.6291886, 33.8548917], [-84.6300699, 33.854824], [-84.630054, 33.855605], [-84.6300428, 33.8563634]]}}, {"type": "Feature", "properties": {"power": "line", "name": "", "voltage": "115000", "operator": "Georgia Power"}, "geometry": {"type": "LineString", "coordinates": [[-84.6237207, 33.8688676], [-84.6237213, 33.8685689], [-84.6237286, 33.8675004], [-84.62379, 33.8649287], [-84.6238188, 33.8634531], [-84.6238713, 33.8607564], [-84.6239217, 33.8581698], [-84.6239796, 33.8551972], [-84.6239999, 33.8548338]]}}, {"type": "Feature", "properties": {"power": "line", "name": "", "voltage": "230000", "operator": ""}, "geometry": {"type": "LineString", "coordinates": [[-84.2294661, 34.057465], [-84.2304277, 34.0584674], [-84.2319357, 34.0600466], [-84.2340322, 34.0621976], [-84.2351981, 34.0672127], [-84.2356092, 34.0689687], [-84.2363621, 34.0721286], [-84.236925, 34.074543], [-84.2376237, 34.0773533], [-84.2385895, 34.0812628], [-84.2392763, 34.0840054], [-84.2397726, 34.0862621], [-84.2407697, 34.090149], [-84.2414257, 34.0925064], [-84.2423479, 34.0957456], [-84.2428511, 34.0975518]]}}, {"type": "Feature", "properties": {"power": "line", "name": "", "voltage": "230000", "operator": ""}, "geometry": {"type": "LineString", "coordinates": [[-84.276162, 34.0581048], [-84.2762531, 34.0592804], [-84.2779485, 34.0597819], [-84.2810709, 34.0604272], [-84.2827788, 34.0608111], [-84.283074, 34.0608119], [-84.284725, 34.0608165], [-84.2855436, 34.061736], [-84.2861482, 34.0623557], [-84.2873839, 34.0616081], [-84.2888469, 34.0608147], [-84.2907004, 34.0607964], [-84.2943766, 34.0608165], [-84.2982426, 34.0609006], [-84.3021284, 34.0609774], [-84.3027016, 34.0610513]]}}, {"type": "Feature", "properties": {"power": "line", "name": "", "voltage": "230000", "operator": ""}, "geometry": {"type": "LineString", "coordinates": [[-84.2295834, 34.0573718], [-84.2300553, 34.0578352], [-84.2299863, 34.0571117], [-84.2307902, 34.0559671], [-84.2314379, 34.0550724], [-84.2327297, 34.0541749], [-84.2331593, 34.0535103], [-84.2334812, 34.0532383], [-84.2345649, 34.0522882], [-84.2355573, 34.0513997], [-84.2364356, 34.0506275], [-84.2373326, 34.0498754], [-84.2373779, 34.0489606], [-84.2374231, 34.0478976], [-84.2403578, 34.0487623], [-84.2437646, 34.0497485], [-84.2473505, 34.0508169], [-84.2497351, 34.0515124], [-84.2511972, 34.0519388], [-84.2539426, 34.0527391], [-84.2573441, 34.0537303], [-84.2598568, 34.0544706], [-84.2642235, 34.0557565], [-84.2676632, 34.0567671], [-84.2721617, 34.0580905], [-84.274844, 34.0588693], [-84.2759955, 34.0592105], [-84.2758381, 34.0581012]]}}, {"type": "Feature", "properties": {"power": "line", "name": "", "voltage": "230000", "operator": ""}, "geometry": {"type": "LineString", "coordinates": [[-84.5851314, 34.049839], [-84.5845749, 34.0490065], [-84.5831998, 34.049455], [-84.5819235, 34.0498768], [-84.5804154, 34.0505062], [-84.5788959, 34.0515401], [-84.5776162, 34.0521259], [-84.5763492, 34.0526841], [-84.5748056, 34.0530733], [-84.5737102, 34.0543829], [-84.5725592, 34.0552752], [-84.5716, 34.0562681], [-84.5708897, 34.0569526], [-84.5697814, 34.0580319], [-84.568346, 34.0587663], [-84.5664055, 34.058875], [-84.5648446, 34.0598313], [-84.5633309, 34.0602189], [-84.5622154, 34.0603972], [-84.5610154, 34.060513], [-84.5590852, 34.0605161], [-84.5586611, 34.0596186], [-84.5580064, 34.0591002], [-84.5575807, 34.0581677], [-84.5570348, 34.0569101], [-84.5564744, 34.0559304], [-84.5563115, 34.0559361], [-84.5558687, 34.0559515], [-84.5551089, 34.0569061], [-84.5545702, 34.0568862]]}}, {"type": "Feature", "properties": {"power": "substation", "name": "Kimball Bridge Substation", "voltage": "230000", "operator": "Georgia Power"}, "geometry": {"type": "Point", "coordinates": [-84.27608622, 34.05778128]}}, {"type": "Feature", "properties": {"power": "substation", "name": "Busbee Parkway Substation", "voltage": "230000", "operator": "Georgia Power"}, "geometry": {"type": "Point", "coordinates": [-84.58528403333334, 34.0501073]}}, {"type": "Feature", "properties": {"power": "substation", "name": "Hawkins Store Road Substation", "voltage": "230000", "operator": "Georgia Power"}, "geometry": {"type": "Point", "coordinates": [-84.55455115714287, 34.05714304285714]}}, {"type": "Feature", "properties": {"power": "line", "name": "", "voltage": "230000", "operator": ""}, "geometry": {"type": "LineString", "coordinates": [[-84.5137919, 34.0848976], [-84.514022, 34.0848864], [-84.5142031, 34.0847644], [-84.5132233, 34.0841071], [-84.5134764, 34.0830001], [-84.514795, 34.0830417], [-84.5166377, 34.0830576], [-84.5181214, 34.0830794], [-84.5188968, 34.0821518], [-84.5199049, 34.082306], [-84.5208305, 34.0824812], [-84.5223145, 34.0825358], [-84.5224905, 34.0832633], [-84.523979, 34.0832851], [-84.525166, 34.0833069], [-84.5270054, 34.0833404], [-84.5288549, 34.0833825], [-84.5305234, 34.0834072], [-84.5323039, 34.0834647], [-84.5338092, 34.0825153], [-84.535348, 34.0815698], [-84.5357428, 34.0800198], [-84.5361664, 34.0784302], [-84.5366378, 34.0766284], [-84.5370662, 34.0749098], [-84.5382463, 34.0742561], [-84.5385497, 34.0719643], [-84.5373364, 34.0708958], [-84.5364198, 34.0708146], [-84.5357545, 34.0700474], [-84.5351081, 34.0693083], [-84.5349947, 34.0687743], [-84.5359382, 34.0671922], [-84.5360581, 34.0655184], [-84.5361879, 34.064011], [-84.5362932, 34.0625726], [-84.5364328, 34.0610732], [-84.5365528, 34.0594825], [-84.5367292, 34.0578756], [-84.5358916, 34.0564513], [-84.5374628, 34.0572], [-84.5389674, 34.0573821], [-84.5405677, 34.0577345], [-84.5420342, 34.0577384], [-84.5440066, 34.0577052], [-84.5458512, 34.0574082], [-84.5475505, 34.0574643], [-84.5492932, 34.0575163], [-84.5504292, 34.0575545], [-84.5519905, 34.0575971], [-84.5530184, 34.0576308], [-84.5540941, 34.057669], [-84.5541384, 34.0568571], [-84.5545702, 34.0568862]]}}, {"type": "Feature", "properties": {"power": "line", "name": "", "voltage": "230000", "operator": ""}, "geometry": {"type": "LineString", "coordinates": [[-84.5852794, 34.0498069], [-84.584811, 34.0489566], [-84.5858972, 34.0493183], [-84.5875339, 34.0490974], [-84.589186, 34.048595], [-84.590658, 34.0497019], [-84.5920866, 34.0504363], [-84.5936746, 34.0509049], [-84.5956572, 34.0508405], [-84.5960786, 34.0505999], [-84.5962221, 34.0500883], [-84.5970567, 34.0495005], [-84.5979114, 34.0489626], [-84.5990542, 34.0484713], [-84.5995901, 34.0479912], [-84.5998799, 34.0474656], [-84.6012625, 34.0475787], [-84.6030966, 34.0481171], [-84.6045037, 34.0481135], [-84.6051497, 34.0479435], [-84.6065576, 34.0481311], [-84.6088515, 34.0484077], [-84.6105959, 34.0482396], [-84.6120122, 34.0492004], [-84.6122857, 34.0499567], [-84.6139286, 34.0507701], [-84.6149749, 34.0513371], [-84.6160848, 34.05255], [-84.6169938, 34.0537745], [-84.6175687, 34.0545392], [-84.6181336, 34.0554291], [-84.6199203, 34.0563137], [-84.6214507, 34.0575819], [-84.6233655, 34.0587528], [-84.6234101, 34.0599413], [-84.623178, 34.0612196], [-84.6225796, 34.0621032], [-84.6226732, 34.0638098], [-84.6232065, 34.0642365], [-84.6244258, 34.0650459], [-84.6265592, 34.064744], [-84.6280053, 34.0645917], [-84.6297593, 34.0643553], [-84.6307821, 34.0641004], [-84.6320238, 34.063633], [-84.6333628, 34.0624567], [-84.6344473, 34.0622088], [-84.6350158, 34.0620788], [-84.6365816, 34.0615309], [-84.6382152, 34.0618739], [-84.6396942, 34.0622053], [-84.641242, 34.062566], [-84.6431085, 34.0629957], [-84.6442536, 34.0632715], [-84.6442654, 34.062687], [-84.6464006, 34.0624468], [-84.6483088, 34.0625262], [-84.6483213, 34.0617755]]}}, {"type": "Feature", "properties": {"power": "substation", "name": "Ocee Substation", "voltage": "230000", "operator": "Georgia Power"}, "geometry": {"type": "Point", "coordinates": [-84.22920954444444, 34.05735604444445]}}, {"type": "Feature", "properties": {"power": "line", "name": "", "voltage": "230000;115000", "operator": ""}, "geometry": {"type": "LineString", "coordinates": [[-84.5130669, 34.0833385], [-84.5134472, 34.0809742], [-84.5137908, 34.0788333], [-84.514083, 34.0770181], [-84.5144378, 34.0748077], [-84.5147628, 34.0726935], [-84.5151504, 34.0703027], [-84.5153771, 34.068859], [-84.5155289, 34.0660191], [-84.5156496, 34.0637887], [-84.5157359, 34.0622883], [-84.5158186, 34.0606937], [-84.5159206, 34.0587694]]}}, {"type": "Feature", "properties": {"power": "line", "name": "", "voltage": "115000", "operator": ""}, "geometry": {"type": "LineString", "coordinates": [[-84.5159206, 34.0587694], [-84.5159336, 34.057053], [-84.5160609, 34.0558785], [-84.5161312, 34.054631], [-84.5161784, 34.0535367]]}}, {"type": "Feature", "properties": {"power": "substation", "name": "Maybreeze Substation", "voltage": "115000", "operator": "Georgia Power"}, "geometry": {"type": "Point", "coordinates": [-84.51654906, 34.0534125]}}, {"type": "Feature", "properties": {"power": "line", "name": "", "voltage": "230000", "operator": ""}, "geometry": {"type": "LineString", "coordinates": [[-84.5615633, 34.0282114], [-84.5616453, 34.028633], [-84.5603267, 34.0289728], [-84.5595971, 34.0291656], [-84.5587236, 34.0293986], [-84.5574836, 34.0291628], [-84.555862, 34.0288632], [-84.5552981, 34.0285956], [-84.5543342, 34.028615], [-84.5530875, 34.02859], [-84.55245, 34.0285595], [-84.5518375, 34.0285651], [-84.5508733, 34.0286473], [-84.5499149, 34.0286316], [-84.5499882, 34.0297848], [-84.5500853, 34.0308792], [-84.550187, 34.0319226], [-84.5502817, 34.0330718], [-84.5504368, 34.034218], [-84.5490446, 34.0342129], [-84.5476097, 34.0350743], [-84.5451398, 34.035181], [-84.5443512, 34.0352222], [-84.5432575, 34.0353683], [-84.5420417, 34.0355911], [-84.5406769, 34.035578], [-84.5393527, 34.0355593], [-84.5380285, 34.0354975], [-84.5367314, 34.0354395], [-84.535414, 34.0353814], [-84.5339586, 34.0354631], [-84.5322402, 34.036051], [-84.5315307, 34.0370494], [-84.530735, 34.0379153], [-84.5296964, 34.0383046], [-84.5285044, 34.0385933], [-84.5286933, 34.0394652], [-84.5289385, 34.0405513], [-84.5291886, 34.0416498], [-84.5294688, 34.0428725], [-84.5297128, 34.0439622], [-84.5298326, 34.0447805], [-84.5296699, 34.0457298], [-84.529062, 34.0468906], [-84.5285174, 34.0477744], [-84.5277939, 34.0487834], [-84.5272583, 34.0496101], [-84.5265542, 34.0506554], [-84.5258806, 34.0516911], [-84.5251434, 34.0527928], [-84.5244874, 34.0537206], [-84.5234316, 34.0547369], [-84.5224429, 34.0552476], [-84.5219205, 34.0561156], [-84.5217134, 34.0569039], [-84.5204406, 34.0569295], [-84.5190511, 34.0569223], [-84.5181902, 34.0569295], [-84.5166532, 34.0569334], [-84.5160812, 34.056978], [-84.5159206, 34.0587694]]}}, {"type": "Feature", "properties": {"power": "line", "name": "", "voltage": "230000", "operator": ""}, "geometry": {"type": "LineString", "coordinates": [[-84.2292014, 34.0571945], [-84.2284955, 34.0564481], [-84.2257801, 34.0535942], [-84.2228625, 34.0505681], [-84.2208224, 34.0484672], [-84.2198868, 34.0474868], [-84.2170335, 34.0445261], [-84.217034, 34.0418071], [-84.21704, 34.0394642], [-84.2197362, 34.0370841], [-84.2197517, 34.0341364], [-84.2199166, 34.0290563], [-84.2199235, 34.0220345], [-84.2198799, 34.0177612], [-84.2198486, 34.0160603], [-84.2198303, 34.0150063], [-84.2210028, 34.0150757], [-84.2223533, 34.0152479], [-84.2232866, 34.0153671], [-84.2238428, 34.015436]]}}, {"type": "Feature", "properties": {"power": "substation", "name": "", "voltage": "230000", "operator": "Georgia Power"}, "geometry": {"type": "Point", "coordinates": [-84.22408056, 34.015387520000004]}}, {"type": "Feature", "properties": {"power": "substation", "name": "", "voltage": "230000", "operator": "Georgia Power"}, "geometry": {"type": "Point", "coordinates": [-84.22530748, 34.01826614]}}, {"type": "Feature", "properties": {"power": "line", "name": "", "voltage": "230000", "operator": ""}, "geometry": {"type": "LineString", "coordinates": [[-84.2060647, 33.9700139], [-84.2062864, 33.9729569], [-84.2065009, 33.975794], [-84.2067061, 33.9787055], [-84.2094286, 33.982917], [-84.21129, 33.9858372], [-84.2139012, 33.989927], [-84.215882, 33.9930282], [-84.217608, 33.9957246], [-84.2198503, 33.9991725], [-84.2198128, 34.0026813], [-84.2198128, 34.0062568], [-84.2198007, 34.0107037], [-84.2198262, 34.0129348], [-84.2198436, 34.0147267], [-84.2210197, 34.0149502], [-84.2223971, 34.0151219], [-84.2233077, 34.0152392], [-84.223875, 34.0152922], [-84.2247177, 34.0154195], [-84.2249878, 34.0164461], [-84.2252387, 34.0174727], [-84.2253919, 34.0181313]]}}, {"type": "Feature", "properties": {"power": "line", "name": "", "voltage": "230000", "operator": ""}, "geometry": {"type": "LineString", "coordinates": [[-84.2241864, 34.0154678], [-84.2245955, 34.01553], [-84.2248513, 34.0165281], [-84.2250908, 34.0174929], [-84.2251113, 34.018147]]}}, {"type": "Feature", "properties": {"power": "substation", "name": "", "voltage": "230000", "operator": "Georgia Power"}, "geometry": {"type": "Point", "coordinates": [-84.20583764285713, 33.96985502857143]}}, {"type": "Feature", "properties": {"power": "line", "name": "", "voltage": "230000", "operator": ""}, "geometry": {"type": "LineString", "coordinates": [[-84.4637362, 33.6754343], [-84.4642031, 33.6750503]]}}, {"type": "Feature", "properties": {"power": "line", "name": "", "voltage": "230000", "operator": ""}, "geometry": {"type": "LineString", "coordinates": [[-84.4638634, 33.6755265], [-84.4642031, 33.6750503]]}}, {"type": "Feature", "properties": {"power": "line", "name": "", "voltage": "230000", "operator": ""}, "geometry": {"type": "LineString", "coordinates": [[-84.5259075, 33.6144248], [-84.5250988, 33.6150011]]}}, {"type": "Feature", "properties": {"power": "line", "name": "", "voltage": "230000", "operator": ""}, "geometry": {"type": "LineString", "coordinates": [[-84.5269193, 33.6131931], [-84.5250988, 33.6150011]]}}, {"type": "Feature", "properties": {"power": "line", "name": "", "voltage": "230000", "operator": ""}, "geometry": {"type": "LineString", "coordinates": [[-84.5250988, 33.6150011], [-84.5226539, 33.6174083], [-84.5200464, 33.6199653], [-84.5171972, 33.6228109], [-84.515965, 33.6239972], [-84.5130532, 33.6268626], [-84.5110318, 33.6288464], [-84.5085408, 33.6313008], [-84.506138, 33.6336355], [-84.5041687, 33.6355778], [-84.5013536, 33.6383501], [-84.4982567, 33.6413673], [-84.4957063, 33.6439149], [-84.4940313, 33.6455241], [-84.4912001, 33.6482898], [-84.4884742, 33.650977], [-84.4863935, 33.6529994], [-84.4846531, 33.6547056], [-84.4829928, 33.6563139], [-84.4815941, 33.657691], [-84.4803041, 33.6589552], [-84.4792588, 33.659976], [-84.4782897, 33.6609201], [-84.4753253, 33.6637339], [-84.4724067, 33.6665252], [-84.470154, 33.6687295], [-84.4679565, 33.670877], [-84.4662706, 33.6726463], [-84.4642031, 33.6750503]]}}, {"type": "Feature", "properties": {"power": "line", "name": "", "voltage": "230000", "operator": ""}, "geometry": {"type": "LineString", "coordinates": [[-84.5269193, 33.6131931], [-84.528066, 33.6120705], [-84.5308483, 33.6093409], [-84.5325138, 33.6074334], [-84.5359836, 33.6042316], [-84.5378139, 33.602401]]}}, {"type": "Feature", "properties": {"power": "line", "name": "", "voltage": "230000", "operator": ""}, "geometry": {"type": "LineString", "coordinates": [[-84.4361601, 33.7780122], [-84.4391418, 33.7781101], [-84.4422199, 33.778217], [-84.4441665, 33.7794221], [-84.4448925, 33.7806654], [-84.445748, 33.7821572], [-84.4472887, 33.7848251], [-84.4484369, 33.7868166], [-84.4502928, 33.7900324], [-84.451435, 33.7919553], [-84.4531153, 33.794446], [-84.4550355, 33.7973087], [-84.4559779, 33.7986852], [-84.4580493, 33.8017669], [-84.4599983, 33.8047197], [-84.4616702, 33.8071871], [-84.4632345, 33.8095176], [-84.4653811, 33.8127154], [-84.4665886, 33.8141262], [-84.4672962, 33.8152672], [-84.4687159, 33.8175074], [-84.4707644, 33.8208108], [-84.4723566, 33.8234154], [-84.4738202, 33.8220487], [-84.4740245, 33.8218579], [-84.4745162, 33.8220636], [-84.4765788, 33.8229264]]}}, {"type": "Feature", "properties": {"power": "line", "name": "", "voltage": "230000;115000", "operator": ""}, "geometry": {"type": "LineString", "coordinates": [[-84.4380177, 33.7778617], [-84.4360589, 33.7778016]]}}, {"type": "Feature", "properties": {"power": "line", "name": "", "voltage": "115000", "operator": ""}, "geometry": {"type": "LineString", "coordinates": [[-84.4527497, 33.6887868], [-84.4525547, 33.6902091], [-84.4525751, 33.6922679]]}}, {"type": "Feature", "properties": {"power": "line", "name": "", "voltage": "230000", "operator": ""}, "geometry": {"type": "LineString", "coordinates": [[-84.4520607, 33.6906041], [-84.452529, 33.690646], [-84.4525751, 33.6922679]]}}, {"type": "Feature", "properties": {"power": "line", "name": "", "voltage": "230000", "operator": ""}, "geometry": {"type": "LineString", "coordinates": [[-84.4073465, 33.7727183], [-84.4075643, 33.7729293], [-84.4086449, 33.7733069], [-84.4090821, 33.7739989], [-84.4105037, 33.7740549], [-84.4105176, 33.7751673], [-84.4104958, 33.776255], [-84.4133689, 33.776279], [-84.415296, 33.7762876], [-84.4171993, 33.7763032], [-84.4174638, 33.77552], [-84.4191991, 33.7755293], [-84.4198222, 33.7755506], [-84.4209931, 33.7755379], [-84.4231763, 33.7755421], [-84.4250875, 33.7755406], [-84.4263009, 33.775508], [-84.427093, 33.7755238], [-84.4295575, 33.7759245], [-84.4304114, 33.7760566], [-84.430409, 33.7768298]]}}, {"type": "Feature", "properties": {"power": "line", "name": "", "voltage": "230000", "operator": ""}, "geometry": {"type": "LineString", "coordinates": [[-84.4520668, 33.6905191], [-84.4524957, 33.6905204], [-84.4524328, 33.6904535], [-84.4527497, 33.6887868]]}}, {"type": "Feature", "properties": {"power": "line", "name": "", "voltage": "115000", "operator": "Georgia Power"}, "geometry": {"type": "LineString", "coordinates": [[-84.4604453, 33.6792462], [-84.4620495, 33.6774836], [-84.4619843, 33.676977], [-84.4620472, 33.6767275]]}}, {"type": "Feature", "properties": {"power": "line", "name": "", "voltage": "230000", "operator": ""}, "geometry": {"type": "LineString", "coordinates": [[-84.4631836, 33.6754919], [-84.4625148, 33.6758927], [-84.4618411, 33.6767871], [-84.461961, 33.677507], [-84.4604453, 33.6792462]]}}, {"type": "Feature", "properties": {"power": "line", "name": "", "voltage": "230000;115000", "operator": ""}, "geometry": {"type": "LineString", "coordinates": [[-84.4525751, 33.6922679], [-84.4525754, 33.6936408], [-84.4525397, 33.6952939], [-84.4525003, 33.6970642], [-84.4524518, 33.6984587], [-84.4524033, 33.7002869], [-84.4524184, 33.7016788], [-84.4524184, 33.7030809], [-84.4524093, 33.7046291], [-84.4524124, 33.7067194], [-84.4523639, 33.7089912], [-84.4529004, 33.7103503], [-84.4537581, 33.7114496], [-84.4546159, 33.712032], [-84.4565831, 33.7134238], [-84.4588169, 33.7150247], [-84.4602688, 33.7160584], [-84.4622511, 33.7174728], [-84.464397, 33.7190057], [-84.4649305, 33.7212444], [-84.4651548, 33.7221898], [-84.4653509, 33.7229798], [-84.4655172, 33.7236847], [-84.4659352, 33.7255088], [-84.466388, 33.7273144], [-84.4664227, 33.7288916], [-84.4664043, 33.7299949], [-84.4663735, 33.7315145], [-84.4663551, 33.733149], [-84.4663183, 33.7358969], [-84.4662753, 33.7384532], [-84.4662421, 33.7407298], [-84.4662144, 33.7422556], [-84.4661754, 33.7448991], [-84.4660864, 33.7462142], [-84.4659021, 33.7474721], [-84.4659113, 33.7500485], [-84.4658683, 33.7523516], [-84.4658968, 33.7530712], [-84.4656949, 33.7539523], [-84.4647394, 33.7553786], [-84.4628655, 33.7565737], [-84.4613845, 33.757545], [-84.4599671, 33.7584753], [-84.457928, 33.7598055], [-84.455869, 33.761156], [-84.4542721, 33.7622104], [-84.4519167, 33.7637575], [-84.4508511, 33.764452], [-84.4490393, 33.765634], [-84.4476977, 33.7664936], [-84.445874, 33.7677143], [-84.4442577, 33.7687751], [-84.4419177, 33.7703144], [-84.4418864, 33.7712594], [-84.4419046, 33.7724861]]}}, {"type": "Feature", "properties": {"power": "substation", "name": "East Point Water Works Substation", "voltage": "230000", "operator": ""}, "geometry": {"type": "Point", "coordinates": [-84.45220972857143, 33.690392685714286]}}, {"type": "Feature", "properties": {"power": "substation", "name": "", "voltage": "115000", "operator": "Georgia Power"}, "geometry": {"type": "Point", "coordinates": [-84.46828262857142, 33.81763195714286]}}, {"type": "Feature", "properties": {"power": "substation", "name": "Cascade Heights Substation", "voltage": "115000", "operator": "Georgia Power"}, "geometry": {"type": "Point", "coordinates": [-84.46540825714285, 33.72312817142857]}}, {"type": "Feature", "properties": {"power": "line", "name": "", "voltage": "230000", "operator": ""}, "geometry": {"type": "LineString", "coordinates": [[-84.4380177, 33.7778617], [-84.4401162, 33.7779037], [-84.4419275, 33.776013], [-84.4418897, 33.7747448], [-84.4418607, 33.7736444], [-84.4419046, 33.7724861]]}}, {"type": "Feature", "properties": {"power": "line", "name": "", "voltage": "115000", "operator": ""}, "geometry": {"type": "LineString", "coordinates": [[-84.4380177, 33.7778617], [-84.4401691, 33.7779869], [-84.4420192, 33.7760426], [-84.4420581, 33.7747523], [-84.4420296, 33.773649], [-84.4419046, 33.7724861]]}}, {"type": "Feature", "properties": {"power": "line", "name": "", "voltage": "230000;115000", "operator": "Georgia Power"}, "geometry": {"type": "LineString", "coordinates": [[-84.4527497, 33.6887868], [-84.4535773, 33.687786], [-84.4548239, 33.6861991], [-84.4557029, 33.6850721], [-84.4564534, 33.6841033], [-84.4572261, 33.6831132], [-84.4583293, 33.6816871], [-84.4591617, 33.6805847], [-84.4604453, 33.6792462]]}}, {"type": "Feature", "properties": {"power": "substation", "name": "", "voltage": "230000", "operator": "Georgia Power"}, "geometry": {"type": "Point", "coordinates": [-84.49845991333333, 33.74924258666667]}}, {"type": "Feature", "properties": {"power": "line", "name": "", "voltage": "230000", "operator": "Georgia Power"}, "geometry": {"type": "LineString", "coordinates": [[-84.4979682, 33.7500547], [-84.4973498, 33.7518722], [-84.4967592, 33.7538477], [-84.4954252, 33.756605], [-84.4949672, 33.7575683], [-84.4944173, 33.7606959], [-84.4944476, 33.7632105], [-84.4959919, 33.7651444], [-84.4961538, 33.7669948], [-84.4963871, 33.7694593], [-84.4966451, 33.7719367], [-84.4977483, 33.7751505], [-84.4988277, 33.7782456], [-84.4998562, 33.7806551], [-84.500653, 33.7826217], [-84.5016194, 33.7848727], [-84.5023832, 33.7865147], [-84.5032678, 33.7885662], [-84.5046971, 33.7919263], [-84.504669, 33.7936937], [-84.5046473, 33.7950482], [-84.504487, 33.7990737], [-84.5043591, 33.8019452], [-84.5042238, 33.8053258], [-84.5013423, 33.8078893], [-84.499149, 33.8098013], [-84.4955916, 33.8127652], [-84.493683, 33.8143553], [-84.4903837, 33.8170704], [-84.4866576, 33.8201475], [-84.484372, 33.8220418], [-84.479264, 33.821851]]}}, {"type": "Feature", "properties": {"power": "line", "name": "", "voltage": "230000", "operator": ""}, "geometry": {"type": "LineString", "coordinates": [[-84.4640032, 33.6756201], [-84.4644912, 33.6752201]]}}, {"type": "Feature", "properties": {"power": "line", "name": "", "voltage": "230000", "operator": ""}, "geometry": {"type": "LineString", "coordinates": [[-84.4983644, 33.7489646], [-84.4979682, 33.7500547]]}}, {"type": "Feature", "properties": {"power": "line", "name": "", "voltage": "230000", "operator": ""}, "geometry": {"type": "LineString", "coordinates": [[-84.4641284, 33.6756942], [-84.4644912, 33.6752201]]}}, {"type": "Feature", "properties": {"power": "line", "name": "", "voltage": "230000", "operator": ""}, "geometry": {"type": "LineString", "coordinates": [[-84.4985455, 33.7484272], [-84.498725, 33.7476903]]}}, {"type": "Feature", "properties": {"power": "line", "name": "", "voltage": "230000", "operator": ""}, "geometry": {"type": "LineString", "coordinates": [[-84.4644912, 33.6752201], [-84.4667846, 33.6758943], [-84.4708052, 33.6757], [-84.4758251, 33.6754634], [-84.4784994, 33.678667], [-84.4803872, 33.6809225], [-84.4819391, 33.6827747], [-84.4845152, 33.6859888], [-84.4868182, 33.6888777], [-84.4890894, 33.691728], [-84.4906497, 33.6936861], [-84.4910662, 33.6945626], [-84.4919013, 33.6961674], [-84.4935132, 33.6992231], [-84.4952796, 33.7025249], [-84.4969596, 33.7057268], [-84.4987526, 33.7090477], [-84.4994542, 33.7104282], [-84.5004422, 33.7122949], [-84.5018512, 33.7149267], [-84.5035049, 33.7180533], [-84.5049436, 33.7207601], [-84.5054825, 33.7235491], [-84.5062394, 33.7274151], [-84.506684, 33.7297216], [-84.5073396, 33.7331801], [-84.5032279, 33.7394406], [-84.5017958, 33.7416103], [-84.4996145, 33.7449152], [-84.498725, 33.7476903]]}}, {"type": "Feature", "properties": {"power": "substation", "name": "", "voltage": "115000", "operator": "Georgia Power"}, "geometry": {"type": "Point", "coordinates": [-84.49189294, 33.81620152]}}, {"type": "Feature", "properties": {"power": "line", "name": "", "voltage": "230000", "operator": ""}, "geometry": {"type": "LineString", "coordinates": [[-84.4979682, 33.7500547], [-84.4982152, 33.7489112], [-84.4983943, 33.7483932], [-84.498725, 33.7476903]]}}, {"type": "Feature", "properties": {"power": "substation", "name": "", "voltage": "115000", "operator": "Georgia Power"}, "geometry": {"type": "Point", "coordinates": [-84.49060806666667, 33.69317085]}}, {"type": "Feature", "properties": {"power": "substation", "name": "", "voltage": "115000", "operator": "Georgia Power"}, "geometry": {"type": "Point", "coordinates": [-84.48431646666667, 33.821732133333335]}}, {"type": "Feature", "properties": {"power": "line", "name": "", "voltage": "115000", "operator": "Georgia Power"}, "geometry": {"type": "LineString", "coordinates": [[-84.4635612, 33.6765815], [-84.4647265, 33.6758703], [-84.4660308, 33.6758177], [-84.4668908, 33.675738], [-84.4679912, 33.6756451], [-84.4703586, 33.6755109], [-84.4721579, 33.675431], [-84.4758993, 33.675235], [-84.4774681, 33.6771327], [-84.4787862, 33.6786801], [-84.4809314, 33.6812513], [-84.4822144, 33.6827861], [-84.4834599, 33.6843271], [-84.4851314, 33.6864395], [-84.4871036, 33.6889208], [-84.4881636, 33.690249], [-84.4893014, 33.6916648], [-84.4899935, 33.6925261], [-84.4906124, 33.6932743]]}}, {"type": "Feature", "properties": {"power": "line", "name": "", "voltage": "115000", "operator": "Georgia Power"}, "geometry": {"type": "LineString", "coordinates": [[-84.4907266, 33.6933717], [-84.4912416, 33.6944897], [-84.4917072, 33.6953641], [-84.4920731, 33.6960515], [-84.49288, 33.6975833], [-84.4934413, 33.6986278], [-84.4940854, 33.6998016], [-84.4954536, 33.7024306], [-84.4970518, 33.7054045], [-84.4984947, 33.708147], [-84.4994119, 33.7098835], [-84.5005872, 33.7121015], [-84.5020683, 33.714874], [-84.5031358, 33.7168772], [-84.5042234, 33.7189387], [-84.5051958, 33.7206896], [-84.5055691, 33.7227947], [-84.5058498, 33.7242475], [-84.5064688, 33.7274489], [-84.5067996, 33.7291475], [-84.5072005, 33.7312546], [-84.5076115, 33.7332136], [-84.5062859, 33.7351674], [-84.5051683, 33.7368973], [-84.5045455, 33.7380143]]}}, {"type": "Feature", "properties": {"power": "line", "name": "", "voltage": "115000", "operator": "Georgia Power"}, "geometry": {"type": "LineString", "coordinates": [[-84.6171203, 33.6866446], [-84.6151899, 33.6863959], [-84.6105403, 33.6859674]]}}, {"type": "Feature", "properties": {"power": "line", "name": "", "voltage": "230000;115000", "operator": "Georgia Power"}, "geometry": {"type": "LineString", "coordinates": [[-84.5036373, 33.6737915], [-84.506073, 33.6740508], [-84.5092678, 33.6744207], [-84.5130953, 33.6748601], [-84.5176494, 33.6751757], [-84.520924, 33.6754058], [-84.5246169, 33.6756594], [-84.5279057, 33.6764026], [-84.5317297, 33.6772727], [-84.5351407, 33.6780565], [-84.5392792, 33.6789933], [-84.5431635, 33.6798781], [-84.5476395, 33.6809014], [-84.5500885, 33.6814647]]}}, {"type": "Feature", "properties": {"power": "line", "name": "", "voltage": "230000", "operator": "Georgia Power"}, "geometry": {"type": "LineString", "coordinates": [[-84.5889775, 33.6842731], [-84.5860744, 33.6841408], [-84.583974, 33.6841557], [-84.5799359, 33.6842623]]}}, {"type": "Feature", "properties": {"power": "substation", "name": "", "voltage": "230000", "operator": "Georgia Power"}, "geometry": {"type": "Point", "coordinates": [-84.61568129999999, 33.68558462]}}, {"type": "Feature", "properties": {"power": "line", "name": "", "voltage": "115000", "operator": "Georgia Power"}, "geometry": {"type": "LineString", "coordinates": [[-84.5889775, 33.6842731], [-84.5860718, 33.6842838], [-84.5839791, 33.6842944], [-84.5799359, 33.6842623]]}}, {"type": "Feature", "properties": {"power": "line", "name": "", "voltage": "230000", "operator": "Georgia Power"}, "geometry": {"type": "LineString", "coordinates": [[-84.6155957, 33.6857944], [-84.6151683, 33.6857994], [-84.6151854, 33.686343], [-84.6186549, 33.6866627], [-84.6177104, 33.6875054], [-84.6169669, 33.6881472], [-84.6161378, 33.6888762], [-84.6150545, 33.6898718], [-84.614125, 33.6907039], [-84.613016, 33.6917528], [-84.6121207, 33.6925351], [-84.6112574, 33.6932853], [-84.6099882, 33.6936871], [-84.609001, 33.6945422], [-84.6078173, 33.6955822], [-84.6068493, 33.6964373], [-84.6059348, 33.6972338], [-84.6051228, 33.6979537], [-84.6041292, 33.698823], [-84.6029668, 33.6998683], [-84.601954, 33.7007412], [-84.6008416, 33.7017355], [-84.5999673, 33.7024819], [-84.5991469, 33.7032135], [-84.5982078, 33.7040347], [-84.5978255, 33.7043633], [-84.598367, 33.7047978], [-84.5990423, 33.705304]]}}, {"type": "Feature", "properties": {"power": "line", "name": "", "voltage": "115000", "operator": "Georgia Power"}, "geometry": {"type": "LineString", "coordinates": [[-84.46348, 33.6765258], [-84.4646654, 33.6757249], [-84.4660333, 33.6756605], [-84.4679507, 33.6754914]]}}, {"type": "Feature", "properties": {"power": "line", "name": "", "voltage": "230000", "operator": "Georgia Power"}, "geometry": {"type": "LineString", "coordinates": [[-84.6105403, 33.6859674], [-84.6150582, 33.6863288], [-84.615024, 33.685654], [-84.6156049, 33.6856465]]}}, {"type": "Feature", "properties": {"power": "line", "name": "", "voltage": "230000", "operator": ""}, "geometry": {"type": "LineString", "coordinates": [[-84.6213558, 33.6295943], [-84.6217368, 33.629761], [-84.6223393, 33.6296477], [-84.6239116, 33.6303646], [-84.6255053, 33.6311122], [-84.6271009, 33.6318177], [-84.6262997, 33.6338241], [-84.6255493, 33.6357578], [-84.6258049, 33.6380049], [-84.6260408, 33.6400426], [-84.6263712, 33.6423661], [-84.6253512, 33.6448568], [-84.6247065, 33.6463469], [-84.6239535, 33.6480854], [-84.6235454, 33.648824], [-84.622976, 33.6496944], [-84.6229105, 33.6513741], [-84.6228818, 33.6529189], [-84.6225629, 33.6531683], [-84.6224777, 33.6545136], [-84.6224063, 33.6561997], [-84.6224063, 33.6573985], [-84.6216724, 33.6579979], [-84.6216587, 33.6591556], [-84.6216889, 33.6602788], [-84.6189953, 33.6602766], [-84.6169614, 33.6602743], [-84.6149577, 33.6602285], [-84.6137538, 33.6617201], [-84.6142183, 33.6633924], [-84.6144409, 33.6649823], [-84.6132948, 33.6665927], [-84.6131189, 33.669061], [-84.6129952, 33.6711677], [-84.6129622, 33.6730091], [-84.612473, 33.6738166], [-84.6124482, 33.6749625], [-84.6124372, 33.6767649], [-84.6133333, 33.6783958], [-84.6129705, 33.679624], [-84.6125802, 33.6810809], [-84.6126077, 33.6829541], [-84.6149192, 33.6830296], [-84.6149412, 33.6841869], [-84.6150319, 33.6855088], [-84.6156089, 33.6854985]]}}, {"type": "Feature", "properties": {"power": "substation", "name": "", "voltage": "230000", "operator": "Georgia Power"}, "geometry": {"type": "Point", "coordinates": [-84.62125205, 33.6293861]}}, {"type": "Feature", "properties": {"power": "line", "name": "", "voltage": "230000", "operator": "Georgia Power"}, "geometry": {"type": "LineString", "coordinates": [[-84.4642569, 33.6758021], [-84.4645952, 33.6755164], [-84.4653019, 33.6754914], [-84.4660236, 33.6755247], [-84.4679507, 33.6754914]]}}, {"type": "Feature", "properties": {"power": "line", "name": "", "voltage": "230000;115000", "operator": "Georgia Power"}, "geometry": {"type": "LineString", "coordinates": [[-84.4989562, 33.7478235], [-84.4998564, 33.7449827], [-84.5020239, 33.7417171], [-84.5034523, 33.7395374], [-84.5045455, 33.7380143]]}}, {"type": "Feature", "properties": {"power": "line", "name": "", "voltage": "230000;115000", "operator": "Georgia Power"}, "geometry": {"type": "LineString", "coordinates": [[-84.5889775, 33.6842731], [-84.5921191, 33.6842859], [-84.5948093, 33.6845293], [-84.5991959, 33.6849272], [-84.6027973, 33.6852653], [-84.6070948, 33.6856445], [-84.6105403, 33.6859674]]}}, {"type": "Feature", "properties": {"power": "line", "name": "O'Hara - Union City 230kV", "voltage": "230000", "operator": "Georgia Transmission Corporation"}, "geometry": {"type": "LineString", "coordinates": [[-84.5091106, 33.5515049], [-84.5076237, 33.5512664], [-84.5076777, 33.546412], [-84.5077331, 33.5432093], [-84.5026228, 33.543139], [-84.4961387, 33.5430538], [-84.492432, 33.5430038], [-84.4889775, 33.5429533], [-84.488877, 33.5402127], [-84.4889092, 33.5374178], [-84.4889596, 33.532666], [-84.4890015, 33.529005], [-84.4890351, 33.5250885], [-84.488733, 33.5205144], [-84.4885359, 33.5175453], [-84.4882657, 33.5138715], [-84.4883927, 33.510619], [-84.4884669, 33.5070205], [-84.4885469, 33.5025686], [-84.4885783, 33.5016597], [-84.490604, 33.5010769]]}}, {"type": "Feature", "properties": {"power": "line", "name": "", "voltage": "230000;115000", "operator": ""}, "geometry": {"type": "LineString", "coordinates": [[-84.3124627, 33.5368014], [-84.3128379, 33.538351], [-84.3133025, 33.5397483], [-84.3137239, 33.5411326], [-84.3142756, 33.5429246], [-84.3146972, 33.5443165], [-84.3152357, 33.5460397], [-84.3156191, 33.547219], [-84.3160254, 33.5485028], [-84.3165503, 33.5501594], [-84.3171117, 33.5520994], [-84.3176202, 33.5538842], [-84.3179752, 33.5551067], [-84.3184612, 33.5567066], [-84.3188983, 33.5580939], [-84.3189928, 33.5584439], [-84.3195268, 33.5601935], [-84.3199667, 33.5616745], [-84.3203566, 33.5627656], [-84.3207082, 33.5637826], [-84.3211184, 33.5649528], [-84.3217125, 33.56665], [-84.3218984, 33.567539], [-84.3222217, 33.5688574], [-84.322929, 33.571164], [-84.3235776, 33.5733156], [-84.3241131, 33.5750413], [-84.3247718, 33.5771828], [-84.3252149, 33.5786266], [-84.3256396, 33.5800214], [-84.3261156, 33.5815956], [-84.3266431, 33.5833008], [-84.327219, 33.5852744]]}}, {"type": "Feature", "properties": {"power": "line", "name": "", "voltage": "230000;115000", "operator": ""}, "geometry": {"type": "LineString", "coordinates": [[-84.4190007, 33.5849091], [-84.4216115, 33.5837809], [-84.4249433, 33.5823094], [-84.4296088, 33.580293], [-84.4331354, 33.5787656], [-84.4369369, 33.5771092], [-84.4411608, 33.5752768], [-84.4440702, 33.5740178], [-84.4482395, 33.5722035], [-84.4522704, 33.5704348], [-84.4558504, 33.568001], [-84.4583198, 33.5663063], [-84.4607866, 33.5646325], [-84.4638173, 33.5625623]]}}, {"type": "Feature", "properties": {"power": "line", "name": "", "voltage": "230000", "operator": ""}, "geometry": {"type": "LineString", "coordinates": [[-84.4190007, 33.5849091], [-84.4169814, 33.5857956]]}}, {"type": "Feature", "properties": {"power": "line", "name": "", "voltage": "230000;115000", "operator": ""}, "geometry": {"type": "LineString", "coordinates": [[-84.4169814, 33.5857956], [-84.4132913, 33.5873935], [-84.4108418, 33.5884533], [-84.4080302, 33.5891676], [-84.4043925, 33.5900866], [-84.4002997, 33.591124], [-84.3965346, 33.5920795], [-84.3930827, 33.5929439], [-84.3886767, 33.5940632], [-84.385141, 33.594967], [-84.3808042, 33.595149], [-84.376715, 33.5953371], [-84.3750554, 33.5948502], [-84.3709606, 33.593115], [-84.3661477, 33.5929379], [-84.3609599, 33.5927453], [-84.357215, 33.5944855], [-84.3530947, 33.5944374], [-84.3507131, 33.5943994], [-84.34687, 33.5943537], [-84.3428073, 33.594308], [-84.3381956, 33.5945904], [-84.3356765, 33.594731], [-84.3356296, 33.5967769], [-84.3355724, 33.5986012], [-84.3355899, 33.6013522], [-84.3352908, 33.6024539]]}}, {"type": "Feature", "properties": {"power": "substation", "name": "", "voltage": "115000", "operator": "Georgia Power"}, "geometry": {"type": "Point", "coordinates": [-84.24496728333334, 33.885115500000005]}}, {"type": "Feature", "properties": {"power": "substation", "name": "", "voltage": "230000", "operator": "Georgia Power"}, "geometry": {"type": "Point", "coordinates": [-84.36513052000001, 33.780028779999995]}}, {"type": "Feature", "properties": {"power": "substation", "name": "Argos Cement Substation", "voltage": "115000", "operator": ""}, "geometry": {"type": "Point", "coordinates": [-84.4690251, 33.82425808]}}, {"type": "Feature", "properties": {"power": "substation", "name": "", "voltage": "115000", "operator": "Georgia Power"}, "geometry": {"type": "Point", "coordinates": [-84.45981766, 33.82992504]}}, {"type": "Feature", "properties": {"power": "substation", "name": "", "voltage": "230000", "operator": "Georgia Power"}, "geometry": {"type": "Point", "coordinates": [-84.47479994, 33.826416519999995]}}, {"type": "Feature", "properties": {"power": "plant", "name": "Plant McDonough-Atkinson", "voltage": "", "operator": "Georgia Power"}, "geometry": {"type": "Point", "coordinates": [-84.47085667166667, 33.826890178333336]}}, {"type": "Feature", "properties": {"power": "substation", "name": "", "voltage": "115000", "operator": "Georgia Power"}, "geometry": {"type": "Point", "coordinates": [-84.4728437, 33.82556094444445]}}, {"type": "Feature", "properties": {"power": "substation", "name": "", "voltage": "230000", "operator": "Georgia Power"}, "geometry": {"type": "Point", "coordinates": [-84.47667596, 33.822649510000005]}}, {"type": "Feature", "properties": {"power": "substation", "name": "Old Alabama Road Substation", "voltage": "230000", "operator": "Georgia Power"}, "geometry": {"type": "Point", "coordinates": [-84.31084245833334, 34.03583619166667]}}, {"type": "Feature", "properties": {"power": "substation", "name": "", "voltage": "115000", "operator": "Georgia Power"}, "geometry": {"type": "Point", "coordinates": [-84.32757878, 33.788981220000004]}}, {"type": "Feature", "properties": {"power": "substation", "name": "", "voltage": "115000", "operator": ""}, "geometry": {"type": "Point", "coordinates": [-84.3281972111111, 33.79109781111111]}}, {"type": "Feature", "properties": {"power": "substation", "name": "", "voltage": "230000", "operator": "Georgia Power"}, "geometry": {"type": "Point", "coordinates": [-84.23004835, 33.788303166666665]}}, {"type": "Feature", "properties": {"power": "substation", "name": "", "voltage": "230000", "operator": "Georgia Power"}, "geometry": {"type": "Point", "coordinates": [-84.36635790714286, 33.79102349285714]}}, {"type": "Feature", "properties": {"power": "line", "name": "", "voltage": "230000", "operator": "Georgia Power"}, "geometry": {"type": "LineString", "coordinates": [[-84.5420974, 33.7472486], [-84.5411301, 33.745591], [-84.540473, 33.7444142], [-84.5378077, 33.7444015], [-84.5372306, 33.7443533], [-84.535069, 33.7443371], [-84.5351977, 33.7403368], [-84.5331747, 33.7402744], [-84.5297167, 33.7402375], [-84.5274255, 33.7402295], [-84.5255435, 33.7393249], [-84.523493, 33.7383402], [-84.5212627, 33.7372807], [-84.5181163, 33.7357738], [-84.5164686, 33.7357591], [-84.5148713, 33.7357212], [-84.5132034, 33.7357128], [-84.5120257, 33.7357002], [-84.5105087, 33.7356955], [-84.510394, 33.7367539], [-84.5102941, 33.7377938], [-84.5094765, 33.737983], [-84.508607, 33.7379907], [-84.5066869, 33.7380122], [-84.5045455, 33.7380143]]}}, {"type": "Feature", "properties": {"power": "line", "name": "", "voltage": "230000", "operator": "Georgia Power"}, "geometry": {"type": "LineString", "coordinates": [[-84.3034927, 33.858196], [-84.3049417, 33.8569853], [-84.3057163, 33.8563494], [-84.3088817, 33.8537386], [-84.3098245, 33.8529436], [-84.3121088, 33.851038], [-84.3120477, 33.8498665], [-84.3120024, 33.849116], [-84.3119789, 33.848629], [-84.3119176, 33.8473935], [-84.3118283, 33.8458125], [-84.3117237, 33.8442613], [-84.3103074, 33.8431815], [-84.3100218, 33.841805], [-84.3106648, 33.8402579], [-84.3096007, 33.8380198], [-84.3088659, 33.8365616], [-84.3081131, 33.8350377], [-84.3075747, 33.8339122], [-84.3065694, 33.8329711], [-84.3054671, 33.8319347], [-84.3042449, 33.8308155], [-84.3029486, 33.8296349], [-84.3020607, 33.8287998], [-84.3009634, 33.8277802], [-84.299828, 33.8267606], [-84.2998331, 33.8251772], [-84.2998331, 33.8240241], [-84.2998356, 33.8230723], [-84.299828, 33.8222031], [-84.299828, 33.8212916], [-84.2998254, 33.8201045], [-84.2994427, 33.8189873], [-84.2989961, 33.8177599], [-84.2985573, 33.8164964], [-84.2980673, 33.8151757], [-84.2976412, 33.8139524], [-84.2974608, 33.8124914], [-84.2973427, 33.8116708]]}}, {"type": "Feature", "properties": {"power": "substation", "name": "", "voltage": "115000", "operator": "Georgia Power"}, "geometry": {"type": "Point", "coordinates": [-84.40709791428571, 33.78805547142857]}}, {"type": "Feature", "properties": {"power": "line", "name": "", "voltage": "230000;115000", "operator": ""}, "geometry": {"type": "LineString", "coordinates": [[-84.0630825, 34.0578065], [-84.0616649, 34.0572055], [-84.0607088, 34.0568102], [-84.0594956, 34.055826], [-84.0585009, 34.0547123], [-84.0577653, 34.0538897], [-84.0569098, 34.0529359], [-84.0560751, 34.0520008], [-84.0547065, 34.050475], [-84.0537735, 34.0494319], [-84.0528927, 34.0484518], [-84.0517659, 34.0471827], [-84.0506964, 34.0459825], [-84.0495708, 34.0447433], [-84.048747, 34.0437896]]}}, {"type": "Feature", "properties": {"power": "line", "name": "", "voltage": "230000;46000", "operator": ""}, "geometry": {"type": "LineString", "coordinates": [[-84.2124357, 33.9344694], [-84.2113136, 33.9354776], [-84.2104007, 33.9362227], [-84.2091455, 33.9372571], [-84.2078966, 33.93816], [-84.2064455, 33.9393211], [-84.2052875, 33.9401713], [-84.203944, 33.9411717], [-84.20258, 33.9421883], [-84.2014207, 33.9430298], [-84.2003276, 33.9438791], [-84.1991683, 33.9448643], [-84.198154, 33.9457816], [-84.1971428, 33.9466779], [-84.1953378, 33.9480812], [-84.1940021, 33.9491866], [-84.1928554, 33.9501169], [-84.1917277, 33.9510785], [-84.1905338, 33.952048], [-84.1895793, 33.9528371], [-84.1884421, 33.9537909], [-84.1870371, 33.9549537], [-84.1858527, 33.9559387], [-84.1845957, 33.9570127], [-84.1834239, 33.9579716], [-84.182378, 33.9588338], [-84.1808439, 33.9600985], [-84.1792279, 33.9614467], [-84.1779143, 33.9625283], [-84.1768621, 33.9633879], [-84.1756393, 33.9644078], [-84.1738885, 33.9658522], [-84.1729021, 33.9666737], [-84.1714967, 33.9678464], [-84.1701547, 33.9689418], [-84.1691133, 33.969802], [-84.1681657, 33.9705967]]}}, {"type": "Feature", "properties": {"power": "substation", "name": "", "voltage": "115000", "operator": ""}, "geometry": {"type": "Point", "coordinates": [-84.13867972, 33.99836378]}}, {"type": "Feature", "properties": {"power": "line", "name": "", "voltage": "230000", "operator": "Georgia Power"}, "geometry": {"type": "LineString", "coordinates": [[-84.3653333, 33.7799806], [-84.3656585, 33.7799333], [-84.3664525, 33.7794606], [-84.3671767, 33.7804393]]}}, {"type": "Feature", "properties": {"power": "line", "name": "", "voltage": "230000", "operator": "Georgia Power"}, "geometry": {"type": "LineString", "coordinates": [[-84.365337, 33.78019], [-84.3656443, 33.780104], [-84.3665463, 33.7796546], [-84.3671767, 33.7804393]]}}, {"type": "Feature", "properties": {"power": "line", "name": "", "voltage": "230000", "operator": "Georgia Power"}, "geometry": {"type": "LineString", "coordinates": [[-84.3671767, 33.7804393], [-84.3678445, 33.7813133]]}}, {"type": "Feature", "properties": {"power": "line", "name": "", "voltage": "230000", "operator": "Georgia Power"}, "geometry": {"type": "LineString", "coordinates": [[-84.3678445, 33.7813133], [-84.3684507, 33.7820489], [-84.3689079, 33.780704], [-84.3692695, 33.779597], [-84.3696585, 33.7785671], [-84.3700221, 33.7774963], [-84.3703094, 33.7766443], [-84.3707179, 33.7754117], [-84.3709738, 33.7744589], [-84.3710218, 33.7737773], [-84.3710696, 33.7730982], [-84.3714556, 33.7721435], [-84.3716659, 33.7713344], [-84.3717198, 33.7704791], [-84.3717615, 33.7693088], [-84.3717997, 33.7679377], [-84.3718215, 33.7666737], [-84.3718371, 33.7655332], [-84.3712563, 33.7654929]]}}, {"type": "Feature", "properties": {"power": "line", "name": "", "voltage": "230000", "operator": "Georgia Power"}, "geometry": {"type": "LineString", "coordinates": [[-84.3678445, 33.7813133], [-84.3684427, 33.7821247], [-84.3681949, 33.7830744], [-84.3679571, 33.7838607], [-84.3675854, 33.7850261], [-84.3672193, 33.786236], [-84.3671771, 33.7874786], [-84.3669078, 33.7889696], [-84.3671546, 33.789655], [-84.3670673, 33.7907337], [-84.3669716, 33.7912579], [-84.3666769, 33.7912882]]}}, {"type": "Feature", "properties": {"power": "substation", "name": "Wabash", "voltage": "230000;12000", "operator": "Georgia Power"}, "geometry": {"type": "Point", "coordinates": [-84.37145048333333, 33.76547478333334]}}, {"type": "Feature", "properties": {"power": "substation", "name": "", "voltage": "230000", "operator": "Georgia Power"}, "geometry": {"type": "Point", "coordinates": [-84.37847701666666, 33.74527246666667]}}, {"type": "Feature", "properties": {"power": "line", "name": "", "voltage": "230000", "operator": "Georgia Power"}, "geometry": {"type": "LineString", "coordinates": [[-84.3712625, 33.7652205], [-84.3718416, 33.7652272], [-84.3718564, 33.7643641], [-84.3718797, 33.7631396], [-84.3719146, 33.7619951], [-84.3719517, 33.7608524], [-84.3720368, 33.758732], [-84.3720377, 33.7577407], [-84.3735549, 33.7577553], [-84.3749757, 33.7577726], [-84.3764991, 33.7577726], [-84.376517, 33.7568096], [-84.376547, 33.7560308], [-84.3766427, 33.755232], [-84.376544, 33.7544656], [-84.3765829, 33.7536022], [-84.3766038, 33.7524575], [-84.3766098, 33.7512457], [-84.3766068, 33.7497775], [-84.3765919, 33.7491355], [-84.3766008, 33.7480331], [-84.3766158, 33.7469157], [-84.3763883, 33.746423], [-84.376532, 33.7455172], [-84.3777052, 33.7456565], [-84.3778506, 33.7452362]]}}, {"type": "Feature", "properties": {"power": "substation", "name": "", "voltage": "230000;12000", "operator": "Georgia Power"}, "geometry": {"type": "Point", "coordinates": [-84.39490668333333, 33.81160203333334]}}, {"type": "Feature", "properties": {"power": "line", "name": "", "voltage": "230000", "operator": "Georgia Power"}, "geometry": {"type": "LineString", "coordinates": [[-84.3666668, 33.7914227], [-84.3675688, 33.7914207], [-84.3682042, 33.7918157], [-84.3691191, 33.7928447], [-84.3699885, 33.7943534], [-84.3706663, 33.7955815], [-84.3713752, 33.7968035], [-84.3726369, 33.7989145], [-84.3733559, 33.8000593], [-84.374155, 33.8015149], [-84.3749261, 33.802829], [-84.3759952, 33.8046977], [-84.3769175, 33.8062013], [-84.3779378, 33.8078645], [-84.3785922, 33.8089366], [-84.3789842, 33.8095098], [-84.3804846, 33.8108385], [-84.3823433, 33.8113565], [-84.3843401, 33.811718], [-84.3860346, 33.8116286], [-84.3880947, 33.8115544], [-84.3900818, 33.8115064], [-84.3919912, 33.8114749], [-84.3930993, 33.8114713], [-84.3952306, 33.8113365], [-84.3977609, 33.8112741], [-84.3998069, 33.8111969], [-84.4021133, 33.8099976], [-84.4023088, 33.8098959], [-84.4038655, 33.80908], [-84.4049768, 33.8085069], [-84.4065384, 33.8076989], [-84.4076162, 33.8071297], [-84.4095466, 33.8061466], [-84.4115728, 33.8050998], [-84.4128877, 33.8044311], [-84.414107, 33.8039892], [-84.415577, 33.8035417], [-84.416022, 33.8056521], [-84.4165029, 33.8078107], [-84.416862, 33.809716], [-84.4178171, 33.8109037], [-84.4196733, 33.8122207], [-84.4210145, 33.8131579], [-84.4227149, 33.8143342], [-84.4240257, 33.8153248], [-84.4250621, 33.8160086], [-84.426925, 33.8173425], [-84.4283374, 33.8182936], [-84.430119, 33.8195374], [-84.4314095, 33.8205279], [-84.4326323, 33.8214706], [-84.4342547, 33.8227227], [-84.4357044, 33.8238483], [-84.4378721, 33.8254775], [-84.4393861, 33.8266536], [-84.4404165, 33.8274548], [-84.4415886, 33.8282993], [-84.443501, 33.8297988], [-84.4448394, 33.8308571], [-84.4466504, 33.8322676], [-84.4480015, 33.8332589], [-84.4494681, 33.8344233], [-84.4512952, 33.8358207], [-84.4532879, 33.8373281], [-84.454157, 33.8380029], [-84.455775, 33.8392555], [-84.4570444, 33.8402561], [-84.457946, 33.8412113], [-84.458783, 33.8427108], [-84.4593079, 33.8435294], [-84.4601861, 33.84501], [-84.4611965, 33.8467313], [-84.4620928, 33.8482109], [-84.4628337, 33.8494437], [-84.463489, 33.8473756], [-84.4640137, 33.8454799], [-84.464298, 33.8444022], [-84.4646822, 33.8429739], [-84.4653876, 33.8404059], [-84.4657372, 33.8391092], [-84.4668125, 33.8353204], [-84.4681805, 33.8331051], [-84.4695602, 33.8321431], [-84.4712827, 33.8308505], [-84.4741978, 33.8286629], [-84.4772994, 33.8271137], [-84.4786637, 33.8264102], [-84.4783215, 33.8253694], [-84.4780039, 33.8243659], [-84.4777406, 33.8227937], [-84.4772839, 33.822449]]}}, {"type": "Feature", "properties": {"power": "line", "name": "", "voltage": "230000", "operator": "Georgia Power"}, "geometry": {"type": "LineString", "coordinates": [[-84.3527341, 33.8091302], [-84.353424, 33.8083241], [-84.3544681, 33.8070653], [-84.3558777, 33.8053558], [-84.3573406, 33.8036201], [-84.3590064, 33.8016539], [-84.3598852, 33.8005996], [-84.3610137, 33.7992902], [-84.36174, 33.7982453], [-84.3623699, 33.7972452], [-84.363188, 33.7959837], [-84.3638783, 33.7949572]]}}, {"type": "Feature", "properties": {"power": "substation", "name": "", "voltage": "115000", "operator": "Georgia Power"}, "geometry": {"type": "Point", "coordinates": [-84.4776267, 33.95332452]}}, {"type": "Feature", "properties": {"power": "substation", "name": "", "voltage": "230000", "operator": "Georgia Power"}, "geometry": {"type": "Point", "coordinates": [-84.48946127777778, 33.90071454444445]}}, {"type": "Feature", "properties": {"power": "substation", "name": "", "voltage": "115000", "operator": "Georgia Power"}, "geometry": {"type": "Point", "coordinates": [-84.43026107142857, 33.98326707142857]}}, {"type": "Feature", "properties": {"power": "substation", "name": "Burbank Substation", "voltage": "", "operator": "Metropolitan Atlanta Rapid Transit Authority"}, "geometry": {"type": "Point", "coordinates": [-84.4289409, 33.75625358]}}, {"type": "Feature", "properties": {"power": "line", "name": "", "voltage": "230000", "operator": "Georgia Power"}, "geometry": {"type": "LineString", "coordinates": [[-84.3344182, 33.9272094], [-84.3357505, 33.9271474], [-84.3372559, 33.9270837], [-84.3373159, 33.9260735], [-84.3375734, 33.9252345], [-84.3379317, 33.9244555], [-84.338451, 33.9232492], [-84.339054, 33.9219427], [-84.3393522, 33.9208477], [-84.339217, 33.9198505], [-84.3388898, 33.9188912], [-84.3382986, 33.9176047], [-84.3378727, 33.916474], [-84.3366802, 33.9153245], [-84.3360357, 33.9143622], [-84.3356061, 33.9133048], [-84.3348188, 33.9124146], [-84.3334659, 33.9114428], [-84.3333636, 33.9113693], [-84.3329486, 33.9099552], [-84.3328412, 33.9089379], [-84.3327573, 33.9078352], [-84.3325864, 33.9067618], [-84.3322659, 33.9059838], [-84.3318392, 33.9049006], [-84.3311844, 33.9041739], [-84.3309946, 33.9030833], [-84.3316023, 33.9020391], [-84.3320349, 33.9006982], [-84.3317877, 33.8997516], [-84.3308474, 33.8984143], [-84.3301235, 33.8973139], [-84.3294186, 33.8962684], [-84.3287697, 33.8950238], [-84.3304823, 33.8949402], [-84.332023, 33.894762], [-84.3322567, 33.8942563]]}}, {"type": "Feature", "properties": {"power": "substation", "name": "", "voltage": "115000", "operator": ""}, "geometry": {"type": "Point", "coordinates": [-84.48112698, 33.92763898]}}, {"type": "Feature", "properties": {"power": "substation", "name": "Georgia Transmission Substation - Terrell Mill", "voltage": "115000", "operator": "Marietta Power & Georgia Transmission"}, "geometry": {"type": "Point", "coordinates": [-84.46871630000001, 33.9208889]}}, {"type": "Feature", "properties": {"power": "substation", "name": "", "voltage": "115000", "operator": "Georgia Power"}, "geometry": {"type": "Point", "coordinates": [-84.46922488571428, 33.904746585714285]}}, {"type": "Feature", "properties": {"power": "substation", "name": "", "voltage": "12000", "operator": "Georgia Power"}, "geometry": {"type": "Point", "coordinates": [-84.46995421428572, 33.90437828571429]}}, {"type": "Feature", "properties": {"power": "substation", "name": "", "voltage": "115000;12000", "operator": "Georgia Power"}, "geometry": {"type": "Point", "coordinates": [-84.4940178, 33.96442841666667]}}, {"type": "Feature", "properties": {"power": "substation", "name": "", "voltage": "12000", "operator": ""}, "geometry": {"type": "Point", "coordinates": [-84.49348930000001, 33.964225166666665]}}, {"type": "Feature", "properties": {"power": "substation", "name": "", "voltage": "115000", "operator": "Georgia Power"}, "geometry": {"type": "Point", "coordinates": [-84.51507824000001, 33.85837036]}}, {"type": "Feature", "properties": {"power": "substation", "name": "", "voltage": "115000", "operator": "Georgia Power"}, "geometry": {"type": "Point", "coordinates": [-84.3182127, 33.79134867692308]}}, {"type": "Feature", "properties": {"power": "substation", "name": "", "voltage": "230000", "operator": "Georgia Power"}, "geometry": {"type": "Point", "coordinates": [-84.35243893333333, 33.93586813333334]}}, {"type": "Feature", "properties": {"power": "substation", "name": "", "voltage": "115000", "operator": ""}, "geometry": {"type": "Point", "coordinates": [-84.55451070000001, 33.94771804]}}, {"type": "Feature", "properties": {"power": "substation", "name": "Lassiter Road Substation", "voltage": "115000", "operator": "Georgia Power"}, "geometry": {"type": "Point", "coordinates": [-84.43787713333334, 34.031038466666665]}}, {"type": "Feature", "properties": {"power": "line", "name": "", "voltage": "115000", "operator": "Georgia Power"}, "geometry": {"type": "LineString", "coordinates": [[-84.0623115, 33.8817533], [-84.0621906, 33.8815936], [-84.0614458, 33.8819834], [-84.060002, 33.8827641], [-84.0584517, 33.8835079], [-84.0570328, 33.8841736], [-84.0579528, 33.8855942], [-84.0584993, 33.886471], [-84.0577645, 33.886854], [-84.0570993, 33.8871857], [-84.0552003, 33.8881788], [-84.0546665, 33.8885473], [-84.0534789, 33.889442], [-84.0524435, 33.889882], [-84.0509111, 33.8905464], [-84.0496156, 33.8911111], [-84.0498949, 33.8915261], [-84.0489659, 33.8919621], [-84.0479851, 33.8924388], [-84.0467787, 33.8930184], [-84.0455921, 33.8935908], [-84.0443855, 33.8941748], [-84.0431342, 33.8947604], [-84.0420189, 33.895301], [-84.0408974, 33.8958323], [-84.0400961, 33.8962119], [-84.0392921, 33.8965781], [-84.038594, 33.8971714], [-84.0373958, 33.8977403], [-84.0363337, 33.8982662], [-84.0352278, 33.8985662], [-84.0342603, 33.8990388], [-84.0332861, 33.8994879], [-84.0323371, 33.8999404], [-84.0314031, 33.9003834], [-84.030273, 33.9009333], [-84.0294129, 33.9013501], [-84.0285531, 33.9017503], [-84.0276718, 33.9021665], [-84.0283074, 33.9030763], [-84.0289375, 33.9040058], [-84.0295636, 33.9049217], [-84.0301888, 33.9058405], [-84.0308012, 33.9067502], [-84.0314251, 33.9076646], [-84.032073, 33.9086158], [-84.0327563, 33.9093396], [-84.033664, 33.910297], [-84.0324794, 33.9108138], [-84.03162, 33.9111825], [-84.0313489, 33.9106066]]}}, {"type": "Feature", "properties": {"power": "line", "name": "", "voltage": "115000", "operator": ""}, "geometry": {"type": "LineString", "coordinates": [[-84.6388522, 33.8134405], [-84.6393075, 33.813685], [-84.6400152, 33.8139509], [-84.641228, 33.8143953], [-84.6412419, 33.8136866], [-84.6412737, 33.8129466], [-84.6413141, 33.8121947], [-84.6420657, 33.8122045], [-84.6428069, 33.8122045], [-84.643669, 33.8122033], [-84.6454115, 33.81222], [-84.6462474, 33.8122219], [-84.6472058, 33.8122392], [-84.6485244, 33.8122353], [-84.6499838, 33.8124023], [-84.6512054, 33.8124234], [-84.6524224, 33.8124522], [-84.653159, 33.8124809], [-84.6544337, 33.8124867], [-84.6544684, 33.8114966], [-84.6544938, 33.8105987], [-84.6545099, 33.809695], [-84.6553528, 33.8089025], [-84.6566668, 33.8088987], [-84.6579807, 33.8088949], [-84.6600752, 33.8088699], [-84.661978, 33.8088565], [-84.6634444, 33.8091136], [-84.6643519, 33.809269], [-84.6666589, 33.8093439], [-84.6680306, 33.8093726], [-84.6702128, 33.8094436], [-84.6722726, 33.8095204], [-84.6734411, 33.8091232], [-84.6749814, 33.8091251], [-84.6784152, 33.8091558], [-84.6798678, 33.8091904], [-84.6822186, 33.8092709], [-84.6850497, 33.809365], [-84.6864907, 33.8093899], [-84.6892133, 33.809459], [-84.6907212, 33.8091712], [-84.6945742, 33.8084701], [-84.6955316, 33.8082938], [-84.6959476, 33.8075783], [-84.6965966, 33.8069241], [-84.6978425, 33.8052766], [-84.6994334, 33.803212], [-84.700749, 33.8015048], [-84.7021427, 33.7996961], [-84.703012, 33.7985679], [-84.7047021, 33.7963762], [-84.7060702, 33.7945926], [-84.7068519, 33.7935735], [-84.7083295, 33.7916557], [-84.7091717, 33.7905693], [-84.7104634, 33.7888905], [-84.7106804, 33.7885985], [-84.7093496, 33.7874474], [-84.7074929, 33.7859043], [-84.7055353, 33.7841062], [-84.7049178, 33.7832776], [-84.7042548, 33.7826201], [-84.7039048, 33.7822269]]}}, {"type": "Feature", "properties": {"power": "substation", "name": "", "voltage": "115000", "operator": "Georgia Power"}, "geometry": {"type": "Point", "coordinates": [-84.06245421999999, 33.88188528]}}, {"type": "Feature", "properties": {"power": "substation", "name": "", "voltage": "230000", "operator": "Georgia Power"}, "geometry": {"type": "Point", "coordinates": [-84.15902828, 33.9973658]}}, {"type": "Feature", "properties": {"power": "substation", "name": "", "voltage": "230000", "operator": ""}, "geometry": {"type": "Point", "coordinates": [-84.35295624, 33.80947346]}}, {"type": "Feature", "properties": {"power": "substation", "name": "", "voltage": "230000", "operator": "Georgia Power"}, "geometry": {"type": "Point", "coordinates": [-84.4704162, 33.86431714285714]}}, {"type": "Feature", "properties": {"power": "line", "name": "", "voltage": "230000;115000", "operator": "Georgia Power"}, "geometry": {"type": "LineString", "coordinates": [[-84.468992, 33.8628702], [-84.4687203, 33.8622697], [-84.4680911, 33.8608926], [-84.4675259, 33.8596635], [-84.4670539, 33.8586168], [-84.4662811, 33.8569259], [-84.4656196, 33.8554847], [-84.4650557, 33.8542687], [-84.4644683, 33.8529996], [-84.4637323, 33.8513105], [-84.4630901, 33.8498959], [-84.4632696, 33.8491065], [-84.4635304, 33.8480771], [-84.4638944, 33.8467707], [-84.4641953, 33.845638], [-84.4645185, 33.844506], [-84.4648573, 33.8432447], [-84.4652739, 33.8417699], [-84.4656711, 33.8402368], [-84.4660488, 33.8389236], [-84.466485, 33.8373129], [-84.4667565, 33.8361758], [-84.46696, 33.835563], [-84.4683268, 33.8333053], [-84.4694873, 33.832474]]}}, {"type": "Feature", "properties": {"power": "line", "name": "", "voltage": "230000", "operator": "Georgia Power"}, "geometry": {"type": "LineString", "coordinates": [[-84.3027016, 34.0610513], [-84.3025959, 34.0594291], [-84.3025089, 34.0585151], [-84.3024343, 34.0577397], [-84.3023622, 34.05667], [-84.3022197, 34.0553872], [-84.3041085, 34.0554363], [-84.305642, 34.0554531], [-84.3076269, 34.0554807], [-84.3077046, 34.0538362], [-84.3077305, 34.0524062], [-84.3077342, 34.0508825], [-84.3077194, 34.0493768], [-84.30773, 34.0479144], [-84.3078289, 34.0460882], [-84.3084856, 34.0456221], [-84.3093594, 34.0449901], [-84.3100857, 34.0444555], [-84.3112584, 34.0440084], [-84.3125146, 34.0438496], [-84.3124876, 34.0426762], [-84.3124913, 34.0414538], [-84.3125143, 34.0400272], [-84.3125228, 34.0388834], [-84.3112354, 34.0380383], [-84.3121132, 34.0370057], [-84.3120871, 34.0360743], [-84.3114216, 34.0360605]]}}, {"type": "Feature", "properties": {"power": "substation", "name": "", "voltage": "230000", "operator": "Georgia Power"}, "geometry": {"type": "Point", "coordinates": [-84.37105369999999, 33.9438752]}}, {"type": "Feature", "properties": {"power": "plant", "name": "Morgan Falls Dam", "voltage": "", "operator": "Georgia Power"}, "geometry": {"type": "Point", "coordinates": [-84.3827416, 33.96832044]}}, {"type": "Feature", "properties": {"power": "substation", "name": "", "voltage": "115000", "operator": "Georgia Power"}, "geometry": {"type": "Point", "coordinates": [-84.52122818000001, 33.903162359999996]}}, {"type": "Feature", "properties": {"power": "substation", "name": "Shakerag Substation", "voltage": "230000", "operator": "Georgia Power"}, "geometry": {"type": "Point", "coordinates": [-84.13428695714286, 34.05489278571429]}}, {"type": "Feature", "properties": {"power": "line", "name": "", "voltage": "115000", "operator": ""}, "geometry": {"type": "LineString", "coordinates": [[-84.5952347, 33.822522], [-84.5957176, 33.8219687], [-84.5962617, 33.822218], [-84.5979243, 33.8231877], [-84.5994548, 33.8241078], [-84.6012501, 33.8251811], [-84.6022551, 33.8257765], [-84.6039725, 33.8267733], [-84.6059038, 33.8278921], [-84.6073332, 33.8287273], [-84.609436, 33.8299371], [-84.6112008, 33.830949], [-84.61235, 33.8315972], [-84.6136377, 33.8323282], [-84.6148921, 33.8330714], [-84.6168604, 33.8342114], [-84.618196, 33.8349761], [-84.6203138, 33.8361973], [-84.6232462, 33.8364352], [-84.6246113, 33.8365363], [-84.6249435, 33.8364645], [-84.6258381, 33.8362712], [-84.626196, 33.8354177], [-84.6257993, 33.835384]]}}, {"type": "Feature", "properties": {"power": "line", "name": "", "voltage": "230000", "operator": ""}, "geometry": {"type": "LineString", "coordinates": [[-84.6077051, 33.7360926], [-84.6073994, 33.7375828], [-84.6070519, 33.7383317], [-84.6042297, 33.7392516], [-84.6042292, 33.7406749]]}}, {"type": "Feature", "properties": {"power": "substation", "name": "", "voltage": "230000", "operator": "Georgia Power"}, "geometry": {"type": "Point", "coordinates": [-84.5925128, 33.74221455]}}, {"type": "Feature", "properties": {"power": "substation", "name": "", "voltage": "115000", "operator": "Georgia Power"}, "geometry": {"type": "Point", "coordinates": [-84.4089818, 33.7423353]}}, {"type": "Feature", "properties": {"power": "substation", "name": "", "voltage": "115000", "operator": "Georgia Power"}, "geometry": {"type": "Point", "coordinates": [-84.50913089999999, 33.99181908571428]}}, {"type": "Feature", "properties": {"power": "substation", "name": "Blackwells Substation", "voltage": "115000", "operator": "Georgia Power"}, "geometry": {"type": "Point", "coordinates": [-84.5160126, 34.0196496]}}, {"type": "Feature", "properties": {"power": "substation", "name": "McPherson Road Substation", "voltage": "115000", "operator": "Georgia Power"}, "geometry": {"type": "Point", "coordinates": [-84.41218565000001, 34.01923065]}}, {"type": "Feature", "properties": {"power": "substation", "name": "", "voltage": "115000", "operator": "Georgia Power"}, "geometry": {"type": "Point", "coordinates": [-84.5275355625, 33.97397975]}}, {"type": "Feature", "properties": {"power": "substation", "name": "", "voltage": "115000", "operator": "Georgia Power"}, "geometry": {"type": "Point", "coordinates": [-84.50210792857142, 33.923743571428574]}}, {"type": "Feature", "properties": {"power": "substation", "name": "", "voltage": "115000", "operator": "Georgia Power"}, "geometry": {"type": "Point", "coordinates": [-84.28314908, 33.90041288]}}, {"type": "Feature", "properties": {"power": "substation", "name": "", "voltage": "115000", "operator": "Georgia Power"}, "geometry": {"type": "Point", "coordinates": [-84.42933727142858, 33.8466877]}}, {"type": "Feature", "properties": {"power": "substation", "name": "Avonlea Substation", "voltage": "230000", "operator": "Georgia Power"}, "geometry": {"type": "Point", "coordinates": [-84.05216886153848, 34.04307803076923]}}, {"type": "Feature", "properties": {"power": "line", "name": "", "voltage": "230000", "operator": ""}, "geometry": {"type": "LineString", "coordinates": [[-84.0482493, 34.042805], [-84.0498653, 34.0432432], [-84.0511353, 34.0434521], [-84.0516391, 34.043157]]}}, {"type": "Feature", "properties": {"power": "line", "name": "", "voltage": "230000", "operator": ""}, "geometry": {"type": "LineString", "coordinates": [[-84.048747, 34.0437896], [-84.0482976, 34.0429695], [-84.0498653, 34.0432432], [-84.0512225, 34.0436188], [-84.0517615, 34.0433567]]}}, {"type": "Feature", "properties": {"power": "substation", "name": "", "voltage": "115000", "operator": ""}, "geometry": {"type": "Point", "coordinates": [-84.065253575, 34.0014551375]}}, {"type": "Feature", "properties": {"power": "line", "name": "", "voltage": "230000", "operator": ""}, "geometry": {"type": "LineString", "coordinates": [[-84.2743869, 33.945461], [-84.2750556, 33.9457036], [-84.2741918, 33.9474409], [-84.2735736, 33.948666], [-84.272729, 33.9503958], [-84.2721329, 33.9516337], [-84.2715973, 33.9527036], [-84.2710435, 33.953647], [-84.2704833, 33.9545546], [-84.2698209, 33.9560281], [-84.2690477, 33.9576434], [-84.2685145, 33.9587868], [-84.2675986, 33.9606568], [-84.266814, 33.962286], [-84.2663037, 33.9633538], [-84.2658068, 33.9642994], [-84.2656731, 33.964581], [-84.2643922, 33.9651852], [-84.2634189, 33.9656725], [-84.2625198, 33.9661549], [-84.2611217, 33.9669027], [-84.2601678, 33.9674179], [-84.2599279, 33.9686761], [-84.259162, 33.9692662], [-84.2585758, 33.9697232]]}}, {"type": "Feature", "properties": {"power": "substation", "name": "", "voltage": "230000", "operator": "Georgia Power"}, "geometry": {"type": "Point", "coordinates": [-84.25887325000001, 33.969589633333335]}}, {"type": "Feature", "properties": {"power": "line", "name": "", "voltage": "230000;115000", "operator": ""}, "geometry": {"type": "LineString", "coordinates": [[-84.2414588, 33.9360099], [-84.2382481, 33.9352173], [-84.2358104, 33.9345423], [-84.2334309, 33.9339155], [-84.2305583, 33.9328896], [-84.2284259, 33.9321708], [-84.2248693, 33.9304883], [-84.2210605, 33.9309301]]}}, {"type": "Feature", "properties": {"power": "line", "name": "", "voltage": "115000", "operator": "Georgia Power"}, "geometry": {"type": "LineString", "coordinates": [[-84.2154573, 33.9327996], [-84.2161313, 33.9326519], [-84.2169523, 33.9325071], [-84.2181585, 33.9322866], [-84.2184479, 33.9316968], [-84.2179368, 33.931398], [-84.2172453, 33.9309608], [-84.2173528, 33.9302596], [-84.218885, 33.9289666], [-84.2201259, 33.927833], [-84.2205851, 33.9275344], [-84.2221629, 33.9261374], [-84.2236773, 33.9248483], [-84.2250663, 33.9236553], [-84.2265269, 33.9224432], [-84.2277873, 33.921415], [-84.2292398, 33.9202286], [-84.2309007, 33.9188841], [-84.2329085, 33.9172031], [-84.2347746, 33.9156559], [-84.2362743, 33.9143829]]}}, {"type": "Feature", "properties": {"power": "line", "name": "", "voltage": "230000", "operator": "Georgia Power"}, "geometry": {"type": "LineString", "coordinates": [[-84.2428891, 33.9092552], [-84.2410943, 33.910541], [-84.240101, 33.9113505], [-84.2389839, 33.9123045], [-84.237818, 33.9132897], [-84.2366455, 33.9142519], [-84.2348816, 33.9157369], [-84.2329846, 33.9173192], [-84.231024, 33.9189691], [-84.2298304, 33.9199231], [-84.2281353, 33.9212865], [-84.2266226, 33.9225229], [-84.2253769, 33.9235714], [-84.224325, 33.9244524], [-84.2227096, 33.9258535], [-84.2213288, 33.9270695], [-84.2203436, 33.9279208], [-84.2185394, 33.9294489], [-84.2175083, 33.9303238], [-84.2165402, 33.9308973], [-84.2156171, 33.9317133]]}}, {"type": "Feature", "properties": {"power": "substation", "name": "", "voltage": "230000", "operator": "Georgia Power"}, "geometry": {"type": "Point", "coordinates": [-84.24345550000001, 33.9096342]}}, {"type": "Feature", "properties": {"power": "substation", "name": "", "voltage": "230000", "operator": "Georgia Power"}, "geometry": {"type": "Point", "coordinates": [-84.3358597, 33.91292748181818]}}, {"type": "Feature", "properties": {"power": "substation", "name": "Colonial Substation", "voltage": "115000", "operator": "Georgia Power"}, "geometry": {"type": "Point", "coordinates": [-84.47573872000001, 33.882022899999996]}}, {"type": "Feature", "properties": {"power": "substation", "name": "", "voltage": "115000", "operator": ""}, "geometry": {"type": "Point", "coordinates": [-84.62540888, 33.835333559999995]}}, {"type": "Feature", "properties": {"power": "substation", "name": "", "voltage": "115000", "operator": "Georgia Power"}, "geometry": {"type": "Point", "coordinates": [-84.21180654, 33.917308659999996]}}, {"type": "Feature", "properties": {"power": "line", "name": "", "voltage": "", "operator": ""}, "geometry": {"type": "LineString", "coordinates": [[-84.1605097, 33.71127], [-84.1603115, 33.7105046], [-84.1594475, 33.709056]]}}, {"type": "Feature", "properties": {"power": "substation", "name": "", "voltage": "115000", "operator": "Georgia Power"}, "geometry": {"type": "Point", "coordinates": [-84.40899856, 33.64032804]}}, {"type": "Feature", "properties": {"power": "substation", "name": "", "voltage": "115000", "operator": "Georgia Power"}, "geometry": {"type": "Point", "coordinates": [-84.40723648461538, 33.63868990769231]}}, {"type": "Feature", "properties": {"power": "substation", "name": "Google Substation", "voltage": "230000", "operator": "Georgia Power"}, "geometry": {"type": "Point", "coordinates": [-84.58359031250001, 33.7510581875]}}, {"type": "Feature", "properties": {"power": "substation", "name": "", "voltage": "115000", "operator": "Georgia Power"}, "geometry": {"type": "Point", "coordinates": [-84.51395194285715, 33.93447751428572]}}, {"type": "Feature", "properties": {"power": "line", "name": "", "voltage": "500000", "operator": ""}, "geometry": {"type": "LineString", "coordinates": [[-84.2132384, 33.9321584], [-84.2136829, 33.9320393], [-84.2135776, 33.9317685]]}}, {"type": "Feature", "properties": {"power": "line", "name": "", "voltage": "500000", "operator": ""}, "geometry": {"type": "LineString", "coordinates": [[-84.212005, 33.9327439], [-84.2119151, 33.9325128], [-84.2132384, 33.9321584]]}}, {"type": "Feature", "properties": {"power": "line", "name": "", "voltage": "500000", "operator": ""}, "geometry": {"type": "LineString", "coordinates": [[-84.2130423, 33.9316493], [-84.2125877, 33.931771], [-84.2126844, 33.9320196]]}}, {"type": "Feature", "properties": {"power": "line", "name": "", "voltage": "500000", "operator": ""}, "geometry": {"type": "LineString", "coordinates": [[-84.2135776, 33.9317685], [-84.2134851, 33.9315307], [-84.2130423, 33.9316493]]}}, {"type": "Feature", "properties": {"power": "line", "name": "", "voltage": "500000", "operator": ""}, "geometry": {"type": "LineString", "coordinates": [[-84.2141591, 33.9313501], [-84.2134851, 33.9315307]]}}, {"type": "Feature", "properties": {"power": "line", "name": "", "voltage": "500000", "operator": ""}, "geometry": {"type": "LineString", "coordinates": [[-84.2129808, 33.9327814], [-84.21321, 33.9333703], [-84.2135578, 33.9332772]]}}, {"type": "Feature", "properties": {"power": "line", "name": "", "voltage": "500000", "operator": ""}, "geometry": {"type": "LineString", "coordinates": [[-84.2119151, 33.9325128], [-84.2117748, 33.9325504], [-84.2112374, 33.9326943]]}}, {"type": "Feature", "properties": {"power": "line", "name": "", "voltage": "500000", "operator": ""}, "geometry": {"type": "LineString", "coordinates": [[-84.2125877, 33.931771], [-84.2120823, 33.9319064]]}}, {"type": "Feature", "properties": {"power": "line", "name": "", "voltage": "500000", "operator": ""}, "geometry": {"type": "LineString", "coordinates": [[-84.2136829, 33.9320393], [-84.2138454, 33.9324567]]}}, {"type": "Feature", "properties": {"power": "line", "name": "", "voltage": "500000", "operator": ""}, "geometry": {"type": "LineString", "coordinates": [[-84.2126844, 33.9320196], [-84.2129808, 33.9327814], [-84.2121103, 33.9330145], [-84.212005, 33.9327439]]}}, {"type": "Feature", "properties": {"power": "line", "name": "", "voltage": "230000;115000", "operator": "Georgia Power"}, "geometry": {"type": "LineString", "coordinates": [[-84.3805599, 33.9674909], [-84.3860159, 33.9670055], [-84.3879007, 33.9668671], [-84.3903919, 33.9666832], [-84.3941189, 33.966462]]}}, {"type": "Feature", "properties": {"power": "line", "name": "", "voltage": "115000", "operator": "Georgia Power"}, "geometry": {"type": "LineString", "coordinates": [[-84.3769781, 33.9683343], [-84.3773724, 33.9682772], [-84.3780208, 33.9681365], [-84.3784983, 33.9680264], [-84.3790817, 33.9678991], [-84.3796375, 33.96776], [-84.3802779, 33.9676104], [-84.3805599, 33.9674909]]}}, {"type": "Feature", "properties": {"power": "line", "name": "", "voltage": "230000", "operator": "Georgia Power"}, "geometry": {"type": "LineString", "coordinates": [[-84.3791963, 33.9661923], [-84.378735, 33.9660288], [-84.3774556, 33.9663514], [-84.3773778, 33.9674781], [-84.3769781, 33.9683343]]}}, {"type": "Feature", "properties": {"power": "line", "name": "", "voltage": "230000;115000", "operator": "Georgia Power"}, "geometry": {"type": "LineString", "coordinates": [[-84.3473826, 33.9644972], [-84.3497141, 33.9653987], [-84.35222, 33.9663603], [-84.3545535, 33.9672601], [-84.3568616, 33.9681454], [-84.3609841, 33.9681844], [-84.3645836, 33.9682244], [-84.3665001, 33.9682433], [-84.3700402, 33.9683315], [-84.3713992, 33.9683264], [-84.3742451, 33.9683163], [-84.3769781, 33.9683343]]}}, {"type": "Feature", "properties": {"power": "line", "name": "", "voltage": "115000", "operator": "Georgia Power"}, "geometry": {"type": "LineString", "coordinates": [[-84.3439132, 33.9634683], [-84.3448084, 33.9636469], [-84.3473826, 33.9644972]]}}, {"type": "Feature", "properties": {"power": "line", "name": "", "voltage": "230000", "operator": "Georgia Power"}, "geometry": {"type": "LineString", "coordinates": [[-84.3431354, 33.9629378], [-84.3450947, 33.9636558], [-84.3466011, 33.9642098], [-84.3473826, 33.9644972]]}}, {"type": "Feature", "properties": {"power": "line", "name": "", "voltage": "115000", "operator": "Georgia Power"}, "geometry": {"type": "LineString", "coordinates": [[-84.3437838, 33.9634215], [-84.3431354, 33.9629378]]}}, {"type": "Feature", "properties": {"power": "line", "name": "", "voltage": "230000;115000", "operator": ""}, "geometry": {"type": "LineString", "coordinates": [[-84.3095367, 33.9536517], [-84.3112989, 33.9539531], [-84.3143955, 33.9547674], [-84.31851, 33.9558387], [-84.3194518, 33.9560856], [-84.3211707, 33.9565362], [-84.3227144, 33.9572203], [-84.3258539, 33.9580479], [-84.3283349, 33.9587409], [-84.3324883, 33.95993], [-84.3362877, 33.9609934], [-84.3389297, 33.9617398], [-84.3431354, 33.9629378]]}}, {"type": "Feature", "properties": {"power": "line", "name": "", "voltage": "115000", "operator": ""}, "geometry": {"type": "LineString", "coordinates": [[-84.3087132, 33.9533636], [-84.3072702, 33.9530565]]}}, {"type": "Feature", "properties": {"power": "line", "name": "", "voltage": "230000", "operator": ""}, "geometry": {"type": "LineString", "coordinates": [[-84.3072702, 33.9530565], [-84.3095367, 33.9536517]]}}, {"type": "Feature", "properties": {"power": "line", "name": "", "voltage": "115000", "operator": ""}, "geometry": {"type": "LineString", "coordinates": [[-84.3095367, 33.9536517], [-84.3087132, 33.9533636]]}}, {"type": "Feature", "properties": {"power": "line", "name": "", "voltage": "230000", "operator": ""}, "geometry": {"type": "LineString", "coordinates": [[-84.2740138, 33.9444636], [-84.2739784, 33.9445774], [-84.2738499, 33.9451723], [-84.2744335, 33.9453424]]}}, {"type": "Feature", "properties": {"power": "line", "name": "", "voltage": "", "operator": ""}, "geometry": {"type": "LineString", "coordinates": [[-84.2737732, 33.9444017], [-84.2740138, 33.9444636]]}}, {"type": "Feature", "properties": {"power": "line", "name": "", "voltage": "230000", "operator": ""}, "geometry": {"type": "LineString", "coordinates": [[-84.2743326, 33.9456004], [-84.2735548, 33.9452824], [-84.2737506, 33.9444981], [-84.2737732, 33.9444017]]}}, {"type": "Feature", "properties": {"power": "line", "name": "", "voltage": "115000", "operator": ""}, "geometry": {"type": "LineString", "coordinates": [[-84.259529, 33.9407613], [-84.2586236, 33.9404641]]}}, {"type": "Feature", "properties": {"power": "line", "name": "", "voltage": "115000", "operator": "Georgia Power"}, "geometry": {"type": "LineString", "coordinates": [[-84.2210605, 33.9309301], [-84.2188928, 33.9311965], [-84.2185387, 33.9319376], [-84.2183744, 33.9322786], [-84.2183154, 33.9323971], [-84.2170011, 33.9326191], [-84.2161455, 33.932766], [-84.2154937, 33.932885]]}}, {"type": "Feature", "properties": {"power": "line", "name": "", "voltage": "230000", "operator": "Georgia Power"}, "geometry": {"type": "LineString", "coordinates": [[-84.2210605, 33.9309301], [-84.2184105, 33.9311337], [-84.2166282, 33.9310947], [-84.2160966, 33.9314875], [-84.21568, 33.931938], [-84.215145, 33.9319787], [-84.2147833, 33.9320534]]}}, {"type": "Feature", "properties": {"power": "line", "name": "", "voltage": "230000", "operator": ""}, "geometry": {"type": "LineString", "coordinates": [[-84.2627179, 33.9415304], [-84.259956, 33.9407287], [-84.2586236, 33.9404641]]}}, {"type": "Feature", "properties": {"power": "line", "name": "", "voltage": "115000", "operator": ""}, "geometry": {"type": "LineString", "coordinates": [[-84.2627179, 33.9415304], [-84.259529, 33.9407613]]}}, {"type": "Feature", "properties": {"power": "line", "name": "", "voltage": "230000;115000", "operator": ""}, "geometry": {"type": "LineString", "coordinates": [[-84.2737732, 33.9444017], [-84.2732227, 33.9442778], [-84.2715719, 33.9438565], [-84.270336, 33.9435417], [-84.2682924, 33.9430203], [-84.2664594, 33.9425141], [-84.2646169, 33.9420199], [-84.2627179, 33.9415304]]}}, {"type": "Feature", "properties": {"power": "line", "name": "", "voltage": "115000;46000", "operator": ""}, "geometry": {"type": "LineString", "coordinates": [[-84.2699365, 33.9355872], [-84.2689012, 33.9360812], [-84.2672972, 33.9368145], [-84.2665462, 33.9371638], [-84.2653902, 33.9377001], [-84.2639418, 33.9383777], [-84.2629923, 33.9388172], [-84.261627, 33.9394703], [-84.2603168, 33.940055]]}}, {"type": "Feature", "properties": {"power": "substation", "name": "DeKalb Water Substation", "voltage": "115000", "operator": "Georgia Power"}, "geometry": {"type": "Point", "coordinates": [-84.27407421999999, 33.934353339999994]}}, {"type": "Feature", "properties": {"power": "line", "name": "", "voltage": "230000;115000", "operator": ""}, "geometry": {"type": "LineString", "coordinates": [[-84.3072702, 33.9530565], [-84.3050212, 33.9524825], [-84.3015772, 33.9515859], [-84.2984699, 33.9509306], [-84.2960693, 33.9502965], [-84.2919441, 33.9491373], [-84.2897902, 33.9485427], [-84.288798, 33.9482929], [-84.2876928, 33.9480248], [-84.2864203, 33.9476899], [-84.2852549, 33.9473873], [-84.2840412, 33.9470758], [-84.2790094, 33.945772], [-84.2766356, 33.9451378], [-84.2752299, 33.9447935], [-84.2740138, 33.9444636]]}}, {"type": "Feature", "properties": {"power": "line", "name": "", "voltage": "230000", "operator": "Georgia Power"}, "geometry": {"type": "LineString", "coordinates": [[-84.2147474, 33.9319238], [-84.2151269, 33.9318919], [-84.2156171, 33.9317133]]}}, {"type": "Feature", "properties": {"power": "line", "name": "", "voltage": "230000", "operator": "Georgia Power"}, "geometry": {"type": "LineString", "coordinates": [[-84.2146455, 33.9317492], [-84.2150907, 33.9317072], [-84.2156171, 33.9317133]]}}, {"type": "Feature", "properties": {"power": "substation", "name": "", "voltage": "115000;46000;25000;12000", "operator": "Georgia Power"}, "geometry": {"type": "Point", "coordinates": [-84.2157332125, 33.93083035]}}, {"type": "Feature", "properties": {"power": "line", "name": "", "voltage": "230000", "operator": "Georgia Power"}, "geometry": {"type": "LineString", "coordinates": [[-84.3951658, 33.9663403], [-84.3941189, 33.966462]]}}, {"type": "Feature", "properties": {"power": "line", "name": "", "voltage": "230000", "operator": "Georgia Power"}, "geometry": {"type": "LineString", "coordinates": [[-84.3941189, 33.966462], [-84.3951836, 33.9664665]]}}, {"type": "Feature", "properties": {"power": "line", "name": "", "voltage": "500000", "operator": "Georgia Power"}, "geometry": {"type": "LineString", "coordinates": [[-84.1230051, 33.6371403], [-84.1233471, 33.6371427], [-84.1239843, 33.6371472], [-84.123993, 33.6362969]]}}, {"type": "Feature", "properties": {"power": "line", "name": "", "voltage": "500000", "operator": "Georgia Power"}, "geometry": {"type": "LineString", "coordinates": [[-84.1236502, 33.6359095], [-84.1233589, 33.6359075], [-84.1233549, 33.6363069]]}}, {"type": "Feature", "properties": {"power": "line", "name": "", "voltage": "500000", "operator": "Georgia Power"}, "geometry": {"type": "LineString", "coordinates": [[-84.123993, 33.6362969], [-84.1239969, 33.635912], [-84.1236502, 33.6359095]]}}, {"type": "Feature", "properties": {"power": "line", "name": "", "voltage": "500000", "operator": "Georgia Power"}, "geometry": {"type": "LineString", "coordinates": [[-84.1239969, 33.635912], [-84.1240028, 33.63533]]}}, {"type": "Feature", "properties": {"power": "line", "name": "", "voltage": "500000", "operator": "Georgia Power"}, "geometry": {"type": "LineString", "coordinates": [[-84.1233589, 33.6359075], [-84.123365, 33.6353148]]}}, {"type": "Feature", "properties": {"power": "line", "name": "", "voltage": "500000", "operator": "Georgia Power"}, "geometry": {"type": "LineString", "coordinates": [[-84.1233471, 33.6371427], [-84.1233414, 33.6377012]]}}, {"type": "Feature", "properties": {"power": "line", "name": "", "voltage": "500000", "operator": "Georgia Power"}, "geometry": {"type": "LineString", "coordinates": [[-84.1233509, 33.6367008], [-84.1242839, 33.6367074], [-84.1242758, 33.6375025], [-84.1253288, 33.6375106], [-84.1254153, 33.6375113], [-84.1255018, 33.6375119]]}}, {"type": "Feature", "properties": {"power": "line", "name": "", "voltage": "500000", "operator": "Georgia Power"}, "geometry": {"type": "LineString", "coordinates": [[-84.1233549, 33.6363069], [-84.1233509, 33.6367008], [-84.1226614, 33.6366959], [-84.1226569, 33.6371378], [-84.1230051, 33.6371403]]}}, {"type": "Feature", "properties": {"power": "substation", "name": "", "voltage": "230000", "operator": "Georgia Power"}, "geometry": {"type": "Point", "coordinates": [-84.28455028, 34.00961882]}}, {"type": "Feature", "properties": {"power": "line", "name": "", "voltage": "230000", "operator": ""}, "geometry": {"type": "LineString", "coordinates": [[-84.3109434, 34.0356386], [-84.3120385, 34.0356739], [-84.3120375, 34.0346125], [-84.3120242, 34.0333602], [-84.3121281, 34.0319766], [-84.3121754, 34.0301439], [-84.3122163, 34.0285488], [-84.3122667, 34.0269589], [-84.3123203, 34.0250425], [-84.3123549, 34.023805], [-84.3132998, 34.0235867], [-84.314182, 34.0225335], [-84.3147886, 34.0220859], [-84.3153307, 34.0217254], [-84.3156738, 34.021571], [-84.3164679, 34.0214182], [-84.3169384, 34.0206536], [-84.3172015, 34.0202318], [-84.3173889, 34.0199724], [-84.3162711, 34.0199812], [-84.3151672, 34.0195052], [-84.3140192, 34.0189398], [-84.3127312, 34.0182989], [-84.3114699, 34.0174525], [-84.3106129, 34.0166744], [-84.3096836, 34.0158702], [-84.3087008, 34.0151652], [-84.3076316, 34.0141706], [-84.3061247, 34.0132418], [-84.3047781, 34.0124313], [-84.3034792, 34.0116295], [-84.3026413, 34.0114614], [-84.3019153, 34.0109795], [-84.3015877, 34.0101909], [-84.3010081, 34.009397], [-84.3002017, 34.0084517], [-84.2990739, 34.0074673], [-84.2981037, 34.0068353], [-84.2976626, 34.0059422], [-84.2973631, 34.0046733], [-84.2967932, 34.004109], [-84.2960403, 34.003699], [-84.2946479, 34.0033987], [-84.2931705, 34.0032367], [-84.2922664, 34.0030983], [-84.2916206, 34.0039027], [-84.2908694, 34.0044929], [-84.2898625, 34.0052828], [-84.2889406, 34.0059821], [-84.2876225, 34.0066031], [-84.2864153, 34.0069131], [-84.2861016, 34.0071241], [-84.2854353, 34.0076515], [-84.2852727, 34.0077502], [-84.2844881, 34.0085734], [-84.2840912, 34.0090931], [-84.2839161, 34.0093138], [-84.2842651, 34.0093956]]}}, {"type": "Feature", "properties": {"power": "line", "name": "", "voltage": "500000", "operator": ""}, "geometry": {"type": "LineString", "coordinates": [[-84.5091323, 33.5543468], [-84.5091573, 33.5534831]]}}, {"type": "Feature", "properties": {"power": "line", "name": "", "voltage": "500000", "operator": ""}, "geometry": {"type": "LineString", "coordinates": [[-84.5094819, 33.5547167], [-84.5091218, 33.5547094], [-84.5091323, 33.5543468]]}}, {"type": "Feature", "properties": {"power": "line", "name": "", "voltage": "500000", "operator": ""}, "geometry": {"type": "LineString", "coordinates": [[-84.5085525, 33.5539117], [-84.5097839, 33.5539365], [-84.5097612, 33.5547223], [-84.5094819, 33.5547167]]}}, {"type": "Feature", "properties": {"power": "line", "name": "", "voltage": "500000", "operator": ""}, "geometry": {"type": "LineString", "coordinates": [[-84.508562, 33.5534712], [-84.5081968, 33.5534638], [-84.5081841, 33.5539043], [-84.5085525, 33.5539117]]}}, {"type": "Feature", "properties": {"power": "line", "name": "", "voltage": "500000", "operator": ""}, "geometry": {"type": "LineString", "coordinates": [[-84.5097612, 33.5547223], [-84.5097453, 33.5552706]]}}, {"type": "Feature", "properties": {"power": "line", "name": "", "voltage": "500000", "operator": ""}, "geometry": {"type": "LineString", "coordinates": [[-84.5091218, 33.5547094], [-84.5091136, 33.5549925], [-84.509289, 33.5552204]]}}, {"type": "Feature", "properties": {"power": "line", "name": "", "voltage": "500000", "operator": ""}, "geometry": {"type": "LineString", "coordinates": [[-84.5081841, 33.5539043], [-84.507165, 33.5538838], [-84.5071782, 33.5534274]]}}, {"type": "Feature", "properties": {"power": "line", "name": "", "voltage": "500000", "operator": ""}, "geometry": {"type": "LineString", "coordinates": [[-84.5098106, 33.5532756], [-84.5098127, 33.5534963], [-84.5091573, 33.5534831], [-84.508562, 33.5534712]]}}, {"type": "Feature", "properties": {"power": "line", "name": "", "voltage": "500000", "operator": ""}, "geometry": {"type": "LineString", "coordinates": [[-84.5703403, 33.994272], [-84.5698526, 33.9942286], [-84.5699047, 33.993826]]}}, {"type": "Feature", "properties": {"power": "line", "name": "", "voltage": "500000", "operator": ""}, "geometry": {"type": "LineString", "coordinates": [[-84.5702595, 33.9946597], [-84.5707363, 33.9947021], [-84.5707869, 33.9943117], [-84.5703403, 33.994272]]}}, {"type": "Feature", "properties": {"power": "line", "name": "", "voltage": "500000", "operator": ""}, "geometry": {"type": "LineString", "coordinates": [[-84.5697719, 33.99487], [-84.5698044, 33.9946192], [-84.5702595, 33.9946597]]}}, {"type": "Feature", "properties": {"power": "line", "name": "", "voltage": "500000", "operator": ""}, "geometry": {"type": "LineString", "coordinates": [[-84.5703476, 33.9938654], [-84.5711841, 33.9939398], [-84.5710476, 33.9949947]]}}, {"type": "Feature", "properties": {"power": "line", "name": "", "voltage": "500000", "operator": ""}, "geometry": {"type": "LineString", "coordinates": [[-84.5683529, 33.993688], [-84.5699047, 33.993826], [-84.5703476, 33.9938654]]}}, {"type": "Feature", "properties": {"power": "line", "name": "", "voltage": "500000", "operator": ""}, "geometry": {"type": "LineString", "coordinates": [[-84.5698044, 33.9946192], [-84.5682569, 33.9944816]]}}, {"type": "Feature", "properties": {"power": "line", "name": "", "voltage": "500000", "operator": ""}, "geometry": {"type": "LineString", "coordinates": [[-84.5697318, 33.9951803], [-84.5680126, 33.9950274]]}}, {"type": "Feature", "properties": {"power": "line", "name": "", "voltage": "500000", "operator": ""}, "geometry": {"type": "LineString", "coordinates": [[-84.5707363, 33.9947021], [-84.5716167, 33.9947804]]}}, {"type": "Feature", "properties": {"power": "line", "name": "", "voltage": "500000", "operator": ""}, "geometry": {"type": "LineString", "coordinates": [[-84.5711841, 33.9939398], [-84.5717058, 33.9939862]]}}, {"type": "Feature", "properties": {"power": "line", "name": "", "voltage": "500000", "operator": ""}, "geometry": {"type": "LineString", "coordinates": [[-84.5710476, 33.9949947], [-84.5710089, 33.9952939], [-84.5697318, 33.9951803], [-84.5697719, 33.99487]]}}, {"type": "Feature", "properties": {"power": "line", "name": "Norcross - East Social Circle 230kV", "voltage": "230000", "operator": "Georgia Power"}, "geometry": {"type": "LineString", "coordinates": [[-84.0488, 33.8386767], [-84.050051, 33.8388144], [-84.0529679, 33.8391584], [-84.0537894, 33.8403872], [-84.0555019, 33.8429458], [-84.0574442, 33.8458252], [-84.058579, 33.8474933], [-84.0598599, 33.8493319], [-84.0622721, 33.8499968], [-84.0646947, 33.8506559], [-84.0671417, 33.8514075], [-84.0715101, 33.8527459], [-84.0761013, 33.8541854], [-84.0797492, 33.8553128], [-84.0846746, 33.8557608], [-84.0882076, 33.8561019], [-84.0929763, 33.8565471], [-84.0972994, 33.8579432], [-84.1003243, 33.8589491], [-84.1040278, 33.8601544], [-84.1079577, 33.861458], [-84.1125767, 33.8629726], [-84.1164091, 33.8642299], [-84.1207357, 33.8656693], [-84.1245263, 33.867045], [-84.1283239, 33.8685884], [-84.1316539, 33.8699434], [-84.1325498, 33.8703176]]}}, {"type": "Feature", "properties": {"power": "substation", "name": "Georgia Tech Research Substation", "voltage": "46000;4000", "operator": ""}, "geometry": {"type": "Point", "coordinates": [-84.5239606, 33.91023206]}}, {"type": "Feature", "properties": {"power": "substation", "name": "", "voltage": "115000", "operator": ""}, "geometry": {"type": "Point", "coordinates": [-84.35115716, 33.64281216]}}, {"type": "Feature", "properties": {"power": "line", "name": "", "voltage": "230000", "operator": "Georgia Power"}, "geometry": {"type": "LineString", "coordinates": [[-84.489322, 33.9002247], [-84.4890562, 33.8998142], [-84.4888114, 33.8993203]]}}, {"type": "Feature", "properties": {"power": "line", "name": "", "voltage": "230000;115000", "operator": "Georgia Power"}, "geometry": {"type": "LineString", "coordinates": [[-84.4888114, 33.8993203], [-84.4882439, 33.8985931], [-84.4876803, 33.8978472], [-84.4871342, 33.8971661], [-84.4863111, 33.8976602], [-84.4855087, 33.8981659], [-84.4850726, 33.8976014], [-84.4843246, 33.8966286], [-84.4836887, 33.8958099], [-84.4832119, 33.8949511], [-84.4827222, 33.8940265]]}}, {"type": "Feature", "properties": {"power": "substation", "name": "", "voltage": "115000", "operator": "Georgia Power"}, "geometry": {"type": "Point", "coordinates": [-84.4334053, 33.78192952]}}, {"type": "Feature", "properties": {"power": "substation", "name": "", "voltage": "230000", "operator": "Georgia Power"}, "geometry": {"type": "Point", "coordinates": [-84.46791357142857, 33.82843705714286]}}, {"type": "Feature", "properties": {"power": "substation", "name": "", "voltage": "230000", "operator": "Georgia Power"}, "geometry": {"type": "Point", "coordinates": [-84.46931964285714, 33.828394700000004]}}, {"type": "Feature", "properties": {"power": "substation", "name": "", "voltage": "115000", "operator": "Georgia Power"}, "geometry": {"type": "Point", "coordinates": [-84.45506725999999, 33.82591378]}}, {"type": "Feature", "properties": {"power": "line", "name": "", "voltage": "230000", "operator": ""}, "geometry": {"type": "LineString", "coordinates": [[-84.2292014, 34.0571945], [-84.2292965, 34.0572918], [-84.2294661, 34.057465]]}}, {"type": "Feature", "properties": {"power": "line", "name": "", "voltage": "230000", "operator": ""}, "geometry": {"type": "LineString", "coordinates": [[-84.2294223, 34.0572073], [-84.2292965, 34.0572918], [-84.2292468, 34.0573251], [-84.229181, 34.0573222], [-84.2291616, 34.0573322]]}}, {"type": "Feature", "properties": {"power": "line", "name": "", "voltage": "230000", "operator": ""}, "geometry": {"type": "LineString", "coordinates": [[-84.2293067, 34.0570891], [-84.2294223, 34.0572073], [-84.2295834, 34.0573718]]}}, {"type": "Feature", "properties": {"power": "line", "name": "", "voltage": "230000", "operator": ""}, "geometry": {"type": "LineString", "coordinates": [[-84.2291252, 34.057537], [-84.2292677, 34.0574452]]}}, {"type": "Feature", "properties": {"power": "line", "name": "", "voltage": "230000", "operator": ""}, "geometry": {"type": "LineString", "coordinates": [[-84.2292021, 34.0576255], [-84.2293484, 34.0575312], [-84.2292677, 34.0574452], [-84.2291616, 34.0573322], [-84.2290156, 34.0574263]]}}, {"type": "Feature", "properties": {"power": "line", "name": "", "voltage": "230000", "operator": ""}, "geometry": {"type": "LineString", "coordinates": [[-84.2251215, 34.0182603], [-84.2254021, 34.0182428], [-84.2253919, 34.0181313]]}}, {"type": "Feature", "properties": {"power": "line", "name": "", "voltage": "230000", "operator": ""}, "geometry": {"type": "LineString", "coordinates": [[-84.2251387, 34.0184499], [-84.2251215, 34.0182603], [-84.2251113, 34.018147]]}}, {"type": "Feature", "properties": {"power": "line", "name": "", "voltage": "230000", "operator": ""}, "geometry": {"type": "LineString", "coordinates": [[-84.2059007, 33.9699315], [-84.2058831, 33.9697404]]}}, {"type": "Feature", "properties": {"power": "line", "name": "", "voltage": "230000", "operator": ""}, "geometry": {"type": "LineString", "coordinates": [[-84.2057418, 33.9699416], [-84.2059007, 33.9699315], [-84.2060562, 33.9699217], [-84.2060647, 33.9700139]]}}, {"type": "Feature", "properties": {"power": "line", "name": "", "voltage": "230000", "operator": ""}, "geometry": {"type": "LineString", "coordinates": [[-84.2054081, 33.9697661], [-84.2054346, 33.9700545], [-84.2057504, 33.9700346], [-84.2057418, 33.9699416], [-84.2057245, 33.9697536]]}}, {"type": "Feature", "properties": {"power": "line", "name": "", "voltage": "230000", "operator": ""}, "geometry": {"type": "LineString", "coordinates": [[-84.1915919, 33.9519819], [-84.1943103, 33.9532935], [-84.1967431, 33.9544504], [-84.2006484, 33.9562937], [-84.2012867, 33.9573749], [-84.2028679, 33.9599022], [-84.204087, 33.9618444], [-84.2050606, 33.9634194], [-84.2056708, 33.9643281], [-84.205884, 33.9677072], [-84.2060647, 33.9700139]]}}, {"type": "Feature", "properties": {"power": "line", "name": "", "voltage": "230000", "operator": ""}, "geometry": {"type": "LineString", "coordinates": [[-84.0878024, 33.9992332], [-84.0877366, 33.9991439]]}}, {"type": "Feature", "properties": {"power": "line", "name": "", "voltage": "230000", "operator": ""}, "geometry": {"type": "LineString", "coordinates": [[-84.0880167, 33.9992686], [-84.0879396, 33.9991638], [-84.0878024, 33.9992332], [-84.0878792, 33.9993374]]}}, {"type": "Feature", "properties": {"power": "substation", "name": "", "voltage": "115000", "operator": ""}, "geometry": {"type": "Point", "coordinates": [-84.08798472, 33.99926592]}}, {"type": "Feature", "properties": {"power": "line", "name": "", "voltage": "115000", "operator": ""}, "geometry": {"type": "LineString", "coordinates": [[-84.0877366, 33.9991439], [-84.0875591, 33.9988222], [-84.0872405, 33.9989734], [-84.0878776, 33.9999296], [-84.0885079, 34.0008591], [-84.0891275, 34.0017919], [-84.0897457, 34.0027002], [-84.0902326, 34.003404], [-84.0908803, 34.0043768], [-84.0914878, 34.0052629], [-84.0920846, 34.0061323], [-84.0929081, 34.0073908], [-84.0936416, 34.0084714], [-84.0943645, 34.0094819], [-84.0949036, 34.0102801], [-84.0954387, 34.0110538], [-84.096175, 34.0121144], [-84.0968442, 34.0130815], [-84.0975362, 34.0140887], [-84.0982322, 34.0150825], [-84.098947, 34.0160796], [-84.0993078, 34.0169244], [-84.099801, 34.0176203], [-84.1002318, 34.0182461], [-84.1007656, 34.0190298], [-84.1013785, 34.0199357], [-84.1019645, 34.0208316], [-84.1023602, 34.0213941], [-84.1028349, 34.0221077], [-84.1034947, 34.023018], [-84.1042551, 34.0241507], [-84.1049351, 34.0251454], [-84.1053535, 34.0257634], [-84.1057397, 34.0263336], [-84.1060529, 34.0267782], [-84.1064344, 34.0273295], [-84.1069293, 34.0280508], [-84.1075851, 34.0289923]]}}, {"type": "Feature", "properties": {"power": "line", "name": "", "voltage": "115000", "operator": ""}, "geometry": {"type": "LineString", "coordinates": [[-84.1915919, 33.9519819], [-84.1903205, 33.9530398], [-84.1881882, 33.9547941], [-84.1866834, 33.9560256], [-84.1842628, 33.9580201], [-84.182691, 33.9593093], [-84.1807625, 33.9608978], [-84.1789178, 33.9624183], [-84.1775331, 33.9635473], [-84.1759224, 33.9648887], [-84.174242, 33.966288], [-84.1725495, 33.9676572], [-84.1708289, 33.9690664], [-84.1692451, 33.9703688], [-84.168494, 33.9709861], [-84.1675231, 33.9717835], [-84.1657837, 33.9732205], [-84.1638485, 33.9748131], [-84.1618569, 33.9764579], [-84.1598453, 33.9781117], [-84.1585605, 33.9791604], [-84.1570048, 33.980446], [-84.1555819, 33.9816214], [-84.1542488, 33.9827946], [-84.1529828, 33.9840012], [-84.1510657, 33.9858288], [-84.1500686, 33.986774], [-84.1490346, 33.9877626], [-84.147322, 33.9894033], [-84.1457583, 33.9908967], [-84.1438526, 33.9927191], [-84.1425893, 33.9939322], [-84.1407345, 33.9958313], [-84.1399594, 33.9966474], [-84.1391936, 33.9974791], [-84.1386344, 33.9980017], [-84.1382971, 33.9983319]]}}, {"type": "Feature", "properties": {"power": "line", "name": "", "voltage": "115000", "operator": "Georgia Power"}, "geometry": {"type": "LineString", "coordinates": [[-84.2119659, 33.9352267], [-84.2126231, 33.9345001], [-84.2137456, 33.9336144], [-84.215257, 33.9327165]]}}, {"type": "Feature", "properties": {"power": "line", "name": "", "voltage": "230000", "operator": ""}, "geometry": {"type": "LineString", "coordinates": [[-84.2150168, 33.9339812], [-84.2137644, 33.9342909], [-84.2128739, 33.9345435], [-84.2119659, 33.9352267]]}}, {"type": "Feature", "properties": {"power": "line", "name": "", "voltage": "230000;115000", "operator": ""}, "geometry": {"type": "LineString", "coordinates": [[-84.2119659, 33.9352267], [-84.2111599, 33.9358743], [-84.2082565, 33.9382598], [-84.204504, 33.9413796], [-84.2020351, 33.9434556], [-84.1995473, 33.9454337], [-84.1974485, 33.9471393], [-84.1957319, 33.94858], [-84.1944163, 33.9496268], [-84.1936465, 33.9502987], [-84.1915919, 33.9519819]]}}, {"type": "Feature", "properties": {"power": "line", "name": "", "voltage": "115000", "operator": ""}, "geometry": {"type": "LineString", "coordinates": [[-84.0654313, 34.0014507], [-84.0653359, 34.0013613], [-84.0653822, 34.0013274]]}}, {"type": "Feature", "properties": {"power": "line", "name": "", "voltage": "115000", "operator": ""}, "geometry": {"type": "LineString", "coordinates": [[-84.0653259, 34.001528], [-84.0654313, 34.0014507], [-84.0654826, 34.001413]]}}, {"type": "Feature", "properties": {"power": "line", "name": "", "voltage": "230000", "operator": ""}, "geometry": {"type": "LineString", "coordinates": [[-84.0879396, 33.9991638], [-84.0878796, 33.9990757]]}}, {"type": "Feature", "properties": {"power": "line", "name": "", "voltage": "115000", "operator": ""}, "geometry": {"type": "LineString", "coordinates": [[-84.0878796, 33.9990757], [-84.087726, 33.9988578], [-84.0875631, 33.9986143], [-84.086969, 33.9989051], [-84.0876603, 33.9999274], [-84.0884341, 34.0010114], [-84.0870662, 34.0019075], [-84.0853938, 34.0023334], [-84.08335, 34.0025101], [-84.0813799, 34.0021099], [-84.0795305, 34.0019654], [-84.0779588, 34.0018708], [-84.0765935, 34.0016641], [-84.0751156, 34.0020309], [-84.072023, 34.0014973], [-84.0708375, 34.0004577], [-84.0692174, 34.0000286], [-84.0673345, 34.0007913], [-84.0659331, 34.0014439], [-84.0656179, 34.0011715], [-84.0653822, 34.0013274]]}}, {"type": "Feature", "properties": {"power": "line", "name": "", "voltage": "230000;115000", "operator": ""}, "geometry": {"type": "LineString", "coordinates": [[-84.0713619, 34.06389], [-84.0721022, 34.0631535], [-84.0737557, 34.0615758], [-84.0750928, 34.060277], [-84.0763052, 34.0591193], [-84.0775149, 34.057946], [-84.0787232, 34.0567883], [-84.0797625, 34.0557794], [-84.0809729, 34.0546242], [-84.0824515, 34.0532328], [-84.0837979, 34.0519116], [-84.0850344, 34.0507127], [-84.0863138, 34.0494982], [-84.0879849, 34.0479036]]}}, {"type": "Feature", "properties": {"power": "line", "name": "", "voltage": "115000", "operator": ""}, "geometry": {"type": "LineString", "coordinates": [[-84.1075851, 34.0289923], [-84.1071774, 34.0293746], [-84.1058886, 34.030635], [-84.104569, 34.0319086], [-84.1031688, 34.0332545], [-84.1018512, 34.0345104], [-84.1007039, 34.0356151], [-84.0989283, 34.0373321], [-84.0980136, 34.0382212], [-84.0969555, 34.0392369], [-84.0956734, 34.0404627], [-84.0942384, 34.0418407], [-84.0926009, 34.0434287], [-84.0911512, 34.0448311], [-84.0894292, 34.0464757], [-84.0888385, 34.0470624], [-84.088461, 34.0473614], [-84.0879849, 34.0479036]]}}, {"type": "Feature", "properties": {"power": "line", "name": "", "voltage": "115000", "operator": ""}, "geometry": {"type": "LineString", "coordinates": [[-84.1075851, 34.0289923], [-84.1081061, 34.0285043], [-84.1089007, 34.027723], [-84.1096169, 34.0270239], [-84.1114783, 34.0252299], [-84.1123621, 34.024383], [-84.1140506, 34.0227713], [-84.1145816, 34.0220087], [-84.1154225, 34.0207749], [-84.1162755, 34.0195455], [-84.1170466, 34.0185284], [-84.1175924, 34.0178304], [-84.1190194, 34.0164609], [-84.1196913, 34.0158139], [-84.1218263, 34.013763], [-84.1234705, 34.0122178], [-84.1246896, 34.0110338], [-84.1250905, 34.010657], [-84.125564, 34.0102479], [-84.1266596, 34.0091651], [-84.1277969, 34.0080711], [-84.1287678, 34.0071473], [-84.1298501, 34.0061212], [-84.1311497, 34.0048693], [-84.1318323, 34.0042189], [-84.1323982, 34.0036742], [-84.1330192, 34.0030771], [-84.1347626, 34.0014061], [-84.1354036, 34.0008358], [-84.1365288, 33.9998329], [-84.1380107, 33.9984942], [-84.1382971, 33.9983319]]}}, {"type": "Feature", "properties": {"power": "line", "name": "", "voltage": "115000", "operator": ""}, "geometry": {"type": "LineString", "coordinates": [[-84.1356795, 34.0985692], [-84.1357297, 34.0985692], [-84.1360681, 34.0986087], [-84.1360142, 34.0977816], [-84.1359761, 34.0966463], [-84.1359342, 34.0956222], [-84.1358652, 34.0942962], [-84.1357696, 34.0929735], [-84.1339999, 34.0912681], [-84.1337143, 34.0899553], [-84.1332703, 34.0889984], [-84.1327966, 34.0879464], [-84.1321863, 34.0866867], [-84.1314367, 34.0850202], [-84.1306111, 34.0836362], [-84.129307, 34.0828435], [-84.1292792, 34.0827804], [-84.1282821, 34.0816709], [-84.1270702, 34.0806507], [-84.1274833, 34.0795232], [-84.1274852, 34.0782621], [-84.1287265, 34.0769873], [-84.1290338, 34.0751254], [-84.128985, 34.0740488], [-84.1289094, 34.0729226], [-84.1307321, 34.0713275], [-84.1315918, 34.0698321], [-84.1326263, 34.0687243], [-84.132522, 34.067431], [-84.131515, 34.0665438], [-84.1305387, 34.0655866], [-84.1296479, 34.0646391], [-84.1286907, 34.0634023], [-84.128386, 34.0620926], [-84.1287611, 34.0609635], [-84.1287484, 34.0601503], [-84.1300873, 34.0591774], [-84.1307839, 34.0579448], [-84.1293611, 34.0578728], [-84.1280313, 34.0578016], [-84.1265193, 34.0577147], [-84.1249315, 34.0577453], [-84.1232049, 34.0577599], [-84.1215976, 34.0577617], [-84.1200749, 34.058009], [-84.1184223, 34.0579888], [-84.1178215, 34.0565756], [-84.1172661, 34.0552146], [-84.1167045, 34.0537188], [-84.1161113, 34.0524214], [-84.1156522, 34.0512374], [-84.1139644, 34.0512004], [-84.1123868, 34.0511645], [-84.1105747, 34.0511706], [-84.1089871, 34.0511686], [-84.1069399, 34.0511574], [-84.1051268, 34.0511017], [-84.1036876, 34.0510529], [-84.1022641, 34.0510066], [-84.1008488, 34.0509644], [-84.0996463, 34.0503228]]}}, {"type": "Feature", "properties": {"power": "line", "name": "", "voltage": "230000", "operator": ""}, "geometry": {"type": "LineString", "coordinates": [[-84.1343898, 34.0549228], [-84.1342912, 34.0549222]]}}, {"type": "Feature", "properties": {"power": "line", "name": "", "voltage": "230000", "operator": ""}, "geometry": {"type": "LineString", "coordinates": [[-84.1347143, 34.0550306], [-84.1347136, 34.0550094], [-84.1347156, 34.0549222], [-84.1345554, 34.0549228], [-84.1343898, 34.0549228]]}}, {"type": "Feature", "properties": {"power": "line", "name": "", "voltage": "230000", "operator": ""}, "geometry": {"type": "LineString", "coordinates": [[-84.1345554, 34.0550294], [-84.1345561, 34.0550083], [-84.1345554, 34.0549228], [-84.1345567, 34.0548422]]}}, {"type": "Feature", "properties": {"power": "line", "name": "", "voltage": "230000", "operator": ""}, "geometry": {"type": "LineString", "coordinates": [[-84.1345554, 34.0550294], [-84.1345585, 34.055393], [-84.1350689, 34.0554472], [-84.1351457, 34.0559954], [-84.1351088, 34.0571626], [-84.1344905, 34.0572818], [-84.1333044, 34.0572199], [-84.1318934, 34.0569377], [-84.1308951, 34.0564584], [-84.1298274, 34.0557659], [-84.1284513, 34.0549075], [-84.1271, 34.0543098], [-84.1259583, 34.0539384], [-84.1247542, 34.053545], [-84.123294, 34.0524065], [-84.1219241, 34.0524595], [-84.1200017, 34.0519904], [-84.118794, 34.0517256], [-84.1176001, 34.0514761], [-84.1163851, 34.0512563], [-84.1153616, 34.0507771], [-84.1143368, 34.0507144], [-84.1127619, 34.0507257], [-84.1110981, 34.0507173], [-84.1100039, 34.0507188], [-84.108939, 34.0507178], [-84.1072392, 34.050715], [-84.1057673, 34.0506734], [-84.1042591, 34.0506402], [-84.1027144, 34.0505747], [-84.1026587, 34.0505723], [-84.1011102, 34.0505159], [-84.1000687, 34.0503785], [-84.0996463, 34.0503228]]}}, {"type": "Feature", "properties": {"power": "line", "name": "", "voltage": "230000;115000", "operator": ""}, "geometry": {"type": "LineString", "coordinates": [[-84.0996463, 34.0503228], [-84.0991793, 34.0503177], [-84.0983221, 34.0503084], [-84.0969257, 34.0503041], [-84.0957581, 34.050784], [-84.0944892, 34.0504927], [-84.0933014, 34.0501021], [-84.0922793, 34.0497381], [-84.0906834, 34.0501694], [-84.0902864, 34.0495487], [-84.0898116, 34.0488681]]}}, {"type": "Feature", "properties": {"power": "line", "name": "", "voltage": "115000", "operator": ""}, "geometry": {"type": "LineString", "coordinates": [[-84.0898116, 34.0488681], [-84.0895674, 34.0490076], [-84.0887409, 34.047784], [-84.0883532, 34.0480823], [-84.0879551, 34.0484012], [-84.0875263, 34.048074], [-84.0860923, 34.0494244], [-84.0851215, 34.0503376], [-84.083638, 34.0517809], [-84.0822934, 34.0530747], [-84.0810456, 34.0542689], [-84.0801623, 34.0551063], [-84.0785507, 34.0566607], [-84.0778288, 34.0573769], [-84.0771498, 34.05803], [-84.0761414, 34.0589972], [-84.074947, 34.0601413], [-84.0735919, 34.0614453], [-84.0722221, 34.0627292], [-84.0711983, 34.063695], [-84.0698637, 34.0649426], [-84.0697899, 34.0649413], [-84.0690507, 34.0659451]]}}, {"type": "Feature", "properties": {"power": "line", "name": "", "voltage": "230000", "operator": ""}, "geometry": {"type": "LineString", "coordinates": [[-84.0898116, 34.0488681], [-84.0886381, 34.0472786], [-84.0879849, 34.0479036]]}}, {"type": "Feature", "properties": {"power": "substation", "name": "", "voltage": "230000", "operator": "Georgia Power"}, "geometry": {"type": "Point", "coordinates": [-84.47037028333334, 33.88566028333333]}}, {"type": "Feature", "properties": {"power": "substation", "name": "", "voltage": "115000", "operator": "Georgia Power"}, "geometry": {"type": "Point", "coordinates": [-84.32708976, 33.759368280000004]}}, {"type": "Feature", "properties": {"power": "substation", "name": "", "voltage": "115000", "operator": "Georgia Power"}, "geometry": {"type": "Point", "coordinates": [-84.39718813333333, 33.6377118]}}, {"type": "Feature", "properties": {"power": "substation", "name": "", "voltage": "115000", "operator": ""}, "geometry": {"type": "Point", "coordinates": [-84.38542930000001, 33.61492368]}}, {"type": "Feature", "properties": {"power": "line", "name": "", "voltage": "115000", "operator": "Georgia Power"}, "geometry": {"type": "LineString", "coordinates": [[-84.4733576, 33.8251687], [-84.4726847, 33.8240037], [-84.4733546, 33.8233709], [-84.4744456, 33.822484], [-84.4754568, 33.8232974]]}}, {"type": "Feature", "properties": {"power": "line", "name": "", "voltage": "115000", "operator": "Georgia Power"}, "geometry": {"type": "LineString", "coordinates": [[-84.4753401, 33.8234021], [-84.4742578, 33.8227659], [-84.4734072, 33.8234241], [-84.4728751, 33.8239252], [-84.4738422, 33.8247978]]}}, {"type": "Feature", "properties": {"power": "line", "name": "", "voltage": "115000", "operator": "Georgia Power"}, "geometry": {"type": "LineString", "coordinates": [[-84.4916515, 33.8163052], [-84.4915972, 33.8163415], [-84.491485, 33.8164156], [-84.4905824, 33.8171599], [-84.48948, 33.8180312], [-84.488204, 33.8191259], [-84.4870949, 33.8200262], [-84.4860676, 33.8208596], [-84.4848914, 33.8218367], [-84.4841858, 33.8218475]]}}, {"type": "Feature", "properties": {"power": "line", "name": "", "voltage": "115000", "operator": "Georgia Power"}, "geometry": {"type": "LineString", "coordinates": [[-84.4983654, 33.749489], [-84.4980665, 33.7504901], [-84.4977781, 33.7514245], [-84.4969815, 33.7538888], [-84.4959448, 33.7559438], [-84.4957048, 33.7565459], [-84.4951898, 33.7576397], [-84.494935, 33.7590234], [-84.4946453, 33.7606211], [-84.4947177, 33.7632211], [-84.4962519, 33.7651276], [-84.4963914, 33.7669047], [-84.4966583, 33.7696361], [-84.4968863, 33.7720575], [-84.4972481, 33.7730495], [-84.4978385, 33.7747464], [-84.4983226, 33.7761387], [-84.4990441, 33.7781831], [-84.4999668, 33.7803913], [-84.500809, 33.7825315], [-84.5018041, 33.7848009], [-84.5027, 33.7867003], [-84.5033585, 33.7882484], [-84.5040062, 33.7897665], [-84.5049343, 33.7918953], [-84.5049047, 33.7931904], [-84.5048833, 33.7940441], [-84.5048551, 33.7950416], [-84.5047867, 33.7971168], [-84.5047143, 33.7988971], [-84.5046365, 33.8008959], [-84.5045936, 33.8019278], [-84.5045313, 33.8035632], [-84.504481, 33.8054125], [-84.5028723, 33.8067849], [-84.5009545, 33.8084664], [-84.5002618, 33.8090809], [-84.4993164, 33.80992], [-84.4982039, 33.8108616], [-84.4965631, 33.8122221], [-84.494947, 33.8135548], [-84.4938366, 33.8144819], [-84.492059, 33.8159337], [-84.4919785, 33.8160105], [-84.4917454, 33.8162339]]}}, {"type": "Feature", "properties": {"power": "substation", "name": "", "voltage": "115000", "operator": "Georgia Power"}, "geometry": {"type": "Point", "coordinates": [-84.34960504, 33.75884322]}}, {"type": "Feature", "properties": {"power": "line", "name": "", "voltage": "230000", "operator": "Georgia Power"}, "geometry": {"type": "LineString", "coordinates": [[-84.2430823, 33.9091127], [-84.2452374, 33.9074254], [-84.2468816, 33.9060229], [-84.2479832, 33.904981], [-84.2497041, 33.9034028], [-84.2513398, 33.9019638], [-84.2523406, 33.9011284], [-84.2537106, 33.8999848], [-84.2553644, 33.8986228], [-84.2565874, 33.8975777], [-84.258556, 33.8959094], [-84.2601531, 33.8945816], [-84.2627951, 33.8923778], [-84.2641109, 33.8912299], [-84.2648153, 33.890718], [-84.266144, 33.8895807], [-84.2683062, 33.8877581], [-84.2695807, 33.8867107], [-84.2710952, 33.8854642], [-84.2725143, 33.884254], [-84.2734405, 33.883485], [-84.2757265, 33.8815766], [-84.2770372, 33.880482], [-84.2787349, 33.8790469], [-84.2796135, 33.8783195], [-84.2802061, 33.8779076]]}}, {"type": "Feature", "properties": {"power": "line", "name": "", "voltage": "230000", "operator": "Georgia Power"}, "geometry": {"type": "LineString", "coordinates": [[-84.3638783, 33.7949572], [-84.3647486, 33.7937822], [-84.3650651, 33.7932249], [-84.3658188, 33.7915453], [-84.366156, 33.7915086]]}}, {"type": "Feature", "properties": {"power": "line", "name": "", "voltage": "230000", "operator": "Georgia Power"}, "geometry": {"type": "LineString", "coordinates": [[-84.3638783, 33.7949572], [-84.3646655, 33.7937521], [-84.3650061, 33.7932004], [-84.3658054, 33.7913481], [-84.3661685, 33.7913759]]}}, {"type": "Feature", "properties": {"power": "line", "name": "", "voltage": "115000", "operator": "Georgia Power"}, "geometry": {"type": "LineString", "coordinates": [[-84.363901, 33.7950929], [-84.3646392, 33.7936869], [-84.364929, 33.7931774], [-84.3653769, 33.7920946], [-84.3657467, 33.7912907], [-84.3659992, 33.7910189]]}}, {"type": "Feature", "properties": {"power": "line", "name": "", "voltage": "115000", "operator": "Georgia Power"}, "geometry": {"type": "LineString", "coordinates": [[-84.3658692, 33.7909755], [-84.3656932, 33.791272], [-84.3653234, 33.7920759], [-84.3650668, 33.7926962], [-84.3648755, 33.7931587], [-84.3645857, 33.7936682], [-84.363901, 33.7950929]]}}, {"type": "Feature", "properties": {"power": "line", "name": "", "voltage": "115000", "operator": "Georgia Power"}, "geometry": {"type": "LineString", "coordinates": [[-84.3041587, 33.8579805], [-84.3051096, 33.8571887], [-84.3059365, 33.8564833], [-84.307486, 33.8551864], [-84.3087182, 33.854158], [-84.3098323, 33.8532372], [-84.3114882, 33.8518325], [-84.3120213, 33.8513795], [-84.3125669, 33.8509282], [-84.3137642, 33.8499099], [-84.3159606, 33.8481029], [-84.3175531, 33.8467565], [-84.3191435, 33.8454339], [-84.3206644, 33.844147], [-84.3213869, 33.8435316], [-84.3226703, 33.8424537], [-84.3239127, 33.8414388], [-84.3248584, 33.8406516], [-84.3263915, 33.8393697], [-84.3280658, 33.8379518], [-84.3293431, 33.8366189], [-84.3305794, 33.8356225], [-84.3313675, 33.8347996], [-84.3316376, 33.8344035], [-84.3329681, 33.8328222], [-84.3343576, 33.8311551], [-84.3346629, 33.8307887], [-84.3356966, 33.8295747], [-84.3365931, 33.8285137], [-84.3382531, 33.8265531], [-84.3395365, 33.8250054], [-84.3400767, 33.8243741], [-84.3408366, 33.8234649], [-84.3418962, 33.8222255], [-84.3432312, 33.8206357], [-84.3444129, 33.8192341], [-84.3453157, 33.8181626], [-84.3471212, 33.8160139], [-84.3487455, 33.8141054], [-84.3500457, 33.8125415], [-84.3512064, 33.8111775], [-84.3521006, 33.8101239], [-84.3528017, 33.80921], [-84.3530434, 33.8089929], [-84.353643, 33.8082815], [-84.3547295, 33.8069924], [-84.3560191, 33.8054414], [-84.3574594, 33.803721], [-84.3591772, 33.8016623], [-84.3602167, 33.8004165], [-84.3612255, 33.7992075], [-84.3618259, 33.7983065], [-84.3624886, 33.7973118], [-84.3633324, 33.7960453], [-84.363901, 33.7950929]]}}, {"type": "Feature", "properties": {"power": "substation", "name": "", "voltage": "230000", "operator": "Georgia Power"}, "geometry": {"type": "Point", "coordinates": [-84.33154912, 33.83473384]}}, {"type": "Feature", "properties": {"power": "line", "name": "", "voltage": "115000", "operator": "Georgia Power"}, "geometry": {"type": "LineString", "coordinates": [[-84.2712361, 33.8855648], [-84.2726456, 33.8843657], [-84.2735847, 33.8835854], [-84.2758682, 33.8816881], [-84.2763452, 33.8812882], [-84.2771696, 33.8805971], [-84.2788884, 33.8791562], [-84.279749, 33.8784249], [-84.2809339, 33.8774126], [-84.281643, 33.876847], [-84.2827502, 33.8759191], [-84.2842575, 33.8746558], [-84.2853684, 33.8737247], [-84.2873105, 33.872097], [-84.288573, 33.8710446], [-84.2899781, 33.8698732], [-84.2900984, 33.8697729], [-84.2913285, 33.8687475], [-84.2926879, 33.8676018], [-84.2942642, 33.8662732], [-84.2958802, 33.8649235], [-84.2969652, 33.8640092], [-84.2994368, 33.8619346], [-84.3011293, 33.8605136], [-84.3033341, 33.8586696]]}}, {"type": "Feature", "properties": {"power": "line", "name": "", "voltage": "115000", "operator": "Georgia Power"}, "geometry": {"type": "LineString", "coordinates": [[-84.2693818, 33.8870875], [-84.2708494, 33.8860387], [-84.2712361, 33.8855648], [-84.2706529, 33.8859011], [-84.2693818, 33.8870875]]}}, {"type": "Feature", "properties": {"power": "line", "name": "", "voltage": "115000", "operator": "Georgia Power"}, "geometry": {"type": "LineString", "coordinates": [[-84.2162022, 33.9316847], [-84.2168789, 33.9311182], [-84.2172166, 33.9308154], [-84.2176476, 33.9304351], [-84.2186748, 33.929545], [-84.2204558, 33.9280227], [-84.2214536, 33.9271681], [-84.2228671, 33.9259485], [-84.2244604, 33.9245597], [-84.2254984, 33.9236672], [-84.2267724, 33.9226078], [-84.2282709, 33.9213934], [-84.2299383, 33.9200368], [-84.2311286, 33.9190801], [-84.2331217, 33.9174234], [-84.2349813, 33.9158735], [-84.2367807, 33.914356], [-84.2379531, 33.9133992], [-84.2391074, 33.9124134], [-84.2402391, 33.911462], [-84.241221, 33.9106607], [-84.2419331, 33.9100824], [-84.2453662, 33.90753], [-84.2468119, 33.9063123], [-84.2481221, 33.9050824], [-84.2498294, 33.9035029], [-84.2538218, 33.9001057], [-84.2555177, 33.8986857], [-84.2567199, 33.8976791], [-84.2586847, 33.8960293], [-84.260298, 33.8946935], [-84.2629185, 33.8925116], [-84.2662658, 33.8896892], [-84.2684358, 33.8878693], [-84.2693818, 33.8870875]]}}, {"type": "Feature", "properties": {"power": "substation", "name": "", "voltage": "230000", "operator": "Georgia Power"}, "geometry": {"type": "Point", "coordinates": [-84.28022883999999, 33.878719239999995]}}, {"type": "Feature", "properties": {"power": "substation", "name": "", "voltage": "115000", "operator": "Georgia Power"}, "geometry": {"type": "Point", "coordinates": [-84.30363418888889, 33.858483]}}, {"type": "Feature", "properties": {"power": "substation", "name": "", "voltage": "230000", "operator": "Georgia Power"}, "geometry": {"type": "Point", "coordinates": [-84.3029537, 33.858949063636366]}}, {"type": "Feature", "properties": {"power": "substation", "name": "", "voltage": "115000", "operator": "Georgia Power"}, "geometry": {"type": "Point", "coordinates": [-84.27079060000001, 33.886052185714284]}}, {"type": "Feature", "properties": {"power": "substation", "name": "", "voltage": "115000", "operator": "Georgia Power"}, "geometry": {"type": "Point", "coordinates": [-84.3900258, 33.785191608333335]}}, {"type": "Feature", "properties": {"power": "line", "name": "Norcross - Bull Sluice 500kV", "voltage": "500000", "operator": "Georgia Power"}, "geometry": {"type": "LineString", "coordinates": [[-84.3783554, 33.9674025], [-84.3772647, 33.9686078], [-84.3710975, 33.9686631], [-84.3699967, 33.9686692], [-84.3665056, 33.9685782], [-84.3647256, 33.9685679], [-84.3605289, 33.9685194], [-84.356783, 33.9684954], [-84.3520239, 33.9666804], [-84.3474113, 33.9648948], [-84.3444404, 33.9637554], [-84.3428377, 33.9631288], [-84.3404897, 33.9625403], [-84.3374468, 33.9625544], [-84.334197, 33.9607622], [-84.3321734, 33.9602003], [-84.3281433, 33.9590553], [-84.3257036, 33.9583884], [-84.3225324, 33.957553], [-84.3210659, 33.956887], [-84.3183064, 33.9561588], [-84.3153499, 33.9553734], [-84.3115869, 33.9544075], [-84.3093301, 33.9539684], [-84.307747, 33.9535613], [-84.3049416, 33.9528269], [-84.3014385, 33.9519168], [-84.2984118, 33.9512861], [-84.2965159, 33.9507313], [-84.2933303, 33.9498092], [-84.288682, 33.9486117], [-84.2854484, 33.9477695], [-84.2819067, 33.9468753], [-84.2790292, 33.9461528], [-84.2762912, 33.9454223], [-84.2733229, 33.9446787], [-84.2694056, 33.9436243], [-84.2665191, 33.9428779], [-84.2628209, 33.9419056], [-84.2589127, 33.9408977], [-84.2540845, 33.9396453], [-84.2504963, 33.9387134], [-84.2468059, 33.9377635], [-84.2438886, 33.9370101], [-84.2414381, 33.9363567], [-84.238309, 33.935547], [-84.2359367, 33.934933], [-84.2332739, 33.9342219], [-84.2307645, 33.9333254], [-84.2282577, 33.9324146], [-84.2268987, 33.931795], [-84.2247665, 33.9308032], [-84.222352, 33.9310966], [-84.2190245, 33.9314819], [-84.2148105, 33.9313735], [-84.2141591, 33.9313501]]}}, {"type": "Feature", "properties": {"power": "substation", "name": "", "voltage": "115000", "operator": "Georgia Power"}, "geometry": {"type": "Point", "coordinates": [-84.11861092000001, 33.90104418]}}, {"type": "Feature", "properties": {"power": "substation", "name": "", "voltage": "115000", "operator": "Georgia Power"}, "geometry": {"type": "Point", "coordinates": [-84.1293893, 33.91146784]}}, {"type": "Feature", "properties": {"power": "substation", "name": "", "voltage": "115000", "operator": "Georgia Power"}, "geometry": {"type": "Point", "coordinates": [-84.5237779, 33.90811574]}}, {"type": "Feature", "properties": {"power": "substation", "name": "", "voltage": "115000", "operator": "Georgia Power"}, "geometry": {"type": "Point", "coordinates": [-84.52978997142857, 33.93089727142857]}}, {"type": "Feature", "properties": {"power": "substation", "name": "", "voltage": "115000", "operator": "Georgia Power"}, "geometry": {"type": "Point", "coordinates": [-84.52785222, 33.93114836]}}, {"type": "Feature", "properties": {"power": "substation", "name": "", "voltage": "230000", "operator": "Georgia Power"}, "geometry": {"type": "Point", "coordinates": [-84.19628797, 33.824046499999994]}}, {"type": "Feature", "properties": {"power": "line", "name": "", "voltage": "230000", "operator": "Georgia Power"}, "geometry": {"type": "LineString", "coordinates": [[-84.6175712, 33.7266814], [-84.6193351, 33.7272313], [-84.6229207, 33.7283383], [-84.6256543, 33.7291941], [-84.6295605, 33.7304254], [-84.6320911, 33.7312318], [-84.6346077, 33.7323001], [-84.6371558, 33.7334411], [-84.6398755, 33.7346462], [-84.6438692, 33.7363548], [-84.6492209, 33.7385349], [-84.6537711, 33.7403978], [-84.6561827, 33.7403919], [-84.6598579, 33.7404385], [-84.6652481, 33.7405113], [-84.6677578, 33.7404822], [-84.6706069, 33.740424], [-84.67263, 33.7408431], [-84.6743801, 33.7412447], [-84.6766237, 33.7431599], [-84.6784478, 33.7447297], [-84.681187, 33.747094], [-84.6827619, 33.7484545], [-84.6851304, 33.750406], [-84.6871986, 33.753002], [-84.6902565, 33.7567188], [-84.6935197, 33.7588], [-84.6954316, 33.7600457], [-84.6975734, 33.7614365], [-84.6969517, 33.7628888], [-84.6960987, 33.7647909], [-84.6954604, 33.7662781], [-84.6953289, 33.7679816], [-84.6951546, 33.7706572], [-84.6950151, 33.7724253], [-84.6949406, 33.774113], [-84.6972509, 33.776266], [-84.6985532, 33.7775175], [-84.6999659, 33.7787756], [-84.7015521, 33.780302], [-84.7028092, 33.7814668], [-84.7036751, 33.7814406], [-84.7040345, 33.7816346]]}}, {"type": "Feature", "properties": {"power": "line", "name": "", "voltage": "115000", "operator": ""}, "geometry": {"type": "LineString", "coordinates": [[-84.6885539, 33.8816626], [-84.688666, 33.8808501], [-84.6879959, 33.8808246], [-84.6872798, 33.8807991], [-84.6867465, 33.8807914], [-84.6858167, 33.8807799], [-84.6848378, 33.8806179], [-84.6838043, 33.8806169], [-84.6835845, 33.8798935], [-84.683583, 33.879253], [-84.6836675, 33.8787579], [-84.683795, 33.8783382], [-84.683918, 33.8778839], [-84.6841931, 33.877089], [-84.6845281, 33.8761972], [-84.6846392, 33.8757239], [-84.6847531, 33.8751132], [-84.6835943, 33.8750962], [-84.682937, 33.8750848], [-84.6818689, 33.8750791], [-84.6803438, 33.8749399], [-84.6794229, 33.8743899], [-84.6785858, 33.8737177], [-84.6778789, 33.8733837], [-84.6769358, 33.8733297], [-84.6759772, 33.8731023], [-84.6755955, 33.8737532], [-84.6752121, 33.8740772], [-84.6742587, 33.874414], [-84.6731447, 33.875001], [-84.6723253, 33.8752287], [-84.6711228, 33.8753528], [-84.6702972, 33.8753709], [-84.6694934, 33.8753244], [-84.6687239, 33.8750967], [-84.667565, 33.8750864], [-84.6669649, 33.8752855], [-84.6661716, 33.8753531], [-84.6653585, 33.8752178], [-84.6640801, 33.8752029], [-84.6631099, 33.8752277], [-84.6624578, 33.8753862], [-84.6615611, 33.8756849], [-84.6607818, 33.875949], [-84.6596048, 33.8763964], [-84.6590083, 33.8765895], [-84.6592052, 33.8771457]]}}, {"type": "Feature", "properties": {"power": "substation", "name": "Ellenwood Substation", "voltage": "115000", "operator": "Georgia Power"}, "geometry": {"type": "Point", "coordinates": [-84.30219116666667, 33.608636366666666]}}, {"type": "Feature", "properties": {"power": "line", "name": "", "voltage": "115000", "operator": "Georgia Power"}, "geometry": {"type": "LineString", "coordinates": [[-84.3019642, 33.608469], [-84.301914, 33.608161], [-84.3031013, 33.6070202], [-84.3049547, 33.607038], [-84.3076008, 33.6071246], [-84.3096465, 33.6071402], [-84.311622, 33.6071909], [-84.313003, 33.6071948], [-84.3143933, 33.6072377], [-84.3162798, 33.6072649], [-84.3172584, 33.6073302], [-84.3178727, 33.6084159], [-84.3189724, 33.6090101], [-84.3204127, 33.6083734], [-84.3220167, 33.6076251], [-84.3226899, 33.6075067], [-84.3242805, 33.6077502], [-84.3252568, 33.607777], [-84.3271853, 33.607777], [-84.3290333, 33.607777], [-84.3307285, 33.6078083], [-84.3325631, 33.6078462], [-84.3328769, 33.6071158], [-84.3328067, 33.6062108]]}}, {"type": "Feature", "properties": {"power": "line", "name": "", "voltage": "115000", "operator": ""}, "geometry": {"type": "LineString", "coordinates": [[-84.3019642, 33.608469], [-84.3010521, 33.6084878], [-84.2999658, 33.6075898], [-84.2985013, 33.6064126], [-84.2971978, 33.6053693], [-84.2956206, 33.6041027], [-84.2938477, 33.6036122], [-84.2917177, 33.6032106], [-84.2882676, 33.6023334], [-84.2874625, 33.6010701], [-84.2854355, 33.6011247], [-84.2839234, 33.601226], [-84.2825612, 33.601113], [-84.2803376, 33.6010389], [-84.2779595, 33.6009687], [-84.2738775, 33.600879], [-84.2723889, 33.600801], [-84.2670148, 33.6006646], [-84.2641592, 33.600532], [-84.2621603, 33.6004735], [-84.258846, 33.6003994], [-84.2548997, 33.6003059], [-84.2518803, 33.6001304], [-84.246628, 33.6000251], [-84.2425178, 33.599877], [-84.2380987, 33.5996664], [-84.2332256, 33.5995806], [-84.2298129, 33.5994714], [-84.22971, 33.6027778], [-84.2263301, 33.6028597], [-84.2241763, 33.6030053]]}}, {"type": "Feature", "properties": {"power": "substation", "name": "Fairview Substation", "voltage": "115000", "operator": "Georgia Power"}, "geometry": {"type": "Point", "coordinates": [-84.22437704285714, 33.60318781428571]}}, {"type": "Feature", "properties": {"power": "line", "name": "", "voltage": "115000", "operator": "Georgia Power"}, "geometry": {"type": "LineString", "coordinates": [[-84.3019642, 33.608469], [-84.3019104, 33.6090552], [-84.3019104, 33.6103732], [-84.3018839, 33.611558], [-84.3017701, 33.6129765], [-84.3017265, 33.6134264], [-84.3010653, 33.6145614], [-84.3014996, 33.6150587], [-84.3015211, 33.6176051], [-84.3014942, 33.618905], [-84.3014513, 33.6201067], [-84.3014352, 33.6224161], [-84.3013869, 33.6244039], [-84.3013065, 33.6268651], [-84.3012904, 33.6294469], [-84.3012385, 33.6322588], [-84.3012232, 33.6345134], [-84.301201, 33.6387682], [-84.3010615, 33.6433994], [-84.2981433, 33.6433592], [-84.2913841, 33.643319], [-84.2912447, 33.6515046], [-84.2881011, 33.654224], [-84.2874252, 33.6559164], [-84.2844748, 33.655903], [-84.2844748, 33.6583142], [-84.2844015, 33.6603497], [-84.2843892, 33.6611134], [-84.2853296, 33.6613509], [-84.2863264, 33.6616206], [-84.2863281, 33.662972], [-84.28627, 33.6682842], [-84.2862166, 33.6707347], [-84.2814152, 33.6707487], [-84.2814098, 33.6741461], [-84.2813204, 33.6746252], [-84.2812859, 33.6753457]]}}, {"type": "Feature", "properties": {"power": "substation", "name": "", "voltage": "115000", "operator": "Georgia Power"}, "geometry": {"type": "Point", "coordinates": [-84.28114842, 33.675358419999995]}}, {"type": "Feature", "properties": {"power": "line", "name": "", "voltage": "115000", "operator": "Georgia Power"}, "geometry": {"type": "LineString", "coordinates": [[-84.2812838, 33.6754455], [-84.2814183, 33.6764087], [-84.2813691, 33.6792964], [-84.2813507, 33.6810101], [-84.2813077, 33.6827928], [-84.2811816, 33.6849489], [-84.2811044, 33.686932], [-84.2822724, 33.6869499], [-84.282297, 33.6890035], [-84.282254, 33.6910648], [-84.2808278, 33.6914101], [-84.2807654, 33.6941872], [-84.2807125, 33.6969096], [-84.2806744, 33.6986896], [-84.2778497, 33.6993263], [-84.2751019, 33.6995846], [-84.2723817, 33.699628], [-84.2723786, 33.7008913], [-84.2722588, 33.7030622], [-84.271518, 33.7035608], [-84.2708037, 33.7040269], [-84.270993, 33.7044951], [-84.2712429, 33.7051485], [-84.2714969, 33.7057699], [-84.271696, 33.7062656], [-84.271891, 33.7068824], [-84.2719967, 33.7076774], [-84.2720077, 33.7082234], [-84.2718773, 33.7090355], [-84.2717056, 33.7097209], [-84.2711537, 33.7097311], [-84.2701472, 33.709714], [-84.2691956, 33.7096923], [-84.2685009, 33.7096889], [-84.2686179, 33.7094345]]}}, {"type": "Feature", "properties": {"power": "line", "name": "", "voltage": "115000", "operator": "Georgia Power"}, "geometry": {"type": "LineString", "coordinates": [[-84.2684662, 33.7094383], [-84.2683505, 33.7096817], [-84.2683458, 33.7098297], [-84.2692792, 33.7098446], [-84.2701732, 33.7098555], [-84.2711253, 33.7098973], [-84.2720037, 33.7100265], [-84.2721668, 33.7090753], [-84.2722814, 33.7084072], [-84.2723127, 33.7076843], [-84.2722688, 33.7071911], [-84.2720618, 33.7064682], [-84.2717559, 33.7056814], [-84.2716069, 33.7051633], [-84.2725668, 33.7051138], [-84.2738562, 33.7050537], [-84.2753855, 33.7050498], [-84.2767658, 33.7050133], [-84.2780363, 33.7050981], [-84.2788739, 33.7051999], [-84.2801742, 33.7053695], [-84.2802952, 33.7035533], [-84.2828326, 33.7035355], [-84.2875532, 33.7034641], [-84.2916409, 33.7033748], [-84.2947362, 33.7033748], [-84.297059, 33.703049], [-84.2998592, 33.7027322], [-84.3010662, 33.7025537], [-84.3032764, 33.7019423], [-84.3055401, 33.7016566], [-84.3085467, 33.7013628], [-84.3109607, 33.7011664], [-84.3131548, 33.7011173], [-84.3176823, 33.7011976], [-84.3229877, 33.7012467], [-84.3263888, 33.7012601], [-84.3279123, 33.7011842], [-84.3290377, 33.7025563]]}}, {"type": "Feature", "properties": {"power": "line", "name": "", "voltage": "115000", "operator": "Georgia Power"}, "geometry": {"type": "LineString", "coordinates": [[-84.3291953, 33.7027903], [-84.3303721, 33.7042171], [-84.3317338, 33.7053882], [-84.3374292, 33.7054904], [-84.3405244, 33.7055799], [-84.3423482, 33.7049296]]}}, {"type": "Feature", "properties": {"power": "substation", "name": "", "voltage": "115000", "operator": "Georgia Power"}, "geometry": {"type": "Point", "coordinates": [-84.32931857999999, 33.70269612]}}, {"type": "Feature", "properties": {"power": "line", "name": "", "voltage": "115000", "operator": ""}, "geometry": {"type": "LineString", "coordinates": [[-84.3513779, 33.6428487], [-84.3516658, 33.6427729], [-84.3517648, 33.6429931], [-84.3514918, 33.6432455], [-84.3507199, 33.6439604], [-84.3500616, 33.6445913], [-84.3494287, 33.6451978], [-84.3489822, 33.6456025], [-84.3485522, 33.6460199], [-84.3480202, 33.6465212], [-84.3473643, 33.647133], [-84.3466792, 33.6477682], [-84.3462186, 33.6482334], [-84.3458039, 33.648586], [-84.3450639, 33.6492902], [-84.3444145, 33.6498956], [-84.3436388, 33.650621], [-84.3429152, 33.6513578], [-84.342146, 33.6522725], [-84.3414529, 33.6531615], [-84.3407651, 33.6540137], [-84.3402402, 33.6546575], [-84.339595, 33.655501], [-84.3390062, 33.6562321], [-84.3384943, 33.6568912], [-84.338131, 33.6573833], [-84.3377942, 33.6577998], [-84.3372041, 33.6576016], [-84.3366226, 33.6577525], [-84.3361699, 33.6578275], [-84.3353813, 33.6576614], [-84.3346067, 33.6575792], [-84.3338063, 33.6575103], [-84.3330038, 33.6574512], [-84.3320501, 33.6574332], [-84.3310072, 33.657507], [-84.3295205, 33.6575668], [-84.3280155, 33.657606], [-84.3265418, 33.6576497], [-84.3258416, 33.6581147], [-84.3245702, 33.6581122], [-84.3232428, 33.6579437], [-84.3225177, 33.6581129], [-84.321155, 33.6583666]]}}, {"type": "Feature", "properties": {"power": "line", "name": "", "voltage": "230000", "operator": "Georgia Power"}, "geometry": {"type": "LineString", "coordinates": [[-84.2301037, 33.7884246], [-84.2301529, 33.7876629], [-84.2301621, 33.7869262], [-84.2317011, 33.7869409], [-84.232715, 33.7868855], [-84.2331628, 33.7868782], [-84.234161, 33.7868619], [-84.2353582, 33.7863376], [-84.2361598, 33.7856975], [-84.2376133, 33.785629], [-84.2388, 33.7856078], [-84.2400647, 33.7855816], [-84.2414712, 33.7855511], [-84.2428221, 33.7855294], [-84.2440869, 33.7858232], [-84.2448214, 33.7861245], [-84.2459929, 33.7866534], [-84.2467014, 33.7869769], [-84.2476619, 33.7874397], [-84.248421, 33.7878053], [-84.2492395, 33.7885513], [-84.2499393, 33.7889727], [-84.2510262, 33.7894549], [-84.2525935, 33.7898968], [-84.253737, 33.7900895], [-84.2550248, 33.7906427], [-84.2562204, 33.7911025], [-84.2575144, 33.7916389], [-84.259166, 33.7923938], [-84.2613256, 33.7934557], [-84.2628748, 33.7936839], [-84.2637002, 33.7936982], [-84.2640658, 33.7937046], [-84.2659664, 33.7936915], [-84.2676743, 33.7937133], [-84.2691224, 33.7937602], [-84.2707665, 33.7937996], [-84.270804, 33.793238], [-84.2708372, 33.7927276], [-84.2708894, 33.7916442], [-84.2707675, 33.7907332], [-84.271058, 33.7907906], [-84.2711178, 33.7909392]]}}, {"type": "Feature", "properties": {"power": "line", "name": "", "voltage": "115000", "operator": "Georgia Power"}, "geometry": {"type": "LineString", "coordinates": [[-84.2377366, 33.8097764], [-84.2379457, 33.8100778], [-84.2385168, 33.8105282], [-84.2389867, 33.8107471], [-84.2396583, 33.8110735], [-84.2404825, 33.8113653], [-84.2425869, 33.8123688], [-84.2428827, 33.8131598], [-84.2439918, 33.8147854], [-84.2442984, 33.8153114], [-84.2451765, 33.8168153], [-84.2454969, 33.8173721], [-84.246435, 33.8179958], [-84.2473156, 33.8186968], [-84.2483253, 33.8194744], [-84.2490031, 33.819994], [-84.2497607, 33.8205277], [-84.2501511, 33.8213576], [-84.2504415, 33.8220904], [-84.2507351, 33.8228527], [-84.2511162, 33.8236174], [-84.2515173, 33.8244294], [-84.2521005, 33.8250112], [-84.2531593, 33.8256521], [-84.2541368, 33.8257772], [-84.254753, 33.8258934], [-84.25546, 33.8259764], [-84.256047, 33.8264054], [-84.2565511, 33.8267225], [-84.2569511, 33.8263425]]}}, {"type": "Feature", "properties": {"power": "substation", "name": "", "voltage": "115000", "operator": "Georgia Power"}, "geometry": {"type": "Point", "coordinates": [-84.25697374444445, 33.82639967777778]}}, {"type": "Feature", "properties": {"power": "line", "name": "", "voltage": "115000", "operator": "Georgia Power"}, "geometry": {"type": "LineString", "coordinates": [[-84.2570655, 33.8263907], [-84.2566833, 33.8268164], [-84.2573088, 33.8272786], [-84.2577667, 33.827571], [-84.2581909, 33.8279552], [-84.2583538, 33.8282578], [-84.258632, 33.8289217], [-84.2588656, 33.8294936], [-84.259295, 33.8299414], [-84.2589152, 33.8309482], [-84.258621, 33.831661], [-84.2582651, 33.8323686], [-84.2576782, 33.8332733], [-84.2570882, 33.8343252], [-84.256911, 33.8355626], [-84.2569202, 33.8365236], [-84.2569079, 33.8382997], [-84.2569002, 33.839244], [-84.2568941, 33.8402728], [-84.2568771, 33.8409177], [-84.2568632, 33.841528], [-84.2568586, 33.8422125], [-84.2568802, 33.84335], [-84.2568863, 33.8443596], [-84.2562332, 33.8447933], [-84.2555954, 33.8452322], [-84.255449, 33.8461994], [-84.2555646, 33.8471066], [-84.255714, 33.8477668], [-84.2563148, 33.8487135], [-84.2569942, 33.8487737], [-84.2585763, 33.8497588], [-84.2594636, 33.850149], [-84.2605543, 33.8506378], [-84.2597887, 33.850657], [-84.2598103, 33.8510971], [-84.2595407, 33.8511674]]}}, {"type": "Feature", "properties": {"power": "line", "name": "", "voltage": "115000", "operator": "Georgia Power"}, "geometry": {"type": "LineString", "coordinates": [[-84.2629185, 33.8925116], [-84.2630341, 33.8926689], [-84.2635437, 33.8934674], [-84.2645909, 33.8942613], [-84.2660415, 33.8960765], [-84.2666332, 33.8968676], [-84.2662146, 33.8981763], [-84.2661945, 33.8999607], [-84.2661524, 33.9019628], [-84.2652145, 33.901953], [-84.2654918, 33.9026575], [-84.2655826, 33.9030286], [-84.2656919, 33.9035895], [-84.2657574, 33.9040387], [-84.2658213, 33.9044433], [-84.2659843, 33.9057184], [-84.2661205, 33.9070158], [-84.2663541, 33.9077858], [-84.2665743, 33.9084894], [-84.2669297, 33.9094955], [-84.2673025, 33.910495], [-84.2677643, 33.9108736], [-84.268511, 33.9106269], [-84.2694203, 33.9102761], [-84.2704496, 33.9102407], [-84.2711465, 33.9096596], [-84.2715304, 33.9092769], [-84.2721249, 33.908632], [-84.2727522, 33.9080997], [-84.2734052, 33.9076238], [-84.2742338, 33.9070429], [-84.2751467, 33.906431], [-84.2760632, 33.9056796]]}}, {"type": "Feature", "properties": {"power": "line", "name": "", "voltage": "115000", "operator": ""}, "geometry": {"type": "LineString", "coordinates": [[-84.3088096, 33.92172], [-84.3088316, 33.9211726], [-84.3090603, 33.9209126], [-84.3106239, 33.9208891], [-84.3120198, 33.9208787], [-84.3128411, 33.92089], [-84.31338, 33.9209227], [-84.3139268, 33.9209709], [-84.3149615, 33.9210374], [-84.3157065, 33.9209582], [-84.3173506, 33.9207509], [-84.3188629, 33.9206896], [-84.3201498, 33.9207009], [-84.3215247, 33.9206756], [-84.322581, 33.9208646], [-84.3236347, 33.920994], [-84.3246183, 33.9210059], [-84.3255256, 33.9208421], [-84.3267621, 33.9206577], [-84.327509, 33.9206768], [-84.3276827, 33.9215721], [-84.327801, 33.9223921], [-84.3278241, 33.9232159], [-84.3276812, 33.9240001], [-84.3275152, 33.9248443], [-84.327675, 33.9259078], [-84.3279978, 33.9271308], [-84.3306073, 33.9271129], [-84.3319612, 33.9270313], [-84.3329786, 33.9272442], [-84.3335598, 33.9272326]]}}, {"type": "Feature", "properties": {"power": "substation", "name": "", "voltage": "230000", "operator": "Georgia Power"}, "geometry": {"type": "Point", "coordinates": [-84.33412998, 33.9275319]}}, {"type": "Feature", "properties": {"power": "substation", "name": "", "voltage": "115000", "operator": ""}, "geometry": {"type": "Point", "coordinates": [-84.30889585714286, 33.921615485714284]}}, {"type": "Feature", "properties": {"power": "line", "name": "", "voltage": "115000", "operator": "Georgia Power"}, "geometry": {"type": "LineString", "coordinates": [[-84.53609, 33.9615973], [-84.5359965, 33.9608921], [-84.5354833, 33.9607591], [-84.5348265, 33.960625], [-84.5347207, 33.9597592], [-84.5342454, 33.9590929], [-84.5333335, 33.9597119], [-84.5318967, 33.9606751], [-84.5306348, 33.9615259], [-84.5296035, 33.9621892], [-84.5283741, 33.962991], [-84.5257937, 33.9631172], [-84.5227216, 33.9632408], [-84.5197679, 33.9633262], [-84.5176839, 33.9634129], [-84.5153894, 33.963469], [-84.5137773, 33.9635378], [-84.5118855, 33.9636206], [-84.5080853, 33.9637804], [-84.5075065, 33.963805], [-84.5071948, 33.9638182], [-84.5050774, 33.9638699], [-84.503768, 33.9639247], [-84.5020222, 33.9639872], [-84.4999536, 33.9640547], [-84.4986888, 33.9641197], [-84.4975085, 33.9641669], [-84.4958195, 33.9642332], [-84.4947084, 33.9642905], [-84.4947111, 33.9646489], [-84.494048, 33.964659], [-84.4940551, 33.9645934]]}}, {"type": "Feature", "properties": {"power": "line", "name": "", "voltage": "230000", "operator": "Georgia Power"}, "geometry": {"type": "LineString", "coordinates": [[-84.422226, 33.9658411], [-84.4260536, 33.9658122], [-84.428886, 33.965801], [-84.4320349, 33.9652004], [-84.4341113, 33.9657472], [-84.4385607, 33.9657388], [-84.4411651, 33.9657232], [-84.4448773, 33.9656876], [-84.4491071, 33.9656631], [-84.4519717, 33.9656676], [-84.4547854, 33.9656431], [-84.4589696, 33.9656142], [-84.4620139, 33.965583], [-84.4644655, 33.9655586], [-84.4677431, 33.9654451], [-84.4716431, 33.9653027], [-84.475088, 33.9651628], [-84.4778899, 33.9650491], [-84.4795979, 33.9649893], [-84.4829083, 33.9648734], [-84.4862666, 33.9647479], [-84.4892434, 33.9646242], [-84.4931656, 33.9644871], [-84.4953798, 33.964389], [-84.4987326, 33.9642711], [-84.5024957, 33.9641198], [-84.5048883, 33.9640575], [-84.5067283, 33.9639752], [-84.5103761, 33.963824], [-84.5138013, 33.9636949], [-84.517627, 33.9635496], [-84.519745, 33.9634691], [-84.5227221, 33.9633437], [-84.5257745, 33.963228], [-84.5284754, 33.9631168], [-84.5311686, 33.9613339], [-84.5346581, 33.9590204], [-84.5353248, 33.9602422]]}}, {"type": "Feature", "properties": {"power": "line", "name": "", "voltage": "115000", "operator": "Georgia Power"}, "geometry": {"type": "LineString", "coordinates": [[-84.5165048, 33.9372273], [-84.5175295, 33.9385868], [-84.5179729, 33.9391843], [-84.518715, 33.9401712], [-84.5192807, 33.9408908], [-84.5198282, 33.9416509], [-84.5202185, 33.9421519], [-84.5210273, 33.9431902], [-84.5214442, 33.9437134], [-84.521944, 33.944417], [-84.5232192, 33.9460868], [-84.5244379, 33.9476946], [-84.5256112, 33.9489292], [-84.5262492, 33.9496162], [-84.5268031, 33.9501831], [-84.5285297, 33.9519713], [-84.5291728, 33.9526167], [-84.5306282, 33.9540891], [-84.5313787, 33.9548248], [-84.5320359, 33.9555296], [-84.5330356, 33.9564949], [-84.5336726, 33.9572867]]}}, {"type": "Feature", "properties": {"power": "line", "name": "", "voltage": "115000", "operator": "Georgia Power"}, "geometry": {"type": "LineString", "coordinates": [[-84.4893039, 33.9009525], [-84.4895371, 33.9015595], [-84.4887035, 33.9019374], [-84.4880193, 33.9022475], [-84.4874543, 33.9025169], [-84.4864619, 33.9023328], [-84.4858828, 33.9016913], [-84.4848064, 33.9023909], [-84.4837393, 33.9031177], [-84.4836506, 33.9039258], [-84.4836062, 33.9047553], [-84.4835572, 33.9052553], [-84.4840125, 33.9056215], [-84.4845005, 33.9059878], [-84.4851706, 33.9065149], [-84.4859435, 33.9071118], [-84.487111, 33.9080265], [-84.4877228, 33.9084625], [-84.4873375, 33.9099566], [-84.4882178, 33.9108306], [-84.489481, 33.911536], [-84.4898033, 33.9137237], [-84.4900952, 33.9156111], [-84.490359, 33.91751], [-84.4906252, 33.9192772], [-84.4908867, 33.9209978], [-84.4936023, 33.9219104], [-84.4938598, 33.9220023], [-84.4947208, 33.9222785], [-84.4974107, 33.9231834], [-84.4987027, 33.9236412], [-84.5005928, 33.9242507], [-84.5023207, 33.9248227], [-84.5070072, 33.9264756], [-84.5090143, 33.9270762], [-84.5098135, 33.9283858]]}}, {"type": "Feature", "properties": {"power": "line", "name": "", "voltage": "115000", "operator": "Georgia Power"}, "geometry": {"type": "LineString", "coordinates": [[-84.5098135, 33.9283858], [-84.5088069, 33.9272853], [-84.5070288, 33.9266745], [-84.5047789, 33.925926], [-84.5020999, 33.924996], [-84.5004683, 33.9244706], [-84.4986498, 33.9238675], [-84.4966489, 33.9231864], [-84.4939238, 33.9222783], [-84.4906166, 33.9211521], [-84.4903591, 33.9192491], [-84.4900748, 33.9175486], [-84.4898146, 33.9156589], [-84.4895464, 33.9138337], [-84.4892165, 33.9117302], [-84.4879505, 33.9109355], [-84.4871646, 33.9099917], [-84.4874301, 33.9085537], [-84.4869259, 33.9081597], [-84.4860246, 33.9075007], [-84.4849625, 33.9066682], [-84.4842007, 33.906076], [-84.4832727, 33.905337], [-84.4833103, 33.9047226], [-84.4833854, 33.9038811], [-84.4834363, 33.9029884], [-84.4846782, 33.902276], [-84.4858326, 33.9016399], [-84.4873422, 33.9008155], [-84.4885466, 33.9000665], [-84.4891305, 33.9008521]]}}, {"type": "Feature", "properties": {"power": "substation", "name": "", "voltage": "115000", "operator": ""}, "geometry": {"type": "Point", "coordinates": [-84.51082038333334, 33.953048966666664]}}, {"type": "Feature", "properties": {"power": "substation", "name": "", "voltage": "230000", "operator": "Georgia Power"}, "geometry": {"type": "Point", "coordinates": [-84.42020232307692, 33.96564870769231]}}, {"type": "Feature", "properties": {"power": "line", "name": "", "voltage": "230000", "operator": "Georgia Power"}, "geometry": {"type": "LineString", "coordinates": [[-84.4195226, 33.9658412], [-84.416829, 33.9658633], [-84.4145197, 33.9658844], [-84.4121223, 33.965892], [-84.4089994, 33.9659162], [-84.4050729, 33.9659405], [-84.4014122, 33.9659647], [-84.3971986, 33.9662829]]}}, {"type": "Feature", "properties": {"power": "line", "name": "Cartersville - Acworth 230kV", "voltage": "230000", "operator": ""}, "geometry": {"type": "LineString", "coordinates": [[-84.6486558, 34.0612904], [-84.6485862, 34.059955], [-84.6493348, 34.0606188], [-84.650074, 34.0611237], [-84.6505424, 34.0610099], [-84.6512053, 34.0617077], [-84.6513085, 34.0624106], [-84.6521367, 34.0633109], [-84.6537965, 34.0650716], [-84.6552953, 34.0666234], [-84.6562201, 34.0675904], [-84.6574936, 34.0687733], [-84.6584789, 34.0697027], [-84.6595364, 34.0707392], [-84.6612187, 34.0723184], [-84.6624997, 34.0735271], [-84.6642056, 34.0751311], [-84.6656207, 34.0763992], [-84.6663481, 34.0771031], [-84.6676528, 34.0782601], [-84.6688877, 34.0793931], [-84.6707266, 34.0810548], [-84.6715849, 34.0818066], [-84.6729689, 34.0830177], [-84.6745621, 34.0843968], [-84.6757026, 34.0853236], [-84.6766725, 34.0868626], [-84.6781016, 34.0879688], [-84.6794931, 34.0890279], [-84.6813857, 34.0904753], [-84.6831173, 34.0918037], [-84.6847588, 34.0930698], [-84.6861128, 34.094088], [-84.6874561, 34.0951124], [-84.6894752, 34.0966654], [-84.6906672, 34.0976133], [-84.6916745, 34.0986628], [-84.6927487, 34.0998145], [-84.6943639, 34.0992673], [-84.6967275, 34.0985165], [-84.6985548, 34.0969894], [-84.6997199, 34.0959976], [-84.7016404, 34.0944228], [-84.7029493, 34.0933144], [-84.7043709, 34.0921305], [-84.7064174, 34.0903824], [-84.7078605, 34.0892095], [-84.7097246, 34.087659], [-84.7110898, 34.0865395], [-84.7138847, 34.0865417], [-84.7149254, 34.0865217], [-84.7173474, 34.0872081], [-84.7189304, 34.0871151], [-84.7213113, 34.0876651], [-84.7225284, 34.0882531], [-84.7238793, 34.0888907], [-84.7262975, 34.0894912], [-84.7265854, 34.0895627], [-84.7273924, 34.0923464], [-84.7279103, 34.0940862], [-84.7285635, 34.0963362], [-84.7295194, 34.0995623], [-84.7304789, 34.1027451], [-84.73153, 34.106242], [-84.7322554, 34.1087462], [-84.7331806, 34.1118306], [-84.734702, 34.1168335], [-84.7354129, 34.119183], [-84.7364059, 34.1226253], [-84.7382147, 34.1291265], [-84.7397205, 34.1337507], [-84.7406835, 34.1368225], [-84.7414452, 34.1393808], [-84.7418985, 34.1407327], [-84.7424578, 34.1424218], [-84.7433031, 34.1436454], [-84.7442713, 34.1450954], [-84.7480211, 34.1477994], [-84.7491676, 34.1486388], [-84.7505784, 34.1495876], [-84.7530619, 34.1513275], [-84.7564275, 34.1535429], [-84.7599387, 34.1558325], [-84.7607227, 34.1564481], [-84.7641391, 34.1591307], [-84.7659308, 34.1605467], [-84.7674073, 34.160871], [-84.7729635, 34.1620914], [-84.7737727, 34.1632511], [-84.7754181, 34.1655669], [-84.7767079, 34.1674577], [-84.7792184, 34.1710972], [-84.7798164, 34.1723941]]}}, {"type": "Feature", "properties": {"power": "line", "name": "", "voltage": "115000", "operator": "Georgia Power"}, "geometry": {"type": "LineString", "coordinates": [[-84.4895211, 33.9008848], [-84.4897727, 33.901481], [-84.491318, 33.9006921], [-84.491463, 33.9006171], [-84.4921445, 33.9002644], [-84.4927867, 33.8998926], [-84.4933036, 33.8995884], [-84.4939066, 33.8992192], [-84.4954824, 33.898183], [-84.4969235, 33.8972365], [-84.4975986, 33.8967541], [-84.4981703, 33.8963745], [-84.4992307, 33.8951835], [-84.5001643, 33.8937741], [-84.5013798, 33.8927886], [-84.503178, 33.891621], [-84.5052973, 33.8907238], [-84.5064047, 33.8906757], [-84.507758, 33.8906679], [-84.5091239, 33.8906757], [-84.510319, 33.8906809], [-84.5115314, 33.8907407], [-84.5124665, 33.890742], [-84.5141112, 33.8907303], [-84.5165453, 33.8907251], [-84.5175353, 33.8908798], [-84.5183153, 33.8910996], [-84.5186396, 33.8913908], [-84.5190891, 33.8918654], [-84.5198645, 33.8929264], [-84.520626, 33.8942338], [-84.5209346, 33.8949112], [-84.5211164, 33.8953305], [-84.5212971, 33.8957262], [-84.5214642, 33.8961047], [-84.5214974, 33.8968972], [-84.5217063, 33.8973521], [-84.5219951, 33.8979264], [-84.5221936, 33.8983619], [-84.5225464, 33.8990698], [-84.5228026, 33.8995226], [-84.5232968, 33.9003988], [-84.5235367, 33.9008455], [-84.5237458, 33.901198], [-84.5239338, 33.9014881], [-84.5243733, 33.9021693], [-84.5246288, 33.9025705], [-84.5236876, 33.9029417], [-84.5224921, 33.9030309], [-84.5213509, 33.9030768]]}}, {"type": "Feature", "properties": {"power": "substation", "name": "", "voltage": "230000", "operator": "Georgia Power"}, "geometry": {"type": "Point", "coordinates": [-84.40420281666667, 33.763035466666665]}}, {"type": "Feature", "properties": {"power": "substation", "name": "", "voltage": "115000", "operator": "Georgia Power"}, "geometry": {"type": "Point", "coordinates": [-84.39376623333334, 33.76495312]}}, {"type": "Feature", "properties": {"power": "plant", "name": "Laredo Bus Facility Solar Canopies", "voltage": "", "operator": "MARTA"}, "geometry": {"type": "Point", "coordinates": [-84.26723784, 33.78338493333333]}}, {"type": "Feature", "properties": {"power": "substation", "name": "", "voltage": "115000", "operator": ""}, "geometry": {"type": "Point", "coordinates": [-84.15771728, 33.935533979999995]}}, {"type": "Feature", "properties": {"power": "substation", "name": "", "voltage": "12000", "operator": ""}, "geometry": {"type": "Point", "coordinates": [-84.15660876, 33.935770160000004]}}, {"type": "Feature", "properties": {"power": "substation", "name": "", "voltage": "115000", "operator": "Georgia Power"}, "geometry": {"type": "Point", "coordinates": [-84.21974878, 33.916135280000006]}}, {"type": "Feature", "properties": {"power": "substation", "name": "", "voltage": "115000", "operator": "Georgia Power"}, "geometry": {"type": "Point", "coordinates": [-84.5709806, 33.81824228000001]}}, {"type": "Feature", "properties": {"power": "substation", "name": "Six Flags Substation", "voltage": "46000", "operator": ""}, "geometry": {"type": "Point", "coordinates": [-84.5539312, 33.76554224]}}, {"type": "Feature", "properties": {"power": "line", "name": "", "voltage": "115000", "operator": "Georgia Power"}, "geometry": {"type": "LineString", "coordinates": [[-84.3512781, 33.5229432], [-84.3519151, 33.5229314], [-84.3519843, 33.5225762], [-84.3530079, 33.5225634], [-84.3539916, 33.5225509], [-84.354579, 33.5225453], [-84.3551972, 33.522533], [-84.3557525, 33.5225285], [-84.3560757, 33.5225207], [-84.3565759, 33.5225118], [-84.3569621, 33.5225028], [-84.3575133, 33.522495], [-84.3586975, 33.5224916], [-84.3590382, 33.5224603], [-84.360044, 33.5223988], [-84.3605643, 33.5224], [-84.3610297, 33.5223955], [-84.361247, 33.522391], [-84.361597, 33.5223854], [-84.3626471, 33.522372], [-84.363146, 33.5223742], [-84.3631232, 33.5225587], [-84.363099, 33.523243], [-84.3630642, 33.5239719], [-84.36304, 33.524437], [-84.3630051, 33.5254231], [-84.3629877, 33.5257674], [-84.3629649, 33.5261856], [-84.3629448, 33.5266417], [-84.3629126, 33.5270106], [-84.3629287, 33.5274802], [-84.3635376, 33.5284618], [-84.3636395, 33.5292846], [-84.3637159, 33.5296982], [-84.3637937, 33.5301499], [-84.3639152, 33.5308114], [-84.3640132, 33.5313117], [-84.3641112, 33.5318296], [-84.3641655, 33.5321199], [-84.36426, 33.5326437], [-84.3644315, 33.5335087], [-84.3645627, 33.5341696], [-84.36468, 33.5348246], [-84.3648725, 33.535783], [-84.3650808, 33.5366582], [-84.3655305, 33.5378952], [-84.3659313, 33.5388624], [-84.3661606, 33.5393204], [-84.3664493, 33.5399053], [-84.3667118, 33.5404451], [-84.3669848, 33.5409818], [-84.3673856, 33.5417331], [-84.3677986, 33.5425076], [-84.3683394, 33.5435535], [-84.3686929, 33.5442332], [-84.3690884, 33.5450092], [-84.369393, 33.5456145], [-84.3695592, 33.5461089], [-84.3697412, 33.5466311], [-84.3698147, 33.5470526], [-84.3699635, 33.5478053], [-84.3700702, 33.5487314], [-84.3701297, 33.5491807], [-84.3701997, 33.5496518], [-84.3708759, 33.5496906], [-84.3717568, 33.5499804], [-84.3720724, 33.5502511], [-84.372411, 33.5506163], [-84.3726239, 33.5512087], [-84.3729227, 33.5520399], [-84.3730513, 33.5523629], [-84.3734772, 33.5532885], [-84.3737024, 33.5537366], [-84.3740701, 33.5545371], [-84.3742907, 33.5550504], [-84.3747381, 33.555976], [-84.3756067, 33.5563756], [-84.3766179, 33.5565352], [-84.3777485, 33.5566654], [-84.378732, 33.5567726], [-84.3797723, 33.5568875], [-84.3809167, 33.5570063], [-84.3814023, 33.557065], [-84.381698, 33.5571199], [-84.3825835, 33.5573331], [-84.3835563, 33.5575808], [-84.3845674, 33.5578489], [-84.385551, 33.5581029], [-84.3867414, 33.5584093], [-84.3875977, 33.5583136], [-84.3879057, 33.5578284]]}}, {"type": "Feature", "properties": {"power": "line", "name": "", "voltage": "115000", "operator": "Georgia Power"}, "geometry": {"type": "LineString", "coordinates": [[-84.3879057, 33.5578284], [-84.3878643, 33.5579127], [-84.3880543, 33.5579753], [-84.3880197, 33.5580378], [-84.3879991, 33.5580748]]}}, {"type": "Feature", "properties": {"power": "line", "name": "", "voltage": "115000", "operator": "Georgia Power"}, "geometry": {"type": "LineString", "coordinates": [[-84.3880543, 33.5579753], [-84.3880987, 33.5578948]]}}, {"type": "Feature", "properties": {"power": "substation", "name": "Valley Hill Road Substation", "voltage": "115000", "operator": "Georgia Power"}, "geometry": {"type": "Point", "coordinates": [-84.38799513333333, 33.55812973333333]}}, {"type": "Feature", "properties": {"power": "line", "name": "", "voltage": "115000", "operator": "Georgia Power"}, "geometry": {"type": "LineString", "coordinates": [[-84.3880987, 33.5578948], [-84.3878526, 33.5583813], [-84.3880206, 33.5585543], [-84.3883554, 33.558931], [-84.388571, 33.5591736], [-84.389023, 33.5596935], [-84.3894045, 33.5603157], [-84.3895895, 33.5606486], [-84.3897696, 33.5609761], [-84.3901151, 33.5616051], [-84.3905081, 33.5623624], [-84.3907357, 33.5627962], [-84.3910566, 33.5635767], [-84.391335, 33.5640965], [-84.391669, 33.5647583], [-84.3920162, 33.565319], [-84.3925565, 33.565787], [-84.393331, 33.5661418], [-84.3940728, 33.5662509], [-84.395065, 33.5662837], [-84.3958608, 33.5661486], [-84.3964061, 33.5665838], [-84.3971134, 33.5669549], [-84.397996, 33.5675457], [-84.3990227, 33.5682592], [-84.3995335, 33.5685403], [-84.4003506, 33.5689155], [-84.4016982, 33.5694462], [-84.4019831, 33.5695595], [-84.4028886, 33.5696263], [-84.4035108, 33.5698541], [-84.4043082, 33.5702935], [-84.4050107, 33.5706482], [-84.4059604, 33.5712607], [-84.4069609, 33.5718733], [-84.4077435, 33.5723699], [-84.4082282, 33.5726564], [-84.4086523, 33.5729293], [-84.4093892, 33.5733194], [-84.4098951, 33.5736032], [-84.4102177, 33.5738092], [-84.4107842, 33.5741312], [-84.4111379, 33.5743808], [-84.4115636, 33.5748283], [-84.411765, 33.5750302], [-84.412104, 33.5754327], [-84.4129993, 33.5754286], [-84.4135225, 33.5754318], [-84.414367, 33.5754558], [-84.4144071, 33.5760935], [-84.414426, 33.5765002], [-84.4147951, 33.5770942], [-84.4150521, 33.5776662], [-84.4153948, 33.5783187], [-84.4155146, 33.578542], [-84.4156826, 33.5788741], [-84.4160157, 33.5795484], [-84.416311, 33.5801335], [-84.416569, 33.5806052], [-84.4167955, 33.5809241], [-84.4171438, 33.5814423], [-84.4167384, 33.5814523], [-84.4171555, 33.5821723], [-84.4176257, 33.5830632], [-84.417554, 33.5836555], [-84.4175038, 33.5839982], [-84.4174508, 33.5844555], [-84.4181116, 33.58452], [-84.4183008, 33.5848233], [-84.4179235, 33.5849867]]}}, {"type": "Feature", "properties": {"power": "line", "name": "", "voltage": "115000", "operator": "Georgia Power"}, "geometry": {"type": "LineString", "coordinates": [[-84.4230783, 33.5276742], [-84.4225225, 33.5275679], [-84.4217293, 33.527462], [-84.4211654, 33.5273949], [-84.4208507, 33.5280097], [-84.4206601, 33.5284303], [-84.4202086, 33.5294734], [-84.4199993, 33.5300362], [-84.4198216, 33.5305273], [-84.4195707, 33.5313493], [-84.4192955, 33.5322765], [-84.4190605, 33.5330173], [-84.4189501, 33.5335215], [-84.4188039, 33.5339194], [-84.4186061, 33.5346291], [-84.4183825, 33.53534], [-84.4181603, 33.5360605], [-84.4179094, 33.536898], [-84.4177102, 33.5375742], [-84.4175267, 33.5381668], [-84.4173576, 33.5386794], [-84.4171899, 33.5392648], [-84.4170179, 33.539843], [-84.4168889, 33.5402731], [-84.416747, 33.5407104], [-84.4165391, 33.5413938], [-84.4164101, 33.5418502], [-84.4162883, 33.5422623], [-84.4162009, 33.5425538], [-84.4161091, 33.5428704], [-84.4159658, 33.5433399], [-84.4158697, 33.5436589], [-84.4157493, 33.5440663], [-84.4156275, 33.5444832], [-84.4154096, 33.5452012], [-84.4152649, 33.5456456], [-84.4150656, 33.5463087], [-84.4149467, 33.5468367], [-84.4148434, 33.5472225], [-84.4147345, 33.5475869], [-84.4146772, 33.5481543], [-84.4146399, 33.5484876], [-84.4146184, 33.5486931], [-84.4145596, 33.5492964], [-84.4144966, 33.5498316], [-84.4144851, 33.5499403], [-84.4144335, 33.5502688], [-84.4144077, 33.5508016], [-84.4143432, 33.5514932], [-84.4142844, 33.552192], [-84.4142113, 33.5530031], [-84.4141726, 33.5533328], [-84.4141339, 33.5538393], [-84.4140565, 33.5547257], [-84.4139763, 33.5554925], [-84.4139132, 33.556165], [-84.4138544, 33.5567886], [-84.4137985, 33.5575698], [-84.4137297, 33.5583533], [-84.4136466, 33.559125], [-84.4135448, 33.5602059], [-84.4134903, 33.560845], [-84.4134072, 33.5617121], [-84.4133499, 33.5623953], [-84.4132782, 33.5631072], [-84.4131807, 33.5640209], [-84.4131263, 33.5647125], [-84.4130603, 33.5653598], [-84.4129973, 33.5659988], [-84.4129356, 33.5666282], [-84.4129113, 33.5669614], [-84.4128611, 33.5674905], [-84.412808, 33.568034], [-84.412788, 33.5683122], [-84.4127593, 33.5685332], [-84.4127292, 33.5689261], [-84.4126977, 33.569122], [-84.4126618, 33.5695746], [-84.4126375, 33.5698696], [-84.4125601, 33.5706435], [-84.4125042, 33.5713673], [-84.4124454, 33.5719883], [-84.4123479, 33.5728374], [-84.4123107, 33.5733319], [-84.412229, 33.5741069], [-84.412163, 33.5748307], [-84.412104, 33.5754327]]}}, {"type": "Feature", "properties": {"power": "line", "name": "", "voltage": "230000", "operator": "Georgia Power"}, "geometry": {"type": "LineString", "coordinates": [[-84.0726195, 33.5036542], [-84.0726229, 33.5038201], [-84.0743007, 33.504125], [-84.074222, 33.5051631], [-84.0760562, 33.506082], [-84.0781069, 33.5071453], [-84.0790771, 33.5090387], [-84.0795133, 33.5117741], [-84.0799495, 33.5145997], [-84.0822308, 33.5147231], [-84.0867169, 33.5147716], [-84.0887419, 33.5148069], [-84.0917846, 33.5148091], [-84.0944705, 33.5148377], [-84.0968444, 33.5148532], [-84.0990887, 33.5148421], [-84.1009339, 33.5149259], [-84.1023852, 33.5150118], [-84.1030118, 33.5146901], [-84.1050367, 33.5147253], [-84.1069877, 33.5147562], [-84.10901, 33.5147672], [-84.1089518, 33.5160499], [-84.1089227, 33.5172599], [-84.108891, 33.5184986], [-84.1098691, 33.5192567], [-84.1124492, 33.5193096], [-84.1149447, 33.5193316], [-84.1154999, 33.5204711], [-84.1160973, 33.5220424], [-84.1164753, 33.5235058], [-84.1184289, 33.5235168], [-84.1202477, 33.5235785], [-84.122122, 33.5227917], [-84.1225529, 33.523746], [-84.1222911, 33.5251718], [-84.1235125, 33.5265889], [-84.1249717, 33.5271817], [-84.1264917, 33.5275673], [-84.127454, 33.5283254], [-84.1274196, 33.5295462], [-84.1281995, 33.5303528], [-84.1281321, 33.5315287], [-84.1281356, 33.5334755], [-84.1281252, 33.5358823], [-84.1281045, 33.5382603], [-84.1281045, 33.540066], [-84.1280907, 33.5417452], [-84.1280321, 33.5438872], [-84.1279355, 33.5464921], [-84.1283701, 33.5481022], [-84.1298052, 33.5494132], [-84.1310678, 33.5506293], [-84.1294913, 33.5512618], [-84.1278561, 33.5519029], [-84.1278561, 33.5539182], [-84.1278251, 33.5555425], [-84.1277975, 33.5571754], [-84.1278009, 33.5585581], [-84.1277457, 33.5602887], [-84.1277871, 33.5608406], [-84.1270144, 33.560947], [-84.1270662, 33.5628414], [-84.1269765, 33.5647731], [-84.1269661, 33.5667766], [-84.1269765, 33.5688088], [-84.1269765, 33.5708122], [-84.1271972, 33.5724735], [-84.1274939, 33.5741377], [-84.1273973, 33.5765146], [-84.1274111, 33.5785294], [-84.1272628, 33.5797365], [-84.128108, 33.5801992], [-84.1280735, 33.5805872], [-84.1278113, 33.5822713], [-84.1275388, 33.5835646], [-84.1275319, 33.5852458], [-84.1275353, 33.5868781], [-84.1275112, 33.5892633], [-84.1275526, 33.5900794], [-84.1267695, 33.5901053], [-84.1267591, 33.5911139], [-84.126836, 33.592199], [-84.1265969, 33.5922132]]}}, {"type": "Feature", "properties": {"power": "substation", "name": "Lorraine Substation", "voltage": "230000", "operator": "Georgia Power"}, "geometry": {"type": "Point", "coordinates": [-84.12647374000001, 33.59237242]}}, {"type": "Feature", "properties": {"power": "line", "name": "", "voltage": "230000", "operator": "Georgia Power"}, "geometry": {"type": "LineString", "coordinates": [[-84.1265892, 33.5923632], [-84.1268376, 33.5923231], [-84.1268453, 33.5930667], [-84.1268432, 33.5936342], [-84.1268915, 33.5948928], [-84.1269053, 33.596568], [-84.1269295, 33.5977432], [-84.126964, 33.5993839], [-84.1269605, 33.600766], [-84.127716, 33.6010246], [-84.1277332, 33.6022975], [-84.1277608, 33.6041938], [-84.1277953, 33.6056218], [-84.127816, 33.6069894], [-84.1277091, 33.6083426], [-84.1273572, 33.6125372], [-84.1272606, 33.6139736], [-84.1271433, 33.6153468], [-84.1270123, 33.6173233], [-84.1268812, 33.6193314], [-84.1266569, 33.6203799], [-84.1264086, 33.6216812], [-84.1260843, 33.6234478], [-84.1257669, 33.6252087], [-84.1253771, 33.6273372], [-84.1251701, 33.6284545], [-84.1249873, 33.6292674], [-84.1248631, 33.6306634], [-84.1268432, 33.6306777], [-84.1276608, 33.6327573], [-84.128813, 33.6341417], [-84.1297513, 33.6358075], [-84.1293684, 33.6379846], [-84.1278781, 33.6378668], [-84.1268363, 33.6378439]]}}, {"type": "Feature", "properties": {"power": "line", "name": "", "voltage": "230000", "operator": ""}, "geometry": {"type": "LineString", "coordinates": [[-84.1267985, 33.6380332], [-84.126626, 33.6380268], [-84.1261579, 33.6380176]]}}, {"type": "Feature", "properties": {"power": "line", "name": "", "voltage": "230000", "operator": ""}, "geometry": {"type": "LineString", "coordinates": [[-84.1268006, 33.638155], [-84.1266213, 33.6381545], [-84.1263409, 33.6381505], [-84.1261433, 33.6381394]]}}, {"type": "Feature", "properties": {"power": "line", "name": "", "voltage": "230000", "operator": ""}, "geometry": {"type": "LineString", "coordinates": [[-84.1267353, 33.6383458], [-84.1266142, 33.6383458], [-84.1262121, 33.6383458]]}}, {"type": "Feature", "properties": {"power": "line", "name": "", "voltage": "230000", "operator": ""}, "geometry": {"type": "LineString", "coordinates": [[-84.1268363, 33.6378439], [-84.1266331, 33.6378365], [-84.1262214, 33.6378392]]}}, {"type": "Feature", "properties": {"power": "line", "name": "", "voltage": "230000", "operator": ""}, "geometry": {"type": "LineString", "coordinates": [[-84.1266142, 33.6383458], [-84.1266213, 33.6381545], [-84.126626, 33.6380268], [-84.1266331, 33.6378365], [-84.1266499, 33.6373855], [-84.1261659, 33.6373803], [-84.125987, 33.6373774], [-84.1259374, 33.6373765], [-84.1259342, 33.6374773], [-84.1259312, 33.6375768], [-84.125928, 33.6376789], [-84.1257431, 33.6376749], [-84.1255617, 33.6376711], [-84.1255626, 33.6374786], [-84.1255636, 33.6372769], [-84.1255648, 33.6370185]]}}, {"type": "Feature", "properties": {"power": "line", "name": "", "voltage": "230000", "operator": ""}, "geometry": {"type": "LineString", "coordinates": [[-84.1263409, 33.6381505], [-84.1263456, 33.6375833], [-84.1261713, 33.6375805], [-84.1259312, 33.6375768]]}}, {"type": "Feature", "properties": {"power": "line", "name": "", "voltage": "230000", "operator": ""}, "geometry": {"type": "LineString", "coordinates": [[-84.1259342, 33.6374773], [-84.1257559, 33.6374755], [-84.1255626, 33.6374786]]}}, {"type": "Feature", "properties": {"power": "line", "name": "", "voltage": "230000", "operator": ""}, "geometry": {"type": "LineString", "coordinates": [[-84.125987, 33.6373774], [-84.125987, 33.6372808], [-84.1257685, 33.6372785], [-84.1255636, 33.6372769]]}}, {"type": "Feature", "properties": {"power": "line", "name": "", "voltage": "230000", "operator": ""}, "geometry": {"type": "LineString", "coordinates": [[-84.1255648, 33.6370185], [-84.1255085, 33.6370166], [-84.125508, 33.6370552], [-84.1255053, 33.6372543], [-84.1255025, 33.6374603], [-84.1255018, 33.6375119], [-84.1254992, 33.6376564], [-84.125499, 33.6376693], [-84.1255617, 33.6376711]]}}, {"type": "Feature", "properties": {"power": "line", "name": "", "voltage": "230000", "operator": "Georgia Power"}, "geometry": {"type": "LineString", "coordinates": [[-84.1267353, 33.6383458], [-84.127923, 33.6385155], [-84.1291012, 33.6387386], [-84.1287568, 33.6398962], [-84.1283947, 33.6408734], [-84.1279136, 33.6421147], [-84.1275487, 33.6430104], [-84.1271099, 33.6442604], [-84.1268138, 33.6454884], [-84.1270317, 33.6455046], [-84.12753, 33.6457838], [-84.1290513, 33.6457644], [-84.1302342, 33.6457657], [-84.131681, 33.6458122], [-84.1332257, 33.645851], [-84.1345064, 33.6456248], [-84.1354999, 33.6456494], [-84.1368473, 33.6458471], [-84.1378766, 33.6460009], [-84.1390874, 33.6462219], [-84.1408338, 33.6465411], [-84.1414517, 33.6468939], [-84.1426982, 33.6472867], [-84.1442351, 33.6477998], [-84.1455872, 33.6482443], [-84.1471225, 33.6486126], [-84.1485445, 33.6483567], [-84.1500487, 33.6482689], [-84.1516989, 33.6483477], [-84.152961, 33.6489292], [-84.1539141, 33.6496994], [-84.1551095, 33.6504438], [-84.1563001, 33.6511273], [-84.1572672, 33.6517425], [-84.1582747, 33.6523446], [-84.1595011, 33.6530786], [-84.1606421, 33.6537389], [-84.1614571, 33.6546163], [-84.1623342, 33.6555583], [-84.1629396, 33.6567045], [-84.163559, 33.6576606], [-84.1642886, 33.6585962], [-84.1652045, 33.6594386], [-84.1659124, 33.6600976], [-84.1667507, 33.660816], [-84.1680003, 33.6612424], [-84.1691693, 33.6617851], [-84.1698632, 33.6626895], [-84.170509, 33.6635616], [-84.1711098, 33.6644092], [-84.1717897, 33.6653524], [-84.1725845, 33.6663731], [-84.1738994, 33.6671728], [-84.174747, 33.6676754], [-84.1756955, 33.6682659], [-84.1769249, 33.6690578], [-84.1781824, 33.6700914], [-84.1786962, 33.6706663], [-84.1792224, 33.6710397], [-84.1788297, 33.6718988], [-84.178853, 33.6730693], [-84.1788142, 33.6744529], [-84.1787893, 33.6758404], [-84.1788064, 33.676932], [-84.1788235, 33.6781606], [-84.1781016, 33.6786385], [-84.17697, 33.678636], [-84.1761441, 33.6786347], [-84.1756147, 33.678623], [-84.1756039, 33.6788439], [-84.1755511, 33.6801655], [-84.1757079, 33.6813552], [-84.1757281, 33.6822814], [-84.1757513, 33.6831611], [-84.1755542, 33.6841183], [-84.1755697, 33.685472], [-84.1755589, 33.6860107], [-84.1755402, 33.687283], [-84.1754657, 33.6883628], [-84.1756442, 33.6892438], [-84.1754968, 33.6900368], [-84.1750869, 33.6909371], [-84.1747718, 33.6917922], [-84.1744241, 33.6927622], [-84.1740127, 33.6937671], [-84.1736851, 33.6947215], [-84.1736401, 33.6958762], [-84.1734181, 33.6970037], [-84.1732039, 33.6980886], [-84.1729835, 33.6991438], [-84.1725504, 33.7003397], [-84.1720179, 33.7011017], [-84.1733234, 33.7011082], [-84.1748463, 33.7011547], [-84.1775956, 33.7011779], [-84.179179, 33.701196], [-84.179165, 33.7017875]]}}, {"type": "Feature", "properties": {"power": "line", "name": "", "voltage": "230000", "operator": "Georgia Power"}, "geometry": {"type": "LineString", "coordinates": [[-84.179165, 33.7017875], [-84.1791741, 33.701677], [-84.1794343, 33.701679], [-84.1794327, 33.7017932]]}}, {"type": "Feature", "properties": {"power": "line", "name": "", "voltage": "230000", "operator": "Georgia Power"}, "geometry": {"type": "LineString", "coordinates": [[-84.1794343, 33.701679], [-84.1794406, 33.7015761], [-84.1794455, 33.7014964]]}}, {"type": "Feature", "properties": {"power": "line", "name": "", "voltage": "230000", "operator": "Georgia Power"}, "geometry": {"type": "LineString", "coordinates": [[-84.179163, 33.7014997], [-84.1791675, 33.701572], [-84.1791741, 33.701677]]}}, {"type": "Feature", "properties": {"power": "substation", "name": "", "voltage": "230000", "operator": "Georgia Power"}, "geometry": {"type": "Point", "coordinates": [-84.17937616, 33.7015303]}}, {"type": "Feature", "properties": {"power": "line", "name": "", "voltage": "230000", "operator": "Georgia Power"}, "geometry": {"type": "LineString", "coordinates": [[-84.1794327, 33.7017932], [-84.1794448, 33.7012057], [-84.1804604, 33.7012007], [-84.1817922, 33.7012155], [-84.1831843, 33.7012273], [-84.1843174, 33.7012273], [-84.1847554, 33.7008761], [-84.1850339, 33.7001414], [-84.185142, 33.6994392], [-84.1852076, 33.6990039], [-84.1852662, 33.6979756], [-84.1853265, 33.6971671], [-84.1854045, 33.6962361], [-84.1853974, 33.6956681], [-84.1853885, 33.6949909], [-84.1866068, 33.6949732], [-84.1876212, 33.6949835], [-84.188499, 33.6949968], [-84.1892349, 33.6950174], [-84.1905241, 33.6950366], [-84.1918258, 33.6950764], [-84.1934585, 33.694939], [-84.194956, 33.6951842], [-84.1961092, 33.6955126], [-84.1964653, 33.6957997], [-84.1969884, 33.6960406], [-84.1975674, 33.6963006], [-84.1992103, 33.6970457], [-84.2003763, 33.6975748], [-84.2009987, 33.697871], [-84.2019091, 33.698174], [-84.2028278, 33.6982769], [-84.2035997, 33.6982577], [-84.2042248, 33.6982792], [-84.2047588, 33.6982939], [-84.2056272, 33.6982927], [-84.2064836, 33.6983277], [-84.2069589, 33.6983233], [-84.2069445, 33.6985045], [-84.2068932, 33.6991509], [-84.2074572, 33.699806], [-84.2080441, 33.7003947], [-84.2089024, 33.7007856], [-84.2096756, 33.7016207], [-84.2101775, 33.7027286], [-84.2107946, 33.7032715], [-84.211676, 33.7036462], [-84.2126442, 33.703987], [-84.2135504, 33.7042555], [-84.2141427, 33.7036285]]}}, {"type": "Feature", "properties": {"power": "substation", "name": "", "voltage": "230000", "operator": "Georgia Power"}, "geometry": {"type": "Point", "coordinates": [-84.2141409, 33.703893900000004]}}, {"type": "Feature", "properties": {"power": "line", "name": "", "voltage": "230000", "operator": "Georgia Power"}, "geometry": {"type": "LineString", "coordinates": [[-84.2142973, 33.7037072], [-84.2139107, 33.7044356], [-84.2152073, 33.7050967], [-84.2157986, 33.7055938], [-84.2163517, 33.7060539], [-84.2171732, 33.7065044], [-84.2182331, 33.7069992], [-84.2187544, 33.7070638], [-84.2188929, 33.7070809], [-84.219621, 33.7071222], [-84.2195821, 33.7080662], [-84.2202202, 33.7088824], [-84.2207247, 33.7097657], [-84.2212758, 33.7107794], [-84.2215273, 33.711243], [-84.2216825, 33.7117479], [-84.2221793, 33.712759], [-84.2230393, 33.7132239], [-84.2238822, 33.7136035], [-84.2249316, 33.7145655], [-84.2258972, 33.715432], [-84.2266315, 33.7161047], [-84.2273564, 33.7168085], [-84.2279618, 33.7175793], [-84.2285755, 33.7183407], [-84.2291493, 33.7190705], [-84.2295367, 33.7195469], [-84.229974, 33.7200605], [-84.2305489, 33.7207041], [-84.2308259, 33.7209925], [-84.2311466, 33.7213372], [-84.2314549, 33.7216378], [-84.2318058, 33.7219981], [-84.2324764, 33.7225671], [-84.2331679, 33.7231301], [-84.2341405, 33.7242492], [-84.2346417, 33.7252644], [-84.2349305, 33.7259113], [-84.235123, 33.7263567], [-84.2352766, 33.7267892], [-84.2353682, 33.7276271], [-84.2352006, 33.7280145], [-84.2344321, 33.7289337], [-84.2344182, 33.7299033], [-84.2343949, 33.7313092], [-84.2344337, 33.7320877], [-84.2343732, 33.7326028], [-84.2343669, 33.7348092], [-84.2343871, 33.7356547], [-84.23545, 33.7356966]]}}, {"type": "Feature", "properties": {"power": "line", "name": "", "voltage": "230000", "operator": ""}, "geometry": {"type": "LineString", "coordinates": [[-84.2141427, 33.7036285], [-84.2140219, 33.703782], [-84.2139952, 33.703816], [-84.2139685, 33.7038499]]}}, {"type": "Feature", "properties": {"power": "line", "name": "", "voltage": "230000", "operator": ""}, "geometry": {"type": "LineString", "coordinates": [[-84.2142973, 33.7037072], [-84.2141936, 33.7038651], [-84.2140219, 33.703782]]}}, {"type": "Feature", "properties": {"power": "line", "name": "", "voltage": "", "operator": ""}, "geometry": {"type": "LineString", "coordinates": [[-84.2139092, 33.7039174], [-84.213836, 33.7039864], [-84.2135504, 33.7042555]]}}, {"type": "Feature", "properties": {"power": "line", "name": "", "voltage": "", "operator": ""}, "geometry": {"type": "LineString", "coordinates": [[-84.2139534, 33.7039385], [-84.213873, 33.7040018], [-84.2135504, 33.7042555]]}}, {"type": "Feature", "properties": {"power": "line", "name": "", "voltage": "", "operator": ""}, "geometry": {"type": "LineString", "coordinates": [[-84.2139976, 33.7039596], [-84.2139818, 33.7040461], [-84.2139107, 33.7044356]]}}, {"type": "Feature", "properties": {"power": "line", "name": "", "voltage": "", "operator": ""}, "geometry": {"type": "LineString", "coordinates": [[-84.2139107, 33.7044356], [-84.2135504, 33.7042555]]}}, {"type": "Feature", "properties": {"power": "substation", "name": "", "voltage": "230000", "operator": "Georgia Power"}, "geometry": {"type": "Point", "coordinates": [-84.23522834285714, 33.73587787142857]}}, {"type": "Feature", "properties": {"power": "line", "name": "", "voltage": "230000", "operator": "Georgia Power"}, "geometry": {"type": "LineString", "coordinates": [[-84.2354475, 33.7358276], [-84.2343841, 33.7358005], [-84.2341844, 33.7363977], [-84.2342143, 33.736844], [-84.234203, 33.7372174], [-84.2328975, 33.7371839], [-84.2316528, 33.7371343], [-84.2315627, 33.7371312], [-84.2299109, 33.7370751], [-84.228564, 33.7370302], [-84.2258633, 33.7369347], [-84.2246807, 33.7369013], [-84.2232029, 33.7368536], [-84.2216367, 33.7368058], [-84.2203334, 33.7367676], [-84.2185135, 33.7367313], [-84.2168715, 33.7366483], [-84.2162997, 33.7360429], [-84.215396, 33.7352952], [-84.2143683, 33.7349572], [-84.2138482, 33.7347595], [-84.2131397, 33.7342152], [-84.2122028, 33.7338982], [-84.2112957, 33.7335964], [-84.2102944, 33.7332574], [-84.2093459, 33.7329757], [-84.208711, 33.7328382], [-84.2080507, 33.732737], [-84.2075696, 33.7326597], [-84.2068439, 33.7326444], [-84.2057818, 33.732589], [-84.2041881, 33.7325155], [-84.2027482, 33.7324477], [-84.2014151, 33.7323846], [-84.1996215, 33.7323054], [-84.1981035, 33.7322214], [-84.1973687, 33.7321526], [-84.1973492, 33.7313782]]}}, {"type": "Feature", "properties": {"power": "line", "name": "", "voltage": "230000", "operator": "Georgia Power"}, "geometry": {"type": "LineString", "coordinates": [[-84.2354475, 33.7358276], [-84.2355478, 33.7358307], [-84.2355555, 33.7356968], [-84.23545, 33.7356966], [-84.235262, 33.7356962], [-84.2352581, 33.7358275], [-84.235128, 33.7358275], [-84.2351248, 33.7358985], [-84.2351203, 33.7359979]]}}, {"type": "Feature", "properties": {"power": "line", "name": "", "voltage": "230000", "operator": "Georgia Power"}, "geometry": {"type": "LineString", "coordinates": [[-84.2354475, 33.7358276], [-84.2352581, 33.7358275]]}}, {"type": "Feature", "properties": {"power": "line", "name": "", "voltage": "230000", "operator": "Georgia Power"}, "geometry": {"type": "LineString", "coordinates": [[-84.235262, 33.7356962], [-84.2352682, 33.7355232], [-84.2354153, 33.7355264]]}}, {"type": "Feature", "properties": {"power": "line", "name": "", "voltage": "115000", "operator": "Georgia Power"}, "geometry": {"type": "LineString", "coordinates": [[-84.2351203, 33.7359979], [-84.2350902, 33.7360728], [-84.2350831, 33.7362066], [-84.2350782, 33.7362996], [-84.2350737, 33.7363847], [-84.2350725, 33.7364072]]}}, {"type": "Feature", "properties": {"power": "line", "name": "", "voltage": "115000", "operator": "Georgia Power"}, "geometry": {"type": "LineString", "coordinates": [[-84.2350737, 33.7363847], [-84.2351803, 33.7363861]]}}, {"type": "Feature", "properties": {"power": "line", "name": "", "voltage": "115000", "operator": "Georgia Power"}, "geometry": {"type": "LineString", "coordinates": [[-84.2350782, 33.7362996], [-84.235175, 33.7363015]]}}, {"type": "Feature", "properties": {"power": "line", "name": "", "voltage": "115000", "operator": "Georgia Power"}, "geometry": {"type": "LineString", "coordinates": [[-84.2350737, 33.7363847], [-84.2349077, 33.7363809]]}}, {"type": "Feature", "properties": {"power": "line", "name": "", "voltage": "115000", "operator": "Georgia Power"}, "geometry": {"type": "LineString", "coordinates": [[-84.2350782, 33.7362996], [-84.2347783, 33.7362938]]}}, {"type": "Feature", "properties": {"power": "line", "name": "", "voltage": "115000", "operator": "Georgia Power"}, "geometry": {"type": "LineString", "coordinates": [[-84.2350831, 33.7362066], [-84.2347837, 33.7362029]]}}, {"type": "Feature", "properties": {"power": "line", "name": "", "voltage": "230000", "operator": "Georgia Power"}, "geometry": {"type": "LineString", "coordinates": [[-84.197077, 33.7313505], [-84.1969071, 33.7320399], [-84.1954627, 33.7317891], [-84.194528, 33.7314251], [-84.1944586, 33.7313981], [-84.1941938, 33.7312949], [-84.1941602, 33.7312818], [-84.1938244, 33.7326989], [-84.1938703, 33.7338388], [-84.1939346, 33.7349176], [-84.194012, 33.7364491], [-84.1940579, 33.7373305], [-84.1940946, 33.7381551], [-84.1942206, 33.7387638], [-84.1947242, 33.7391684], [-84.1949984, 33.7395589], [-84.1955677, 33.7403694], [-84.1962747, 33.741519], [-84.1964058, 33.7421407], [-84.1963429, 33.7427744], [-84.195771, 33.743815], [-84.1957592, 33.7448326], [-84.195948, 33.7453365], [-84.1965593, 33.7458426], [-84.1969043, 33.7468253], [-84.1972125, 33.7480097], [-84.1973725, 33.7489171], [-84.1975536, 33.7498878], [-84.1971312, 33.7508737], [-84.1969594, 33.7520407], [-84.1969764, 33.7532109], [-84.1974735, 33.7544498], [-84.1970564, 33.755705], [-84.1969371, 33.7569221], [-84.1968597, 33.7579123], [-84.1966629, 33.7593888], [-84.1965199, 33.7605687], [-84.1963796, 33.7619275], [-84.1973804, 33.7618326], [-84.1984507, 33.7621892], [-84.199786, 33.7628238], [-84.2010138, 33.7634083], [-84.2024409, 33.7636526], [-84.2036004, 33.7634705], [-84.2043087, 33.7648096], [-84.2051062, 33.7659938], [-84.2059811, 33.7671365], [-84.2066986, 33.7680623], [-84.2073453, 33.7689379], [-84.2079119, 33.7696379], [-84.2087186, 33.7701831], [-84.2096945, 33.7706367], [-84.2102769, 33.7707173], [-84.2103412, 33.7702071]]}}, {"type": "Feature", "properties": {"power": "line", "name": "", "voltage": "", "operator": ""}, "geometry": {"type": "LineString", "coordinates": [[-84.1973492, 33.7313782], [-84.1973352, 33.7314896], [-84.197325, 33.7315716], [-84.1973116, 33.7316784]]}}, {"type": "Feature", "properties": {"power": "line", "name": "", "voltage": "", "operator": ""}, "geometry": {"type": "LineString", "coordinates": [[-84.197077, 33.7313505], [-84.1970605, 33.7314645], [-84.1970507, 33.7315328], [-84.1970327, 33.7316572]]}}, {"type": "Feature", "properties": {"power": "line", "name": "", "voltage": "", "operator": ""}, "geometry": {"type": "LineString", "coordinates": [[-84.1973352, 33.7314896], [-84.1971979, 33.7314771], [-84.1970605, 33.7314645]]}}, {"type": "Feature", "properties": {"power": "line", "name": "", "voltage": "", "operator": ""}, "geometry": {"type": "LineString", "coordinates": [[-84.1973116, 33.7316784], [-84.1973019, 33.7317567], [-84.1972379, 33.7317515], [-84.1971865, 33.7317473], [-84.1971372, 33.7317433], [-84.1970801, 33.7317387], [-84.197023, 33.731734], [-84.1970327, 33.7316572]]}}, {"type": "Feature", "properties": {"power": "substation", "name": "", "voltage": "230000", "operator": "Georgia Power"}, "geometry": {"type": "Point", "coordinates": [-84.19723126, 33.73162612]}}, {"type": "Feature", "properties": {"power": "line", "name": "", "voltage": "230000", "operator": "Georgia Power"}, "geometry": {"type": "LineString", "coordinates": [[-84.2105825, 33.7702594], [-84.2105379, 33.7707522], [-84.2101909, 33.7711394], [-84.2097659, 33.771617], [-84.2094183, 33.7722646], [-84.209396, 33.7727564], [-84.208396, 33.7737053], [-84.2079186, 33.774032], [-84.207225, 33.7743963], [-84.2067134, 33.7750163], [-84.206442, 33.7753923], [-84.2057625, 33.7764826], [-84.2054758, 33.7774044], [-84.2049963, 33.7785415], [-84.2046127, 33.779503], [-84.2041857, 33.7805591], [-84.2036088, 33.7816339], [-84.2037287, 33.7827959], [-84.2036972, 33.7839541], [-84.2036867, 33.7850936], [-84.2037107, 33.7863078], [-84.2047985, 33.7862966], [-84.2058324, 33.7862717], [-84.2070896, 33.7865781], [-84.2081579, 33.7868346], [-84.2093297, 33.7870924], [-84.2110214, 33.7871634], [-84.2135911, 33.7871609], [-84.2153578, 33.7870725], [-84.2167183, 33.7868981], [-84.217932, 33.7867412], [-84.219384, 33.786593], [-84.2207835, 33.786461], [-84.222129, 33.7862568], [-84.2233202, 33.7860127], [-84.2243631, 33.7857325], [-84.2254749, 33.7857711], [-84.2265538, 33.7862319], [-84.2280432, 33.7868284], [-84.2290157, 33.7869616], [-84.2300675, 33.786938], [-84.2299417, 33.7876964], [-84.229823, 33.7883719]]}}, {"type": "Feature", "properties": {"power": "line", "name": "", "voltage": "230000", "operator": "Georgia Power"}, "geometry": {"type": "LineString", "coordinates": [[-84.2103412, 33.7702071], [-84.21031, 33.7703409], [-84.2103031, 33.7703706], [-84.2102815, 33.7704634]]}}, {"type": "Feature", "properties": {"power": "line", "name": "", "voltage": "230000", "operator": "Georgia Power"}, "geometry": {"type": "LineString", "coordinates": [[-84.2105825, 33.7702594], [-84.2105579, 33.7703815], [-84.21031, 33.7703409]]}}, {"type": "Feature", "properties": {"power": "substation", "name": "", "voltage": "230000", "operator": "Georgia Power"}, "geometry": {"type": "Point", "coordinates": [-84.21056624285714, 33.77047495714286]}}, {"type": "Feature", "properties": {"power": "line", "name": "", "voltage": "", "operator": ""}, "geometry": {"type": "LineString", "coordinates": [[-84.2102634, 33.7705361], [-84.2102769, 33.7707173]]}}, {"type": "Feature", "properties": {"power": "line", "name": "", "voltage": "", "operator": ""}, "geometry": {"type": "LineString", "coordinates": [[-84.210355, 33.7705508], [-84.2102769, 33.7707173]]}}, {"type": "Feature", "properties": {"power": "line", "name": "", "voltage": "", "operator": ""}, "geometry": {"type": "LineString", "coordinates": [[-84.2104192, 33.7705612], [-84.2103724, 33.7707122], [-84.210493, 33.7709508], [-84.2112382, 33.7708649], [-84.2115321, 33.7708334]]}}, {"type": "Feature", "properties": {"power": "line", "name": "", "voltage": "", "operator": ""}, "geometry": {"type": "LineString", "coordinates": [[-84.229823, 33.7883719], [-84.2298529, 33.788263], [-84.2301327, 33.7883127], [-84.2301037, 33.7884246]]}}, {"type": "Feature", "properties": {"power": "line", "name": "", "voltage": "", "operator": ""}, "geometry": {"type": "LineString", "coordinates": [[-84.2301327, 33.7883127], [-84.2301446, 33.788255], [-84.2301696, 33.7881342]]}}, {"type": "Feature", "properties": {"power": "line", "name": "", "voltage": "", "operator": ""}, "geometry": {"type": "LineString", "coordinates": [[-84.2301696, 33.7881342], [-84.2302004, 33.7880295], [-84.2301563, 33.7880219], [-84.2300868, 33.7880098]]}}, {"type": "Feature", "properties": {"power": "line", "name": "", "voltage": "", "operator": ""}, "geometry": {"type": "LineString", "coordinates": [[-84.2300868, 33.7880098], [-84.2301529, 33.7876629], [-84.2301621, 33.7869262]]}}, {"type": "Feature", "properties": {"power": "line", "name": "", "voltage": "", "operator": ""}, "geometry": {"type": "LineString", "coordinates": [[-84.2301563, 33.7880219], [-84.2301529, 33.7876629]]}}, {"type": "Feature", "properties": {"power": "line", "name": "", "voltage": "", "operator": ""}, "geometry": {"type": "LineString", "coordinates": [[-84.2718967, 33.790897], [-84.2719479, 33.7910507], [-84.2719554, 33.7910796]]}}, {"type": "Feature", "properties": {"power": "line", "name": "", "voltage": "", "operator": ""}, "geometry": {"type": "LineString", "coordinates": [[-84.2720148, 33.7908719], [-84.2720659, 33.7910256]]}}, {"type": "Feature", "properties": {"power": "line", "name": "", "voltage": "", "operator": ""}, "geometry": {"type": "LineString", "coordinates": [[-84.2714697, 33.7912515], [-84.2714433, 33.7911973], [-84.2719554, 33.7910796]]}}, {"type": "Feature", "properties": {"power": "line", "name": "", "voltage": "", "operator": ""}, "geometry": {"type": "LineString", "coordinates": [[-84.2714697, 33.7912515], [-84.2716173, 33.7912157], [-84.2719543, 33.791134], [-84.2720882, 33.7911016], [-84.2720659, 33.7910256]]}}, {"type": "Feature", "properties": {"power": "line", "name": "", "voltage": "115000", "operator": "Georgia Power"}, "geometry": {"type": "LineString", "coordinates": [[-84.3273365, 33.7889398], [-84.3270207, 33.7890638], [-84.3263031, 33.7884578], [-84.3247013, 33.7882078], [-84.3226207, 33.7883767], [-84.3207502, 33.7890409], [-84.3197443, 33.7891869], [-84.3188751, 33.7895667], [-84.3177955, 33.7904521], [-84.3176522, 33.7905697], [-84.3167053, 33.7911703], [-84.3150538, 33.7919076], [-84.3130811, 33.7924171], [-84.3117124, 33.7919028], [-84.310292, 33.7914524], [-84.3086764, 33.7909247], [-84.3076637, 33.7906126], [-84.3059528, 33.7901651], [-84.3040468, 33.7902786], [-84.3018065, 33.7906584], [-84.2996479, 33.7909686], [-84.2968737, 33.7925584], [-84.2949952, 33.7931796], [-84.2931075, 33.793839], [-84.2911474, 33.7938161], [-84.2899119, 33.7933647], [-84.2893723, 33.7931748], [-84.2875809, 33.7925406], [-84.2864107, 33.7921757], [-84.2863428, 33.7921687], [-84.2857541, 33.7921077], [-84.285185, 33.7920487], [-84.2834422, 33.7919015], [-84.2827372, 33.7922489], [-84.2815637, 33.7926306], [-84.2812643, 33.7927536], [-84.281252, 33.7927586], [-84.2809597, 33.7928787], [-84.279467, 33.7933033], [-84.2783636, 33.7936793], [-84.2774829, 33.7939274], [-84.277073, 33.7939513], [-84.2766102, 33.7939719], [-84.2763461, 33.7939837], [-84.2755087, 33.7937366], [-84.2737865, 33.7936999], [-84.2731065, 33.7934558], [-84.27259, 33.7931348], [-84.2724273, 33.7919706], [-84.2723221, 33.7910875], [-84.2720882, 33.7911016]]}}, {"type": "Feature", "properties": {"power": "line", "name": "", "voltage": "115000", "operator": "Georgia Power"}, "geometry": {"type": "LineString", "coordinates": [[-84.288989, 33.7722101], [-84.2886919, 33.7723716], [-84.2881986, 33.7725312], [-84.2876897, 33.7727227], [-84.2868046, 33.7730328], [-84.2860102, 33.7733184], [-84.2851192, 33.7736351], [-84.2839231, 33.7740623], [-84.2829785, 33.7743277], [-84.2822408, 33.7745437], [-84.281525, 33.774658], [-84.2798669, 33.7747137], [-84.2791964, 33.7747458], [-84.2768175, 33.7748879], [-84.2760597, 33.7749534], [-84.2765481, 33.7764144], [-84.2770047, 33.7776885], [-84.277171, 33.7781385], [-84.2768302, 33.7784956], [-84.2763613, 33.7789868], [-84.2760068, 33.7793583], [-84.274275, 33.7815404], [-84.2742183, 33.7816103], [-84.2738769, 33.7820313], [-84.2735483, 33.7824366], [-84.2734785, 33.7825225], [-84.2723868, 33.7838688], [-84.2716139, 33.7844651], [-84.2708782, 33.7848846], [-84.2691721, 33.785393], [-84.2682486, 33.7855997], [-84.268257, 33.7868189], [-84.2681866, 33.7874459], [-84.2680558, 33.7880993], [-84.2679585, 33.788707], [-84.2685729, 33.7888845], [-84.269297, 33.7896004], [-84.2699028, 33.7910017], [-84.2707984, 33.7915446], [-84.2712453, 33.7914702], [-84.2715179, 33.7914143], [-84.2714697, 33.7912515]]}}, {"type": "Feature", "properties": {"power": "line", "name": "", "voltage": "230000", "operator": "Georgia Power"}, "geometry": {"type": "LineString", "coordinates": [[-84.297329, 33.8115414], [-84.295857, 33.81154], [-84.2958484, 33.8118742]]}}, {"type": "Feature", "properties": {"power": "line", "name": "", "voltage": "230000", "operator": "Georgia Power"}, "geometry": {"type": "LineString", "coordinates": [[-84.2961171, 33.8118913], [-84.2961223, 33.8116623], [-84.2973427, 33.8116708]]}}, {"type": "Feature", "properties": {"power": "line", "name": "", "voltage": "230000", "operator": "Georgia Power"}, "geometry": {"type": "LineString", "coordinates": [[-84.2961171, 33.8118913], [-84.2961149, 33.8119466], [-84.2961099, 33.8120362], [-84.2961039, 33.8121438]]}}, {"type": "Feature", "properties": {"power": "line", "name": "", "voltage": "230000", "operator": "Georgia Power"}, "geometry": {"type": "LineString", "coordinates": [[-84.2958484, 33.8118742], [-84.2958463, 33.8119433], [-84.2958442, 33.8120294], [-84.2958415, 33.8121338]]}}, {"type": "Feature", "properties": {"power": "line", "name": "", "voltage": "230000", "operator": "Georgia Power"}, "geometry": {"type": "LineString", "coordinates": [[-84.2961149, 33.8119466], [-84.2959806, 33.811945], [-84.2958463, 33.8119433]]}}, {"type": "Feature", "properties": {"power": "substation", "name": "", "voltage": "230000", "operator": "Georgia Power"}, "geometry": {"type": "Point", "coordinates": [-84.29590061428573, 33.812166514285714]}}, {"type": "Feature", "properties": {"power": "line", "name": "", "voltage": "", "operator": ""}, "geometry": {"type": "LineString", "coordinates": [[-84.2960998, 33.8122373], [-84.2960863, 33.8124629], [-84.2962298, 33.8124725], [-84.2968188, 33.8124944], [-84.2973172, 33.8124973]]}}, {"type": "Feature", "properties": {"power": "line", "name": "", "voltage": "", "operator": ""}, "geometry": {"type": "LineString", "coordinates": [[-84.2960013, 33.8122358], [-84.2959818, 33.8125097], [-84.2963928, 33.8125335], [-84.2967178, 33.8125392], [-84.2971622, 33.8127482], [-84.2973597, 33.8127501]]}}, {"type": "Feature", "properties": {"power": "line", "name": "", "voltage": "", "operator": ""}, "geometry": {"type": "LineString", "coordinates": [[-84.2959451, 33.8122349], [-84.2959094, 33.8125058], [-84.2959898, 33.8126966], [-84.2962091, 33.8127081]]}}, {"type": "Feature", "properties": {"power": "line", "name": "", "voltage": "", "operator": ""}, "geometry": {"type": "LineString", "coordinates": [[-84.2960483, 33.8122365], [-84.2960863, 33.8124629]]}}, {"type": "Feature", "properties": {"power": "line", "name": "", "voltage": "230000", "operator": "Georgia Power"}, "geometry": {"type": "LineString", "coordinates": [[-84.3034927, 33.858196], [-84.3029209, 33.8587592], [-84.3026448, 33.8589991], [-84.3021686, 33.8592909]]}}, {"type": "Feature", "properties": {"power": "line", "name": "", "voltage": "230000", "operator": "Georgia Power"}, "geometry": {"type": "LineString", "coordinates": [[-84.3027765, 33.85868], [-84.3034927, 33.858196]]}}, {"type": "Feature", "properties": {"power": "line", "name": "", "voltage": "115000", "operator": "Georgia Power"}, "geometry": {"type": "LineString", "coordinates": [[-84.3036965, 33.8584466], [-84.3041587, 33.8579805]]}}, {"type": "Feature", "properties": {"power": "line", "name": "", "voltage": "115000", "operator": "Georgia Power"}, "geometry": {"type": "LineString", "coordinates": [[-84.3036144, 33.8583743], [-84.3041587, 33.8579805]]}}, {"type": "Feature", "properties": {"power": "line", "name": "", "voltage": "115000", "operator": "Georgia Power"}, "geometry": {"type": "LineString", "coordinates": [[-84.3273706, 33.7890257], [-84.3271034, 33.7891354], [-84.3281965, 33.7905716], [-84.3292133, 33.7908342], [-84.3304223, 33.7905987], [-84.3319868, 33.7902638], [-84.332846, 33.7891157], [-84.3344826, 33.7900715], [-84.3360339, 33.7903925], [-84.3382407, 33.7909892], [-84.3387553, 33.789745], [-84.3394917, 33.788109], [-84.3396242, 33.7876961], [-84.3404237, 33.7861507], [-84.3416757, 33.7844945], [-84.3417139, 33.784444], [-84.3423502, 33.7836617], [-84.3431328, 33.7828793], [-84.3438329, 33.7817257], [-84.3444538, 33.7805515], [-84.3450099, 33.7792487], [-84.3486186, 33.7754021], [-84.3489059, 33.7749552], [-84.3488888, 33.7737015], [-84.3488812, 33.77314], [-84.3488843, 33.772615], [-84.3488889, 33.7717852], [-84.3489033, 33.7704804], [-84.3495789, 33.7603586], [-84.3495777, 33.7593553], [-84.3495307, 33.7590581]]}}, {"type": "Feature", "properties": {"power": "line", "name": "", "voltage": "115000", "operator": "Georgia Power"}, "geometry": {"type": "LineString", "coordinates": [[-84.3273365, 33.7889398], [-84.3273868, 33.7889138], [-84.3274408, 33.7890007], [-84.3273706, 33.7890257]]}}, {"type": "Feature", "properties": {"power": "line", "name": "", "voltage": "115000", "operator": "Georgia Power"}, "geometry": {"type": "LineString", "coordinates": [[-84.3274408, 33.7890007], [-84.3276323, 33.7889391]]}}, {"type": "Feature", "properties": {"power": "line", "name": "", "voltage": "115000", "operator": "Georgia Power"}, "geometry": {"type": "LineString", "coordinates": [[-84.3273868, 33.7889138], [-84.3275776, 33.7888444]]}}, {"type": "Feature", "properties": {"power": "line", "name": "", "voltage": "115000", "operator": "Georgia Power"}, "geometry": {"type": "LineString", "coordinates": [[-84.3495359, 33.7587509], [-84.3490384, 33.758559], [-84.346617, 33.7584942], [-84.3451816, 33.7584967], [-84.3451516, 33.7594423], [-84.345151, 33.7598644], [-84.3451501, 33.7604862], [-84.343857, 33.7603417], [-84.3437686, 33.7613146], [-84.3425159, 33.7616023], [-84.3410385, 33.7618739], [-84.3397283, 33.7621908], [-84.3396585, 33.7622077], [-84.338235, 33.7623958], [-84.3370543, 33.7625391], [-84.3352232, 33.7625864], [-84.333049, 33.7622351], [-84.330707, 33.7612336], [-84.3289045, 33.7605148], [-84.3271669, 33.7601681], [-84.3271517, 33.7596215], [-84.3271468, 33.759162]]}}, {"type": "Feature", "properties": {"power": "line", "name": "", "voltage": "115000", "operator": ""}, "geometry": {"type": "LineString", "coordinates": [[-84.3271468, 33.759162], [-84.3271364, 33.759289], [-84.3269281, 33.7592853], [-84.3269382, 33.759381]]}}, {"type": "Feature", "properties": {"power": "line", "name": "", "voltage": "115000", "operator": ""}, "geometry": {"type": "LineString", "coordinates": [[-84.3269281, 33.7592853], [-84.3269281, 33.7591669]]}}, {"type": "Feature", "properties": {"power": "line", "name": "", "voltage": "115000", "operator": "Georgia Power"}, "geometry": {"type": "LineString", "coordinates": [[-84.3269281, 33.7591669], [-84.3269368, 33.7596128], [-84.3269734, 33.7601635], [-84.325941, 33.760183], [-84.3247627, 33.7603281], [-84.3234698, 33.7608976], [-84.3224744, 33.7612699], [-84.3220099, 33.7609598], [-84.3209776, 33.7615868], [-84.3206254, 33.7617923], [-84.3193682, 33.7625257], [-84.3186713, 33.7629443], [-84.3182008, 33.7632269], [-84.3170945, 33.7638668], [-84.3168812, 33.7639902], [-84.3160666, 33.764337], [-84.3140781, 33.7647393], [-84.3118404, 33.7648407], [-84.3104566, 33.7651581], [-84.3090977, 33.7654405], [-84.3073439, 33.7660042], [-84.3055443, 33.7666301], [-84.3023241, 33.7677445], [-84.2992115, 33.7688371], [-84.2977004, 33.7693823], [-84.2962195, 33.7698991], [-84.2944973, 33.7704934], [-84.2916837, 33.7714693], [-84.2916575, 33.7707169]]}}, {"type": "Feature", "properties": {"power": "line", "name": "", "voltage": "115000", "operator": "Georgia Power"}, "geometry": {"type": "LineString", "coordinates": [[-84.2915709, 33.7707049], [-84.2915185, 33.771334]]}}, {"type": "Feature", "properties": {"power": "line", "name": "", "voltage": "115000", "operator": "Georgia Power"}, "geometry": {"type": "LineString", "coordinates": [[-84.2914489, 33.7707104], [-84.2915185, 33.771334]]}}, {"type": "Feature", "properties": {"power": "line", "name": "", "voltage": "115000", "operator": "Georgia Power"}, "geometry": {"type": "LineString", "coordinates": [[-84.288989, 33.7722101], [-84.2885168, 33.7715101], [-84.2881141, 33.7708679], [-84.2874321, 33.7702845], [-84.2866713, 33.7697862], [-84.2859669, 33.769205], [-84.2856587, 33.7687918], [-84.2848953, 33.7684472], [-84.284549, 33.7680787], [-84.2838236, 33.7678322], [-84.2831284, 33.7674081], [-84.2822837, 33.7667168], [-84.2813721, 33.7660952], [-84.2804696, 33.7655162], [-84.2793416, 33.7639754], [-84.278973, 33.763211], [-84.2783368, 33.7623855], [-84.2777295, 33.7615491], [-84.2769806, 33.7606124], [-84.2764795, 33.7601064], [-84.2759902, 33.7596615], [-84.2751822, 33.7590421], [-84.2742247, 33.7584608], [-84.2734364, 33.7580061], [-84.2725615, 33.7574924], [-84.2718716, 33.7570922], [-84.270813, 33.7564924], [-84.2698516, 33.7559581], [-84.2691905, 33.7555807], [-84.2685661, 33.7552056], [-84.2676702, 33.7546799], [-84.2685163, 33.7542099], [-84.2691314, 33.753838], [-84.2698109, 33.7534356], [-84.2706268, 33.7529208], [-84.2715397, 33.752357], [-84.2721168, 33.7520145], [-84.2727884, 33.7516154], [-84.2736305, 33.7510832], [-84.2744989, 33.750552], [-84.2753672, 33.7500722], [-84.2763706, 33.7495759], [-84.2764981, 33.7495167], [-84.2771813, 33.7491996], [-84.2790307, 33.74847], [-84.2800984, 33.7481341], [-84.2801811, 33.7470402], [-84.2802086, 33.7461753], [-84.2802178, 33.7453856], [-84.2801771, 33.7447039], [-84.2801207, 33.7438466], [-84.2800447, 33.7429686], [-84.2800722, 33.7422684], [-84.2800984, 33.7416652], [-84.2801286, 33.7409529], [-84.2801627, 33.7401534], [-84.2801758, 33.7396593], [-84.2807949, 33.7396757], [-84.2815662, 33.7396866], [-84.2815873, 33.7393871]]}}, {"type": "Feature", "properties": {"power": "substation", "name": "", "voltage": "115000", "operator": "Georgia Power"}, "geometry": {"type": "Point", "coordinates": [-84.2816709, 33.7392435]}}, {"type": "Feature", "properties": {"power": "line", "name": "", "voltage": "115000", "operator": "Georgia Power"}, "geometry": {"type": "LineString", "coordinates": [[-84.2815873, 33.7393871], [-84.2815882, 33.7393244], [-84.2815891, 33.739252], [-84.2815914, 33.7390739]]}}, {"type": "Feature", "properties": {"power": "line", "name": "", "voltage": "115000", "operator": "Georgia Power"}, "geometry": {"type": "LineString", "coordinates": [[-84.2815882, 33.7393244], [-84.2814721, 33.7393231], [-84.2814716, 33.7392507], [-84.2814705, 33.7390688]]}}, {"type": "Feature", "properties": {"power": "line", "name": "", "voltage": "115000", "operator": "Georgia Power"}, "geometry": {"type": "LineString", "coordinates": [[-84.2814721, 33.7393231], [-84.2814721, 33.739382]]}}, {"type": "Feature", "properties": {"power": "line", "name": "", "voltage": "115000", "operator": "Georgia Power"}, "geometry": {"type": "LineString", "coordinates": [[-84.2814721, 33.739382], [-84.2815242, 33.7386604], [-84.2806309, 33.7386213], [-84.2797647, 33.7386013], [-84.2791001, 33.738577], [-84.2782548, 33.7385552], [-84.2774182, 33.7385334], [-84.2764724, 33.7385116], [-84.2739321, 33.7384364], [-84.2731655, 33.7384073], [-84.2721802, 33.7383855], [-84.2713306, 33.7383589], [-84.2707228, 33.7383419], [-84.2698163, 33.7383298], [-84.2687815, 33.7383007], [-84.2678123, 33.7382813], [-84.2668767, 33.7382619], [-84.266113, 33.7382534], [-84.2653857, 33.7382352], [-84.2645331, 33.7382159], [-84.2635027, 33.7382086], [-84.2615906, 33.7381771], [-84.2605456, 33.7381601], [-84.2596508, 33.738148], [-84.2592179, 33.7381456], [-84.2585664, 33.7381286], [-84.2576133, 33.7381213], [-84.2566339, 33.7381128], [-84.2555889, 33.7380995], [-84.2546314, 33.7380789], [-84.2536724, 33.7380571], [-84.253305, 33.7380554], [-84.2528868, 33.7380534], [-84.2518652, 33.7380219], [-84.2477669, 33.7379274], [-84.2466782, 33.7379104], [-84.2457644, 33.737885], [-84.2434486, 33.7377965], [-84.2421019, 33.7377505], [-84.2410424, 33.7376935], [-84.2400105, 33.7376474], [-84.2385749, 33.7375881], [-84.2358816, 33.7375141], [-84.2358743, 33.7368439], [-84.2358423, 33.7364076], [-84.2351803, 33.7363861]]}}, {"type": "Feature", "properties": {"power": "line", "name": "", "voltage": "", "operator": ""}, "geometry": {"type": "LineString", "coordinates": [[-84.2814712, 33.7389557], [-84.2815242, 33.7386604]]}}, {"type": "Feature", "properties": {"power": "line", "name": "", "voltage": "", "operator": ""}, "geometry": {"type": "LineString", "coordinates": [[-84.2816483, 33.73896], [-84.2816999, 33.7386577]]}}, {"type": "Feature", "properties": {"power": "line", "name": "", "voltage": "", "operator": ""}, "geometry": {"type": "LineString", "coordinates": [[-84.2815393, 33.7389567], [-84.2815242, 33.7386604]]}}, {"type": "Feature", "properties": {"power": "line", "name": "", "voltage": "", "operator": ""}, "geometry": {"type": "LineString", "coordinates": [[-84.2814168, 33.7389539], [-84.2815242, 33.7386604]]}}, {"type": "Feature", "properties": {"power": "line", "name": "", "voltage": "", "operator": ""}, "geometry": {"type": "LineString", "coordinates": [[-84.2815955, 33.7389636], [-84.2816999, 33.7386577]]}}, {"type": "Feature", "properties": {"power": "line", "name": "", "voltage": "115000", "operator": "Georgia Power"}, "geometry": {"type": "LineString", "coordinates": [[-84.235175, 33.7363015], [-84.2359245, 33.7363105], [-84.2359229, 33.7373093], [-84.2368233, 33.7373624], [-84.2378529, 33.7374026], [-84.2397938, 33.7374855], [-84.2424855, 33.7376046], [-84.2437379, 33.7376474], [-84.2451586, 33.7377147], [-84.2451414, 33.7370683], [-84.2451414, 33.7362523], [-84.2451414, 33.7354362], [-84.2451539, 33.7346123], [-84.2451601, 33.7338], [-84.2451757, 33.7329839], [-84.2451897, 33.7321134], [-84.245953, 33.7323116], [-84.2476945, 33.7327183], [-84.2486058, 33.7328699], [-84.2501697, 33.7330383], [-84.2515062, 33.7331161], [-84.2520203, 33.7331251], [-84.2520343, 33.7325227], [-84.2520499, 33.7318737], [-84.2520748, 33.7311483], [-84.2520826, 33.7304785], [-84.2520826, 33.7299344], [-84.2519969, 33.7292128], [-84.2518396, 33.7284083], [-84.2515919, 33.7275986], [-84.251176, 33.7260543], [-84.2513146, 33.725163], [-84.2513582, 33.724589], [-84.2513582, 33.724019], [-84.2514501, 33.7226392], [-84.2520094, 33.7210896], [-84.2522383, 33.7201723], [-84.2523677, 33.7193734], [-84.2524756, 33.7185137], [-84.2525351, 33.7176965], [-84.2525579, 33.7171426], [-84.2525808, 33.7166359], [-84.2525781, 33.715318], [-84.2525762, 33.714179], [-84.2525753, 33.713393], [-84.2526339, 33.7122592], [-84.2526619, 33.7117183], [-84.2534772, 33.7117938], [-84.2545957, 33.7117987], [-84.2556987, 33.711765], [-84.2568959, 33.711624], [-84.2576623, 33.7113559], [-84.2583857, 33.7111027], [-84.2592368, 33.7107144], [-84.2601082, 33.7103043], [-84.2609688, 33.7098962], [-84.2614164, 33.7098039], [-84.2625063, 33.7096202], [-84.2651013, 33.7096182], [-84.2661637, 33.709645], [-84.2672333, 33.7096549], [-84.2677132, 33.7096726], [-84.2682288, 33.7096917], [-84.2682956, 33.7094346]]}}, {"type": "Feature", "properties": {"power": "line", "name": "", "voltage": "115000", "operator": ""}, "geometry": {"type": "LineString", "coordinates": [[-84.2682956, 33.7094346], [-84.2684662, 33.7094383], [-84.2684676, 33.7093917], [-84.2684684, 33.7093682], [-84.2683779, 33.7093663], [-84.2682977, 33.7093646], [-84.2682956, 33.7094346]]}}, {"type": "Feature", "properties": {"power": "line", "name": "", "voltage": "115000", "operator": ""}, "geometry": {"type": "LineString", "coordinates": [[-84.2684676, 33.7093917], [-84.2685368, 33.7093908], [-84.2685397, 33.7093283], [-84.2685439, 33.7092409]]}}, {"type": "Feature", "properties": {"power": "line", "name": "", "voltage": "115000", "operator": ""}, "geometry": {"type": "LineString", "coordinates": [[-84.2683779, 33.7093663], [-84.2683786, 33.7093513], [-84.2683799, 33.7093224], [-84.268384, 33.7092349]]}}, {"type": "Feature", "properties": {"power": "line", "name": "", "voltage": "115000", "operator": ""}, "geometry": {"type": "LineString", "coordinates": [[-84.2686179, 33.7094345], [-84.2686203, 33.7093302], [-84.2685397, 33.7093283]]}}, {"type": "Feature", "properties": {"power": "substation", "name": "", "voltage": "115000", "operator": "Georgia Power"}, "geometry": {"type": "Point", "coordinates": [-84.26844378, 33.7093244]}}, {"type": "Feature", "properties": {"power": "line", "name": "", "voltage": "115000", "operator": "Georgia Power"}, "geometry": {"type": "LineString", "coordinates": [[-84.2349077, 33.7363809], [-84.2343834, 33.7364662], [-84.2343797, 33.7369866], [-84.2343971, 33.7374734], [-84.2343889, 33.7378362], [-84.2342306, 33.7381375], [-84.2342127, 33.7387062], [-84.2342096, 33.7394648], [-84.2343653, 33.7399419], [-84.234335, 33.7407005], [-84.23429, 33.7416172], [-84.2342514, 33.7425947], [-84.2342075, 33.7438676], [-84.2341396, 33.7449842], [-84.234127, 33.7458687], [-84.2341448, 33.7467159], [-84.234126, 33.747901], [-84.2341197, 33.7486951], [-84.2341385, 33.7496352], [-84.2340727, 33.7506144], [-84.2340288, 33.7519515], [-84.2339807, 33.7535901], [-84.2349348, 33.7541887], [-84.2357885, 33.7546882], [-84.2365617, 33.7551478], [-84.2374552, 33.7557195], [-84.2380173, 33.7561973], [-84.2387937, 33.7569653], [-84.2393392, 33.7574874], [-84.2400853, 33.7582293], [-84.241126, 33.7592675], [-84.2414531, 33.7595299], [-84.241799, 33.7600468], [-84.2429212, 33.7604698], [-84.2437865, 33.7606983], [-84.2452201, 33.7610632], [-84.2461376, 33.7613664], [-84.2467499, 33.7614802], [-84.2475935, 33.7617243], [-84.2485399, 33.7615892], [-84.2505774, 33.761496], [-84.2516522, 33.7614481], [-84.2514746, 33.7619738], [-84.2514606, 33.7629852], [-84.2514341, 33.7641624], [-84.2514201, 33.7647412], [-84.2515945, 33.7659002], [-84.2516366, 33.7660854], [-84.2522032, 33.7659796], [-84.252686, 33.7661015]]}}, {"type": "Feature", "properties": {"power": "line", "name": "", "voltage": "", "operator": ""}, "geometry": {"type": "LineString", "coordinates": [[-84.252686, 33.7661015], [-84.2528069, 33.7661032], [-84.2528062, 33.7661945], [-84.2528057, 33.7662679], [-84.2529608, 33.766254]]}}, {"type": "Feature", "properties": {"power": "line", "name": "", "voltage": "", "operator": ""}, "geometry": {"type": "LineString", "coordinates": [[-84.2528062, 33.7661945], [-84.2526958, 33.7661945]]}}, {"type": "Feature", "properties": {"power": "line", "name": "", "voltage": "", "operator": ""}, "geometry": {"type": "LineString", "coordinates": [[-84.2529608, 33.766254], [-84.2530623, 33.766256], [-84.2530629, 33.7662132], [-84.2530635, 33.7661703], [-84.2530641, 33.7661266], [-84.2530647, 33.7660873]]}}, {"type": "Feature", "properties": {"power": "line", "name": "", "voltage": "", "operator": ""}, "geometry": {"type": "LineString", "coordinates": [[-84.2530623, 33.766256], [-84.2530609, 33.7663004], [-84.2530599, 33.7663314]]}}, {"type": "Feature", "properties": {"power": "line", "name": "", "voltage": "115000", "operator": "Georgia Power"}, "geometry": {"type": "LineString", "coordinates": [[-84.2526958, 33.7661945], [-84.2523051, 33.7660969], [-84.2516366, 33.7660854], [-84.2512033, 33.7671851], [-84.2512277, 33.7680706], [-84.2513314, 33.768586], [-84.2520896, 33.7696911], [-84.2527583, 33.770416], [-84.2535105, 33.7710328], [-84.2546203, 33.7718692], [-84.2553074, 33.772393], [-84.2567588, 33.7733933], [-84.2577559, 33.7735473], [-84.2587255, 33.7739038], [-84.2601219, 33.7744294], [-84.2605346, 33.7746118], [-84.2613172, 33.7747875], [-84.2620836, 33.7749345], [-84.262358, 33.7754769], [-84.2623682, 33.7763893], [-84.2623763, 33.7774318], [-84.2624047, 33.7787666], [-84.2623966, 33.7800693], [-84.2631284, 33.780392], [-84.2628682, 33.7810712], [-84.2627991, 33.781654], [-84.2626121, 33.7826526], [-84.2626365, 33.7846326], [-84.2626381, 33.7854289], [-84.2626335, 33.786571], [-84.262652, 33.787393], [-84.2629077, 33.788206], [-84.2633252, 33.7890792], [-84.2637581, 33.7899485], [-84.2637735, 33.79049], [-84.2637889, 33.7916321], [-84.2635131, 33.7923925], [-84.2631619, 33.79345], [-84.2628861, 33.7937099], [-84.2625873, 33.7942745], [-84.2619218, 33.795099], [-84.261267, 33.795702], [-84.2605969, 33.7962985], [-84.2599098, 33.7968516], [-84.2593275, 33.7973381], [-84.2585742, 33.7979206], [-84.2577747, 33.7985632], [-84.2570614, 33.7991239], [-84.2563327, 33.7997051], [-84.2555748, 33.8002748], [-84.2549524, 33.8007715], [-84.2542746, 33.8013168], [-84.2534242, 33.8018045], [-84.2525015, 33.8021246], [-84.2515889, 33.8024164], [-84.250492, 33.8025765], [-84.2496401, 33.8027403], [-84.2487004, 33.8029042], [-84.2478623, 33.8030911], [-84.2469935, 33.8032459], [-84.2461277, 33.8030117], [-84.2455931, 33.8030168], [-84.2448999, 33.803164], [-84.2440018, 33.80347], [-84.2431252, 33.8038002], [-84.2422394, 33.8042175], [-84.2418358, 33.8046758], [-84.2413136, 33.8054003], [-84.2408314, 33.8061146], [-84.2402614, 33.806921], [-84.2398008, 33.8075969], [-84.2394511, 33.808082], [-84.2390937, 33.8086107], [-84.23867, 33.8090395], [-84.2380954, 33.8098391], [-84.2376476, 33.8096329]]}}, {"type": "Feature", "properties": {"power": "substation", "name": "", "voltage": "25000", "operator": ""}, "geometry": {"type": "Point", "coordinates": [-84.3513328, 33.56353912]}}, {"type": "Feature", "properties": {"power": "line", "name": "", "voltage": "230000", "operator": "Georgia Power"}, "geometry": {"type": "LineString", "coordinates": [[-84.5100103, 33.5530228], [-84.510014, 33.5529392], [-84.5100229, 33.5525166], [-84.5098526, 33.5525144], [-84.5097899, 33.5525136], [-84.5096681, 33.552512], [-84.5095552, 33.5525106], [-84.509546, 33.5529362]]}}, {"type": "Feature", "properties": {"power": "line", "name": "", "voltage": "", "operator": ""}, "geometry": {"type": "LineString", "coordinates": [[-84.5098106, 33.5532756], [-84.5098186, 33.5530601], [-84.5097559, 33.5530601], [-84.5097559, 33.5529996]]}}, {"type": "Feature", "properties": {"power": "line", "name": "", "voltage": "230000", "operator": "Georgia Power"}, "geometry": {"type": "LineString", "coordinates": [[-84.5097559, 33.5529392], [-84.509546, 33.5529362], [-84.5092219, 33.5529272], [-84.5092184, 33.5530377]]}}, {"type": "Feature", "properties": {"power": "line", "name": "", "voltage": "230000", "operator": "Georgia Power"}, "geometry": {"type": "LineString", "coordinates": [[-84.5097792, 33.5529392], [-84.5097899, 33.5525136]]}}, {"type": "Feature", "properties": {"power": "line", "name": "", "voltage": "230000", "operator": "Georgia Power"}, "geometry": {"type": "LineString", "coordinates": [[-84.5098526, 33.5525144], [-84.5098597, 33.5523536], [-84.5098688, 33.5521492], [-84.5096825, 33.5521459], [-84.5093653, 33.5521403], [-84.5093796, 33.5515056], [-84.5096968, 33.5515116], [-84.5097004, 33.551319], [-84.5098444, 33.5513198], [-84.5099885, 33.5513207]]}}, {"type": "Feature", "properties": {"power": "line", "name": "", "voltage": "230000", "operator": "Georgia Power"}, "geometry": {"type": "LineString", "coordinates": [[-84.5096968, 33.5515116], [-84.50984, 33.5515127], [-84.5099832, 33.5515137]]}}, {"type": "Feature", "properties": {"power": "line", "name": "", "voltage": "230000", "operator": "Georgia Power"}, "geometry": {"type": "LineString", "coordinates": [[-84.5096968, 33.5515116], [-84.5096936, 33.551652], [-84.509689, 33.5518581], [-84.5096825, 33.5521459], [-84.5096735, 33.5523449], [-84.5096681, 33.552512]]}}, {"type": "Feature", "properties": {"power": "line", "name": "", "voltage": "230000", "operator": "Georgia Power"}, "geometry": {"type": "LineString", "coordinates": [[-84.5099678, 33.5518676], [-84.5098284, 33.5518628], [-84.509689, 33.5518581], [-84.5092256, 33.5518485], [-84.5091055, 33.551846]]}}, {"type": "Feature", "properties": {"power": "line", "name": "", "voltage": "230000", "operator": "Georgia Power"}, "geometry": {"type": "LineString", "coordinates": [[-84.5099844, 33.5516571], [-84.509839, 33.5516545], [-84.5096936, 33.551652], [-84.5092325, 33.5516425], [-84.5091164, 33.5516402]]}}, {"type": "Feature", "properties": {"power": "line", "name": "", "voltage": "230000", "operator": "Georgia Power"}, "geometry": {"type": "LineString", "coordinates": [[-84.5093796, 33.5515056], [-84.5092451, 33.5515053], [-84.5091106, 33.5515049]]}}, {"type": "Feature", "properties": {"power": "line", "name": "", "voltage": "230000", "operator": "Georgia Power"}, "geometry": {"type": "LineString", "coordinates": [[-84.5097559, 33.5529996], [-84.5097559, 33.5529392], [-84.5097792, 33.5529392], [-84.510014, 33.5529392]]}}, {"type": "Feature", "properties": {"power": "line", "name": "", "voltage": "", "operator": ""}, "geometry": {"type": "LineString", "coordinates": [[-84.5095086, 33.5530064], [-84.5095086, 33.5531019], [-84.5098106, 33.5532756], [-84.509944, 33.5531751], [-84.5100103, 33.5530228]]}}, {"type": "Feature", "properties": {"power": "line", "name": "", "voltage": "230000", "operator": "Georgia Power"}, "geometry": {"type": "LineString", "coordinates": [[-84.509546, 33.5529362], [-84.5095445, 33.5530079], [-84.5095086, 33.5530064]]}}, {"type": "Feature", "properties": {"power": "substation", "name": "", "voltage": "115000", "operator": "Georgia Power"}, "geometry": {"type": "Point", "coordinates": [-84.50423046, 33.55387778]}}, {"type": "Feature", "properties": {"power": "line", "name": "", "voltage": "115000", "operator": "Georgia Power"}, "geometry": {"type": "LineString", "coordinates": [[-84.5029147, 33.5527839], [-84.5032379, 33.5534831], [-84.5034912, 33.5540095], [-84.5040665, 33.5538735]]}}, {"type": "Feature", "properties": {"power": "line", "name": "", "voltage": "115000", "operator": "Georgia Power"}, "geometry": {"type": "LineString", "coordinates": [[-84.5040665, 33.5538735], [-84.5042559, 33.5538263], [-84.5043449, 33.5538042]]}}, {"type": "Feature", "properties": {"power": "line", "name": "", "voltage": "115000", "operator": ""}, "geometry": {"type": "LineString", "coordinates": [[-84.3019642, 33.608469], [-84.3020907, 33.6084691], [-84.3020895, 33.6085742]]}}, {"type": "Feature", "properties": {"power": "line", "name": "", "voltage": "115000", "operator": ""}, "geometry": {"type": "LineString", "coordinates": [[-84.3020895, 33.6085742], [-84.3020727, 33.6087504]]}}, {"type": "Feature", "properties": {"power": "line", "name": "", "voltage": "", "operator": ""}, "geometry": {"type": "LineString", "coordinates": [[-84.3020727, 33.6087504], [-84.3020691, 33.6088375], [-84.3021171, 33.6088378], [-84.3021652, 33.6088381], [-84.3022289, 33.6088385], [-84.3022301, 33.6087704]]}}, {"type": "Feature", "properties": {"power": "line", "name": "", "voltage": "", "operator": "Georgia Power"}, "geometry": {"type": "LineString", "coordinates": [[-84.3019982, 33.6095762], [-84.3020426, 33.6099476]]}}, {"type": "Feature", "properties": {"power": "line", "name": "", "voltage": "115000", "operator": "Georgia Power"}, "geometry": {"type": "LineString", "coordinates": [[-84.2241763, 33.6030053], [-84.2242035, 33.6030048], [-84.2242033, 33.6029249], [-84.2242032, 33.602914], [-84.2242643, 33.6029132], [-84.224261, 33.6029888], [-84.2242586, 33.6030446], [-84.2242577, 33.6030919]]}}, {"type": "Feature", "properties": {"power": "line", "name": "", "voltage": "", "operator": ""}, "geometry": {"type": "LineString", "coordinates": [[-84.2241376, 33.6033589], [-84.224168, 33.6033583], [-84.2242188, 33.6033573], [-84.2242725, 33.6033563], [-84.2243211, 33.6033554]]}}, {"type": "Feature", "properties": {"power": "line", "name": "", "voltage": "", "operator": ""}, "geometry": {"type": "LineString", "coordinates": [[-84.2242724, 33.6033207], [-84.2242725, 33.6033563], [-84.224271, 33.6033906]]}}, {"type": "Feature", "properties": {"power": "line", "name": "", "voltage": "", "operator": ""}, "geometry": {"type": "LineString", "coordinates": [[-84.2242188, 33.6033207], [-84.2242188, 33.6033573], [-84.2242181, 33.6033924]]}}, {"type": "Feature", "properties": {"power": "line", "name": "", "voltage": "", "operator": ""}, "geometry": {"type": "LineString", "coordinates": [[-84.224168, 33.6033583], [-84.224168, 33.6033924]]}}, {"type": "Feature", "properties": {"power": "line", "name": "", "voltage": "115000", "operator": "Georgia Power"}, "geometry": {"type": "LineString", "coordinates": [[-84.2241757, 33.6029249], [-84.2248512, 33.6028277], [-84.2248618, 33.601358], [-84.2246472, 33.6004992], [-84.2244985, 33.5999007], [-84.2245253, 33.5986351], [-84.2245576, 33.5973247], [-84.2245791, 33.5962248], [-84.2245934, 33.5951338], [-84.224611, 33.5940289], [-84.2246294, 33.5927944], [-84.2246499, 33.5918311], [-84.2246642, 33.5905983], [-84.2246847, 33.589502], [-84.2247011, 33.5883971], [-84.2247256, 33.5868386], [-84.2247809, 33.5856552], [-84.2248628, 33.5846901], [-84.2249262, 33.5835425], [-84.2249979, 33.5826182], [-84.2250368, 33.5820726], [-84.2250716, 33.5814212], [-84.2251289, 33.580635], [-84.2252394, 33.5798608], [-84.2252046, 33.5786688], [-84.2252148, 33.5776354], [-84.2252271, 33.5767555], [-84.2252292, 33.575751], [-84.2252333, 33.5747005], [-84.2252394, 33.5738649], [-84.2251759, 33.5732032], [-84.2250675, 33.572492], [-84.2251759, 33.5713954], [-84.2252885, 33.5703738], [-84.2254646, 33.5684722], [-84.2254686, 33.5678241], [-84.2254625, 33.5667991], [-84.2254686, 33.5655387], [-84.2251064, 33.5652146], [-84.2251493, 33.5631406], [-84.2251616, 33.5618222], [-84.2251596, 33.5605412], [-84.2255771, 33.5596696], [-84.225573, 33.5585592], [-84.2255894, 33.5571554], [-84.2250716, 33.5554309], [-84.2248464, 33.5546838], [-84.2246438, 33.5539912], [-84.2249446, 33.5524765], [-84.2252476, 33.5509446], [-84.2255444, 33.5494213], [-84.2257511, 33.5482937], [-84.2257941, 33.5471644], [-84.2258228, 33.5456137], [-84.2257961, 33.5447402], [-84.2257657, 33.5438797], [-84.2255963, 33.543821], [-84.2255437, 33.543208], [-84.2255448, 33.5429238], [-84.2255532, 33.5425721], [-84.22557, 33.5415399], [-84.2255136, 33.5407232], [-84.2254634, 33.5399793], [-84.225443, 33.5392406], [-84.2259685, 33.5386431], [-84.22613, 33.5378181], [-84.2264735, 33.536448], [-84.2263637, 33.5353406], [-84.2262806, 33.5344436], [-84.2261535, 33.5335036], [-84.2259449, 33.5320039], [-84.2254697, 33.5319581], [-84.2250634, 33.5319163]]}}, {"type": "Feature", "properties": {"power": "line", "name": "", "voltage": "115000", "operator": "Georgia Power"}, "geometry": {"type": "LineString", "coordinates": [[-84.2241757, 33.6029249], [-84.2242033, 33.6029249]]}}, {"type": "Feature", "properties": {"power": "line", "name": "", "voltage": "", "operator": ""}, "geometry": {"type": "LineString", "coordinates": [[-84.224168, 33.6033924], [-84.2241704, 33.6035011], [-84.2242199, 33.6035003], [-84.2242756, 33.6034993], [-84.2245947, 33.6034935], [-84.2248368, 33.6034888]]}}, {"type": "Feature", "properties": {"power": "line", "name": "", "voltage": "", "operator": ""}, "geometry": {"type": "LineString", "coordinates": [[-84.2242181, 33.6033924], [-84.2242199, 33.6035003]]}}, {"type": "Feature", "properties": {"power": "line", "name": "", "voltage": "", "operator": ""}, "geometry": {"type": "LineString", "coordinates": [[-84.224271, 33.6033906], [-84.2242756, 33.6034993]]}}, {"type": "Feature", "properties": {"power": "line", "name": "", "voltage": "", "operator": ""}, "geometry": {"type": "LineString", "coordinates": [[-84.2243211, 33.6033554], [-84.2245812, 33.6033571], [-84.2245761, 33.6050048]]}}, {"type": "Feature", "properties": {"power": "line", "name": "", "voltage": "", "operator": ""}, "geometry": {"type": "LineString", "coordinates": [[-84.2242724, 33.6033207], [-84.2242766, 33.6032092], [-84.2248439, 33.6032142]]}}, {"type": "Feature", "properties": {"power": "line", "name": "", "voltage": "", "operator": ""}, "geometry": {"type": "LineString", "coordinates": [[-84.2242188, 33.6033207], [-84.2242225, 33.6032112], [-84.2242766, 33.6032092]]}}, {"type": "Feature", "properties": {"power": "line", "name": "", "voltage": "115000", "operator": "Georgia Power"}, "geometry": {"type": "LineString", "coordinates": [[-84.2250716, 33.5554309], [-84.2270073, 33.5548282], [-84.2279135, 33.5545358], [-84.2291646, 33.5541238], [-84.2302325, 33.5537678], [-84.2312547, 33.5534322], [-84.2321152, 33.5531855], [-84.2331618, 33.5528371], [-84.2338046, 33.5534963], [-84.2349155, 33.5550299], [-84.2353957, 33.5557974], [-84.2355193, 33.5562991], [-84.23572, 33.5572219], [-84.236478, 33.557419], [-84.2370101, 33.5576818], [-84.237743, 33.5581342], [-84.2383289, 33.558512], [-84.2391155, 33.5590032], [-84.2397534, 33.5594228], [-84.2403411, 33.5598976], [-84.2410363, 33.5605426], [-84.2418982, 33.5613474], [-84.2427547, 33.5621104], [-84.2433549, 33.5625598], [-84.243871, 33.5628853], [-84.2444497, 33.5632481], [-84.2450733, 33.5636229], [-84.2457237, 33.5640111], [-84.2464297, 33.5643739], [-84.2471536, 33.5647651], [-84.2482197, 33.5652115], [-84.2491461, 33.5655295], [-84.2498126, 33.5658371], [-84.2505276, 33.5663507], [-84.2513124, 33.5669255], [-84.2519682, 33.5674063], [-84.2528928, 33.5681229], [-84.2526975, 33.5685275], [-84.2525365, 33.5690624]]}}, {"type": "Feature", "properties": {"power": "substation", "name": "", "voltage": "115000", "operator": "Georgia Power"}, "geometry": {"type": "Point", "coordinates": [-84.25269638, 33.56894024]}}, {"type": "Feature", "properties": {"power": "line", "name": "", "voltage": "115000", "operator": ""}, "geometry": {"type": "LineString", "coordinates": [[-84.2525365, 33.5690624], [-84.2525611, 33.568965], [-84.2525811, 33.5688856], [-84.2526011, 33.5688062]]}}, {"type": "Feature", "properties": {"power": "line", "name": "", "voltage": "115000", "operator": ""}, "geometry": {"type": "LineString", "coordinates": [[-84.2528033, 33.5688482], [-84.2527624, 33.5690081], [-84.2525611, 33.568965]]}}, {"type": "Feature", "properties": {"power": "line", "name": "", "voltage": "115000", "operator": "Georgia Power"}, "geometry": {"type": "LineString", "coordinates": [[-84.2812859, 33.6753457], [-84.2812849, 33.6753939], [-84.2812838, 33.6754455]]}}, {"type": "Feature", "properties": {"power": "line", "name": "", "voltage": "115000", "operator": "Georgia Power"}, "geometry": {"type": "LineString", "coordinates": [[-84.2812849, 33.6753939], [-84.2810786, 33.675393], [-84.2810786, 33.6753378], [-84.2810786, 33.6752669]]}}, {"type": "Feature", "properties": {"power": "line", "name": "", "voltage": "", "operator": ""}, "geometry": {"type": "LineString", "coordinates": [[-84.2810786, 33.6752669], [-84.2810807, 33.6751496], [-84.2810218, 33.6751487], [-84.2809671, 33.6751478], [-84.2809671, 33.6751242]]}}, {"type": "Feature", "properties": {"power": "line", "name": "", "voltage": "", "operator": ""}, "geometry": {"type": "LineString", "coordinates": [[-84.2810807, 33.6751496], [-84.2811344, 33.6751496], [-84.2811365, 33.6751242]]}}, {"type": "Feature", "properties": {"power": "line", "name": "", "voltage": "", "operator": ""}, "geometry": {"type": "LineString", "coordinates": [[-84.2810807, 33.6751496], [-84.2810807, 33.6751224]]}}, {"type": "Feature", "properties": {"power": "line", "name": "", "voltage": "", "operator": ""}, "geometry": {"type": "LineString", "coordinates": [[-84.2810218, 33.6751487], [-84.2810218, 33.6751207]]}}, {"type": "Feature", "properties": {"power": "line", "name": "", "voltage": "115000", "operator": "Georgia Power"}, "geometry": {"type": "LineString", "coordinates": [[-84.3721838, 33.7267366], [-84.3720991, 33.7274176], [-84.3704478, 33.7274493], [-84.3690747, 33.7274299], [-84.3684884, 33.7275361], [-84.3684733, 33.7283046], [-84.3684596, 33.7290857], [-84.3684445, 33.7300016], [-84.3683986, 33.7303745], [-84.3683709, 33.7316937], [-84.3683409, 33.7331041], [-84.3683132, 33.7346055], [-84.3682868, 33.7361559], [-84.3682555, 33.7377952], [-84.3682459, 33.7389177], [-84.3682363, 33.7401611], [-84.3667543, 33.7402091], [-84.3638743, 33.7401491], [-84.3633514, 33.7410996], [-84.3620677, 33.7405499], [-84.3603693, 33.7400841], [-84.3589834, 33.7397163], [-84.3584425, 33.7396903], [-84.3579774, 33.7396953], [-84.3555301, 33.7396973], [-84.3538738, 33.7399462], [-84.352441, 33.7402281], [-84.3512618, 33.7404939], [-84.3493615, 33.74045], [-84.3493423, 33.7418143], [-84.3493194, 33.7432556], [-84.3494348, 33.7445199], [-84.3494384, 33.7449777], [-84.3494216, 33.7458043], [-84.3493086, 33.7478341], [-84.3493158, 33.7482349], [-84.3493158, 33.749832], [-84.3493291, 33.7509054], [-84.349323, 33.7521516], [-84.349299, 33.7539275], [-84.3492807, 33.755186], [-84.3492665, 33.7569257], [-84.3493062, 33.7581579], [-84.3496367, 33.7586916]]}}, {"type": "Feature", "properties": {"power": "line", "name": "", "voltage": "230000", "operator": "Georgia Power"}, "geometry": {"type": "LineString", "coordinates": [[-84.3721068, 33.7261532], [-84.3718574, 33.7270807], [-84.3727703, 33.7273534], [-84.3743686, 33.7272829], [-84.3756329, 33.7272321], [-84.3766414, 33.7272047], [-84.3766226, 33.728504], [-84.3766006, 33.7296741], [-84.3765787, 33.7308351], [-84.3765505, 33.7319452], [-84.3764924, 33.7331218], [-84.3764767, 33.7341889], [-84.3764335, 33.7349857], [-84.3764263, 33.7364426], [-84.3764263, 33.7367688], [-84.3763987, 33.7377692], [-84.3762642, 33.7388492], [-84.3762403, 33.7400969], [-84.3762246, 33.7411401], [-84.3764853, 33.7423059], [-84.3766041, 33.7430251], [-84.3765719, 33.7445278], [-84.3779913, 33.7444283], [-84.3794098, 33.7445523], [-84.3794033, 33.7452432], [-84.3788215, 33.7451542]]}}, {"type": "Feature", "properties": {"power": "line", "name": "", "voltage": "230000", "operator": "Georgia Power"}, "geometry": {"type": "LineString", "coordinates": [[-84.3788215, 33.7451542], [-84.3783875, 33.7451566], [-84.3782505, 33.7451573], [-84.3781135, 33.7451581], [-84.3778527, 33.7451595], [-84.3778506, 33.7452362]]}}, {"type": "Feature", "properties": {"power": "line", "name": "", "voltage": "230000", "operator": "Georgia Power"}, "geometry": {"type": "LineString", "coordinates": [[-84.3781103, 33.7453365], [-84.3781123, 33.7452275], [-84.3781135, 33.7451581]]}}, {"type": "Feature", "properties": {"power": "line", "name": "", "voltage": "230000", "operator": "Georgia Power"}, "geometry": {"type": "LineString", "coordinates": [[-84.3783875, 33.7451566], [-84.3783872, 33.7452355], [-84.3783867, 33.7453374]]}}, {"type": "Feature", "properties": {"power": "line", "name": "", "voltage": "230000", "operator": ""}, "geometry": {"type": "LineString", "coordinates": [[-84.3714877, 33.7654935], [-84.3713267, 33.7654931], [-84.3712563, 33.7654929]]}}, {"type": "Feature", "properties": {"power": "line", "name": "", "voltage": "230000", "operator": ""}, "geometry": {"type": "LineString", "coordinates": [[-84.3713267, 33.7654931], [-84.371331, 33.7652234], [-84.3713331, 33.7650931], [-84.3715014, 33.7650955]]}}, {"type": "Feature", "properties": {"power": "line", "name": "", "voltage": "230000", "operator": ""}, "geometry": {"type": "LineString", "coordinates": [[-84.371331, 33.7652234], [-84.3714973, 33.7652275]]}}, {"type": "Feature", "properties": {"power": "line", "name": "", "voltage": "230000", "operator": ""}, "geometry": {"type": "LineString", "coordinates": [[-84.365337, 33.78019], [-84.3651796, 33.7801914], [-84.3651322, 33.7801918], [-84.3649638, 33.7801455]]}}, {"type": "Feature", "properties": {"power": "line", "name": "", "voltage": "230000", "operator": ""}, "geometry": {"type": "LineString", "coordinates": [[-84.3653333, 33.7799806], [-84.365169, 33.7799776], [-84.3651185, 33.7799767], [-84.3649586, 33.780016]]}}, {"type": "Feature", "properties": {"power": "line", "name": "", "voltage": "230000", "operator": "Georgia Power"}, "geometry": {"type": "LineString", "coordinates": [[-84.366156, 33.7915086], [-84.3662932, 33.7915194], [-84.3663085, 33.7913916], [-84.3663416, 33.7911136]]}}, {"type": "Feature", "properties": {"power": "line", "name": "", "voltage": "230000", "operator": "Georgia Power"}, "geometry": {"type": "LineString", "coordinates": [[-84.3665647, 33.7911233], [-84.3665454, 33.7912757], [-84.3665284, 33.7914098], [-84.366511, 33.7915474], [-84.3666415, 33.791557]]}}, {"type": "Feature", "properties": {"power": "line", "name": "", "voltage": "230000", "operator": "Georgia Power"}, "geometry": {"type": "LineString", "coordinates": [[-84.3666668, 33.7914227], [-84.3665284, 33.7914098], [-84.3663085, 33.7913916], [-84.3661685, 33.7913759]]}}, {"type": "Feature", "properties": {"power": "line", "name": "", "voltage": "230000", "operator": "Georgia Power"}, "geometry": {"type": "LineString", "coordinates": [[-84.3666769, 33.7912882], [-84.3665454, 33.7912757]]}}, {"type": "Feature", "properties": {"power": "line", "name": "", "voltage": "230000", "operator": "Georgia Power"}, "geometry": {"type": "LineString", "coordinates": [[-84.3529586, 33.8096633], [-84.3525124, 33.8094021]]}}, {"type": "Feature", "properties": {"power": "line", "name": "", "voltage": "230000", "operator": "Georgia Power"}, "geometry": {"type": "LineString", "coordinates": [[-84.3531525, 33.8093943], [-84.3527341, 33.8091302]]}}, {"type": "Feature", "properties": {"power": "line", "name": "", "voltage": "230000", "operator": "Georgia Power"}, "geometry": {"type": "LineString", "coordinates": [[-84.3527341, 33.8091302], [-84.3525124, 33.8094021]]}}, {"type": "Feature", "properties": {"power": "line", "name": "", "voltage": "230000", "operator": "Georgia Power"}, "geometry": {"type": "LineString", "coordinates": [[-84.3525124, 33.8094021], [-84.3519384, 33.8100718], [-84.3508523, 33.8113769], [-84.349817, 33.8125965], [-84.3470063, 33.8159186], [-84.3460177, 33.8170833], [-84.3452337, 33.8180553], [-84.3442903, 33.8191584], [-84.3431109, 33.8205592], [-84.3416375, 33.8222783], [-84.3403098, 33.823889], [-84.3394159, 33.824951], [-84.3381156, 33.8264715], [-84.337035, 33.827773], [-84.3356838, 33.8293915], [-84.3345552, 33.8307272], [-84.3328567, 33.8327506], [-84.3314438, 33.8344352], [-84.3311842, 33.8347728], [-84.3304812, 33.8354879], [-84.3281195, 33.837696], [-84.3264801, 33.8390619], [-84.3249893, 33.8403016], [-84.3240038, 33.8411306], [-84.3227926, 33.842156], [-84.3192985, 33.8450416], [-84.3174565, 33.846561], [-84.3158009, 33.8479614], [-84.3134904, 33.849859], [-84.3121088, 33.851038]]}}, {"type": "Feature", "properties": {"power": "line", "name": "", "voltage": "230000", "operator": ""}, "geometry": {"type": "LineString", "coordinates": [[-84.3531525, 33.8093943], [-84.3530704, 33.8093489], [-84.35296, 33.809288], [-84.3528392, 33.8094203]]}}, {"type": "Feature", "properties": {"power": "line", "name": "", "voltage": "230000", "operator": ""}, "geometry": {"type": "LineString", "coordinates": [[-84.3530704, 33.8093489], [-84.3528364, 33.8096086], [-84.3527417, 33.809555], [-84.352695, 33.8096052]]}}, {"type": "Feature", "properties": {"power": "line", "name": "", "voltage": "230000", "operator": ""}, "geometry": {"type": "LineString", "coordinates": [[-84.3529586, 33.8096633], [-84.3528364, 33.8096086]]}}, {"type": "Feature", "properties": {"power": "line", "name": "", "voltage": "115000", "operator": "Georgia Power"}, "geometry": {"type": "LineString", "coordinates": [[-84.3120213, 33.8513795], [-84.3119149, 33.8498637], [-84.3118521, 33.8485623], [-84.3118051, 33.8473338], [-84.3117241, 33.8457729], [-84.3116198, 33.844312], [-84.3101818, 33.843226], [-84.3100218, 33.841805], [-84.3106648, 33.8402579], [-84.3094915, 33.8380923], [-84.3087233, 33.8365392], [-84.3079858, 33.835063], [-84.3074618, 33.8339834], [-84.3064036, 33.8330058], [-84.3053249, 33.8320009], [-84.3041254, 33.830877], [-84.3028584, 33.8297157], [-84.3019169, 33.8288196], [-84.300873, 33.8278691], [-84.2997124, 33.8267962], [-84.2997062, 33.8252233], [-84.2997083, 33.8240109], [-84.2997083, 33.823028], [-84.2997083, 33.8221948], [-84.2997021, 33.8212391], [-84.2997062, 33.8200981], [-84.2994934, 33.8195505], [-84.2993091, 33.8190352], [-84.2988404, 33.8177037], [-84.2983983, 33.8164589], [-84.2979623, 33.8152345], [-84.2975079, 33.8139488], [-84.2973339, 33.8124641], [-84.2971008, 33.8108807], [-84.2969124, 33.8094802], [-84.2967388, 33.8082173], [-84.2958814, 33.8078023], [-84.2945085, 33.807101], [-84.2935175, 33.8066194], [-84.2921018, 33.8059091], [-84.2907048, 33.8052055], [-84.2892357, 33.8044531], [-84.2876144, 33.8036475], [-84.284946, 33.802349], [-84.2837681, 33.8017409], [-84.2830495, 33.801368], [-84.2819036, 33.8007953], [-84.2806252, 33.8001549], [-84.2803704, 33.8000273], [-84.2792833, 33.7995124], [-84.2784179, 33.7984936], [-84.2777902, 33.7977722], [-84.2767445, 33.7965179], [-84.2756138, 33.7952075], [-84.2745943, 33.7941428], [-84.273039, 33.7936291], [-84.2722649, 33.7933759], [-84.2720607, 33.7916173], [-84.2719543, 33.791134]]}}, {"type": "Feature", "properties": {"power": "line", "name": "", "voltage": "230000", "operator": "Georgia Power"}, "geometry": {"type": "LineString", "coordinates": [[-84.297329, 33.8115414], [-84.2972314, 33.8108559], [-84.2970192, 33.809246], [-84.2968686, 33.8081395], [-84.2959254, 33.8076872], [-84.2946656, 33.8070429], [-84.2935273, 33.8064982], [-84.2921272, 33.8057998], [-84.2907031, 33.8050872], [-84.2892621, 33.804355], [-84.2876235, 33.8035213], [-84.2861011, 33.8027563], [-84.2849719, 33.8021834], [-84.2837072, 33.8015411], [-84.282032, 33.8006996], [-84.280414, 33.7999088], [-84.2793571, 33.799408], [-84.2785519, 33.7984444], [-84.2767465, 33.7963506], [-84.2757414, 33.7951749], [-84.2748502, 33.7940905], [-84.2724207, 33.7933235], [-84.2723044, 33.7921733], [-84.2725001, 33.7906428], [-84.2711178, 33.7909392]]}}, {"type": "Feature", "properties": {"power": "line", "name": "", "voltage": "230000", "operator": "Georgia Power"}, "geometry": {"type": "LineString", "coordinates": [[-84.2973427, 33.8116708], [-84.297329, 33.8115414]]}}, {"type": "Feature", "properties": {"power": "line", "name": "", "voltage": "", "operator": ""}, "geometry": {"type": "LineString", "coordinates": [[-84.2968864, 33.811505], [-84.2971034, 33.8113099], [-84.2968535, 33.8094731]]}}, {"type": "Feature", "properties": {"power": "line", "name": "", "voltage": "115000", "operator": "Georgia Power"}, "geometry": {"type": "LineString", "coordinates": [[-84.2915185, 33.771334], [-84.2904516, 33.7716867], [-84.289658, 33.7719539], [-84.288989, 33.7722101]]}}, {"type": "Feature", "properties": {"power": "line", "name": "", "voltage": "115000", "operator": "Georgia Power"}, "geometry": {"type": "LineString", "coordinates": [[-84.4645417, 33.6301749], [-84.465507, 33.6306019]]}}, {"type": "Feature", "properties": {"power": "line", "name": "", "voltage": "115000", "operator": "Georgia Power"}, "geometry": {"type": "LineString", "coordinates": [[-84.4644887, 33.6302706], [-84.465507, 33.6306019]]}}, {"type": "Feature", "properties": {"power": "substation", "name": "", "voltage": "115000", "operator": "Geprgia Power"}, "geometry": {"type": "Point", "coordinates": [-84.46445011538461, 33.630404846153844]}}, {"type": "Feature", "properties": {"power": "line", "name": "", "voltage": "115000", "operator": ""}, "geometry": {"type": "LineString", "coordinates": [[-84.465507, 33.6306019], [-84.4671713, 33.6329269], [-84.4687319, 33.6350981], [-84.4705062, 33.6375719], [-84.4726543, 33.6405726], [-84.4748091, 33.6435704], [-84.4763512, 33.6457384], [-84.4772333, 33.6469661], [-84.4776037, 33.6479555], [-84.477735, 33.6501122], [-84.4778158, 33.6516018], [-84.4780127, 33.6540275], [-84.4781659, 33.6563705], [-84.478341, 33.6591968], [-84.4784302, 33.6603934], [-84.4761424, 33.6626199], [-84.4744573, 33.6642718], [-84.4723008, 33.6663595], [-84.4700921, 33.6685158], [-84.4677942, 33.6707617], [-84.4664811, 33.672108], [-84.4654104, 33.6733171], [-84.463897, 33.6749408], [-84.4634039, 33.6755876]]}}, {"type": "Feature", "properties": {"power": "line", "name": "", "voltage": "115000", "operator": "Georgia Power"}, "geometry": {"type": "LineString", "coordinates": [[-84.4784196, 33.6591966], [-84.4784569, 33.65707], [-84.4783844, 33.655918], [-84.4783273, 33.6549379], [-84.4782636, 33.6539084], [-84.4781823, 33.6525753], [-84.4780132, 33.6500974], [-84.4778989, 33.6485649], [-84.4778704, 33.6479322], [-84.4774728, 33.6468642], [-84.47675, 33.645851], [-84.4753462, 33.6438905], [-84.474507, 33.6427146], [-84.473558, 33.6414087], [-84.4727364, 33.640251], [-84.471482, 33.6384879], [-84.4706252, 33.6373137], [-84.4700958, 33.6365858], [-84.4692171, 33.6353256], [-84.4687514, 33.6346689], [-84.4683032, 33.6340507], [-84.46762, 33.6331289], [-84.4656978, 33.6304236], [-84.4640304, 33.6297944], [-84.4628595, 33.6288341], [-84.4620378, 33.6286603], [-84.4596872, 33.6281756], [-84.4582373, 33.6276232], [-84.4567679, 33.6270706], [-84.4555327, 33.6264311], [-84.4544628, 33.62582]]}}, {"type": "Feature", "properties": {"power": "substation", "name": "", "voltage": "115000", "operator": ""}, "geometry": {"type": "Point", "coordinates": [-84.45002476666667, 33.618372283333336]}}, {"type": "Feature", "properties": {"power": "line", "name": "", "voltage": "115000", "operator": ""}, "geometry": {"type": "LineString", "coordinates": [[-84.449938, 33.6184349], [-84.4499315, 33.6175609], [-84.4500205, 33.6168057], [-84.4500527, 33.616174], [-84.4499379, 33.615379], [-84.4497715, 33.6148354], [-84.4494825, 33.6142692], [-84.4490788, 33.6134774], [-84.4488337, 33.6130058], [-84.4489627, 33.6129628]]}}, {"type": "Feature", "properties": {"power": "substation", "name": "", "voltage": "115000", "operator": "Georgia Power"}, "geometry": {"type": "Point", "coordinates": [-84.44906034, 33.61293508]}}, {"type": "Feature", "properties": {"power": "substation", "name": "", "voltage": "12000", "operator": ""}, "geometry": {"type": "Point", "coordinates": [-84.44885036000001, 33.61260706]}}, {"type": "Feature", "properties": {"power": "line", "name": "", "voltage": "115000", "operator": "Georgia Power"}, "geometry": {"type": "LineString", "coordinates": [[-84.4643849, 33.6302281], [-84.4638614, 33.6299912]]}}, {"type": "Feature", "properties": {"power": "line", "name": "", "voltage": "115000", "operator": "Georgia Power"}, "geometry": {"type": "LineString", "coordinates": [[-84.4644203, 33.6301342], [-84.4638614, 33.6299912]]}}, {"type": "Feature", "properties": {"power": "line", "name": "", "voltage": "115000", "operator": ""}, "geometry": {"type": "LineString", "coordinates": [[-84.4645417, 33.6301749], [-84.4644884, 33.630157], [-84.4644203, 33.6301342]]}}, {"type": "Feature", "properties": {"power": "line", "name": "", "voltage": "115000", "operator": ""}, "geometry": {"type": "LineString", "coordinates": [[-84.4644887, 33.6302706], [-84.4644423, 33.6302516], [-84.4643849, 33.6302281]]}}, {"type": "Feature", "properties": {"power": "line", "name": "", "voltage": "115000", "operator": ""}, "geometry": {"type": "LineString", "coordinates": [[-84.4644884, 33.630157], [-84.4644423, 33.6302516], [-84.4644001, 33.6303262], [-84.4644674, 33.6303528]]}}, {"type": "Feature", "properties": {"power": "line", "name": "", "voltage": "115000", "operator": "Georgia Power"}, "geometry": {"type": "LineString", "coordinates": [[-84.4638614, 33.6299912], [-84.4627262, 33.6290087], [-84.4595871, 33.6283714], [-84.4567777, 33.6273402], [-84.4530136, 33.6252563], [-84.4498143, 33.6257432]]}}, {"type": "Feature", "properties": {"power": "line", "name": "", "voltage": "115000", "operator": "Georgia Power"}, "geometry": {"type": "LineString", "coordinates": [[-84.4498143, 33.6257432], [-84.4482892, 33.6253303]]}}, {"type": "Feature", "properties": {"power": "line", "name": "", "voltage": "115000", "operator": "Georgia Power"}, "geometry": {"type": "LineString", "coordinates": [[-84.4498143, 33.6257432], [-84.4483953, 33.6252252]]}}, {"type": "Feature", "properties": {"power": "line", "name": "", "voltage": "115000", "operator": "Georgia Power"}, "geometry": {"type": "LineString", "coordinates": [[-84.4352025, 33.6188815], [-84.4342999, 33.6172576], [-84.4318531, 33.6163151]]}}, {"type": "Feature", "properties": {"power": "line", "name": "", "voltage": "115000", "operator": "Georgia Power"}, "geometry": {"type": "LineString", "coordinates": [[-84.435463, 33.6187192], [-84.4343601, 33.6172263], [-84.4318531, 33.6163151]]}}, {"type": "Feature", "properties": {"power": "line", "name": "", "voltage": "115000", "operator": "Georgia Power"}, "geometry": {"type": "LineString", "coordinates": [[-84.4318531, 33.6163151], [-84.4307565, 33.6159341]]}}, {"type": "Feature", "properties": {"power": "line", "name": "", "voltage": "115000", "operator": "Georgia Power"}, "geometry": {"type": "LineString", "coordinates": [[-84.4305276, 33.6162271], [-84.4305584, 33.6158604], [-84.4287276, 33.6151045], [-84.4271875, 33.6145351], [-84.4252151, 33.6137827], [-84.4237111, 33.6132597], [-84.4210149, 33.6121817], [-84.41801, 33.6127873], [-84.4096752, 33.6081565], [-84.4067269, 33.6081198], [-84.4014398, 33.6080331], [-84.3990055, 33.6080906], [-84.3991587, 33.6096749], [-84.3993287, 33.6113152], [-84.3995257, 33.6130313], [-84.399694, 33.6144192], [-84.4001132, 33.6181034], [-84.4004381, 33.6209212], [-84.4006216, 33.6224996], [-84.401226, 33.6275068], [-84.4018017, 33.6305807], [-84.4019111, 33.6320735], [-84.4018943, 33.6342713], [-84.4018621, 33.6364926], [-84.400456, 33.6365022], [-84.3993414, 33.6365011], [-84.3982423, 33.636527], [-84.3970751, 33.6365098], [-84.3969955, 33.6373969]]}}, {"type": "Feature", "properties": {"power": "line", "name": "", "voltage": "115000", "operator": "Georgia Power"}, "geometry": {"type": "LineString", "coordinates": [[-84.4307353, 33.6162367], [-84.4307565, 33.6159341], [-84.4305584, 33.6158604], [-84.4287084, 33.6151653], [-84.4271707, 33.6145744], [-84.4251858, 33.6138289], [-84.4237111, 33.6132597], [-84.4210058, 33.6122657], [-84.4180008, 33.612877], [-84.4167231, 33.612075], [-84.4154706, 33.6113502], [-84.4136861, 33.6103772], [-84.4118646, 33.6093958], [-84.4094975, 33.6082202], [-84.4067269, 33.6081198], [-84.4014092, 33.6079965], [-84.3987692, 33.607915], [-84.3962873, 33.6078586], [-84.3940312, 33.6078042], [-84.3903346, 33.6077018], [-84.3875651, 33.6076853]]}}, {"type": "Feature", "properties": {"power": "line", "name": "", "voltage": "115000", "operator": "Georgia Power"}, "geometry": {"type": "LineString", "coordinates": [[-84.4307353, 33.6162367], [-84.4307279, 33.6163206], [-84.4307205, 33.6164032], [-84.4307144, 33.6164717]]}}, {"type": "Feature", "properties": {"power": "line", "name": "", "voltage": "115000", "operator": "Georgia Power"}, "geometry": {"type": "LineString", "coordinates": [[-84.4305276, 33.6162271], [-84.4305225, 33.6163055], [-84.4307279, 33.6163206]]}}, {"type": "Feature", "properties": {"power": "line", "name": "", "voltage": "", "operator": ""}, "geometry": {"type": "LineString", "coordinates": [[-84.4307144, 33.6164717], [-84.430707, 33.6165558], [-84.4306474, 33.6165504], [-84.4305946, 33.6165456], [-84.4305419, 33.6165408]]}}, {"type": "Feature", "properties": {"power": "substation", "name": "", "voltage": "115000", "operator": "Georgia Power"}, "geometry": {"type": "Point", "coordinates": [-84.4306893, 33.6163852]}}, {"type": "Feature", "properties": {"power": "substation", "name": "", "voltage": "115000", "operator": "Georgia Power"}, "geometry": {"type": "Point", "coordinates": [-84.42961094, 33.615328420000004]}}, {"type": "Feature", "properties": {"power": "line", "name": "", "voltage": "", "operator": ""}, "geometry": {"type": "LineString", "coordinates": [[-84.4299879, 33.6155772], [-84.4300473, 33.6154784], [-84.4297686, 33.6153634]]}}, {"type": "Feature", "properties": {"power": "line", "name": "", "voltage": "", "operator": ""}, "geometry": {"type": "LineString", "coordinates": [[-84.4297686, 33.6153634], [-84.4297085, 33.6153422], [-84.4296484, 33.6153209]]}}, {"type": "Feature", "properties": {"power": "line", "name": "", "voltage": "", "operator": ""}, "geometry": {"type": "LineString", "coordinates": [[-84.4296484, 33.6153209], [-84.4295893, 33.6153001]]}}, {"type": "Feature", "properties": {"power": "substation", "name": "", "voltage": "115000", "operator": "Georgia Power"}, "geometry": {"type": "Point", "coordinates": [-84.38753151666667, 33.60774156666667]}}, {"type": "Feature", "properties": {"power": "line", "name": "", "voltage": "115000", "operator": "Georgia Power"}, "geometry": {"type": "LineString", "coordinates": [[-84.3872532, 33.6076702], [-84.3855263, 33.6078287], [-84.3855128, 33.6107517], [-84.3854955, 33.61362], [-84.3855268, 33.6147973]]}}, {"type": "Feature", "properties": {"power": "line", "name": "", "voltage": "115000", "operator": ""}, "geometry": {"type": "LineString", "coordinates": [[-84.3855268, 33.6147973], [-84.3855273, 33.6148641], [-84.3855279, 33.6149393]]}}, {"type": "Feature", "properties": {"power": "line", "name": "", "voltage": "115000", "operator": ""}, "geometry": {"type": "LineString", "coordinates": [[-84.3855273, 33.6148641], [-84.3853868, 33.6148631], [-84.3853856, 33.6149666]]}}, {"type": "Feature", "properties": {"power": "line", "name": "", "voltage": "115000", "operator": "Georgia Power"}, "geometry": {"type": "LineString", "coordinates": [[-84.3855279, 33.6149393], [-84.3855265, 33.6151631], [-84.3854878, 33.6172171], [-84.3854697, 33.6180701], [-84.3858657, 33.6190047], [-84.3863843, 33.6202541], [-84.3868771, 33.6214701], [-84.3872951, 33.6225122], [-84.3879014, 33.6239183], [-84.3891373, 33.626839], [-84.3896043, 33.6284546], [-84.3905047, 33.6295201], [-84.3922734, 33.631533], [-84.3935131, 33.6330518], [-84.3943452, 33.6340024], [-84.3959242, 33.6357778], [-84.3966905, 33.6369699], [-84.3969042, 33.6369589], [-84.3969042, 33.6373945]]}}, {"type": "Feature", "properties": {"power": "line", "name": "", "voltage": "115000", "operator": "Georgia Power"}, "geometry": {"type": "LineString", "coordinates": [[-84.3974218, 33.6373871], [-84.3972642, 33.6366514], [-84.3980035, 33.6366583], [-84.3989154, 33.6366447], [-84.4006776, 33.6366501], [-84.4018386, 33.6366308], [-84.4037698, 33.6372709], [-84.4048999, 33.6373139], [-84.4062028, 33.6373558], [-84.4061796, 33.6387488], [-84.4065855, 33.6387712]]}}, {"type": "Feature", "properties": {"power": "line", "name": "", "voltage": "115000", "operator": "Georgia Power"}, "geometry": {"type": "LineString", "coordinates": [[-84.3969042, 33.6373945], [-84.3969955, 33.6373969], [-84.3974218, 33.6373871], [-84.3974273, 33.6375895], [-84.3974286, 33.6377163], [-84.3974294, 33.6378022]]}}, {"type": "Feature", "properties": {"power": "line", "name": "", "voltage": "115000", "operator": "Georgia Power"}, "geometry": {"type": "LineString", "coordinates": [[-84.3974273, 33.6375895], [-84.3972103, 33.6375918], [-84.3971045, 33.6375928], [-84.3969987, 33.6375939], [-84.3969084, 33.6375948], [-84.3967949, 33.637596], [-84.3967846, 33.6373984]]}}, {"type": "Feature", "properties": {"power": "line", "name": "", "voltage": "115000", "operator": "Georgia Power"}, "geometry": {"type": "LineString", "coordinates": [[-84.3969955, 33.6373969], [-84.3969987, 33.6375939], [-84.3970032, 33.6377227], [-84.3970064, 33.637814]]}}, {"type": "Feature", "properties": {"power": "line", "name": "", "voltage": "115000", "operator": "Georgia Power"}, "geometry": {"type": "LineString", "coordinates": [[-84.3969042, 33.6373945], [-84.3969084, 33.6375948]]}}, {"type": "Feature", "properties": {"power": "line", "name": "", "voltage": "115000", "operator": "Georgia Power"}, "geometry": {"type": "LineString", "coordinates": [[-84.3972103, 33.6375918], [-84.3972118, 33.6377163], [-84.3972128, 33.6378087]]}}, {"type": "Feature", "properties": {"power": "line", "name": "", "voltage": "", "operator": ""}, "geometry": {"type": "LineString", "coordinates": [[-84.3974294, 33.6378022], [-84.3974309, 33.6379547]]}}, {"type": "Feature", "properties": {"power": "line", "name": "", "voltage": "115000", "operator": "Georgia Power"}, "geometry": {"type": "LineString", "coordinates": [[-84.3972128, 33.6378087], [-84.3972193, 33.6379085], [-84.3971574, 33.6379088], [-84.3970619, 33.6379093], [-84.397, 33.6379096], [-84.3970064, 33.637814]]}}, {"type": "Feature", "properties": {"power": "line", "name": "", "voltage": "115000", "operator": "Georgia Power"}, "geometry": {"type": "LineString", "coordinates": [[-84.4066631, 33.6387368], [-84.406662, 33.638654], [-84.4066611, 33.6385801], [-84.4066604, 33.6385241]]}}, {"type": "Feature", "properties": {"power": "line", "name": "", "voltage": "115000", "operator": "Georgia Power"}, "geometry": {"type": "LineString", "coordinates": [[-84.4067448, 33.6386532], [-84.406662, 33.638654], [-84.4066011, 33.6386545], [-84.4064477, 33.6386558]]}}, {"type": "Feature", "properties": {"power": "line", "name": "", "voltage": "115000", "operator": "Georgia Power"}, "geometry": {"type": "LineString", "coordinates": [[-84.4066611, 33.6385801], [-84.4068305, 33.6385786]]}}, {"type": "Feature", "properties": {"power": "line", "name": "", "voltage": "115000", "operator": "Georgia Power"}, "geometry": {"type": "LineString", "coordinates": [[-84.4068305, 33.6385786], [-84.407785, 33.6386851]]}}, {"type": "Feature", "properties": {"power": "line", "name": "", "voltage": "115000", "operator": "Georgia Power"}, "geometry": {"type": "LineString", "coordinates": [[-84.407785, 33.6386851], [-84.4079079, 33.6386843], [-84.4080122, 33.6386837], [-84.4081104, 33.638683]]}}, {"type": "Feature", "properties": {"power": "line", "name": "", "voltage": "12000", "operator": ""}, "geometry": {"type": "LineString", "coordinates": [[-84.4081104, 33.638683], [-84.4081886, 33.6386825]]}}, {"type": "Feature", "properties": {"power": "line", "name": "", "voltage": "12000", "operator": ""}, "geometry": {"type": "LineString", "coordinates": [[-84.4081903, 33.6388686], [-84.4081886, 33.6386825], [-84.4081877, 33.6385949]]}}, {"type": "Feature", "properties": {"power": "line", "name": "", "voltage": "115000", "operator": "Georgia Power"}, "geometry": {"type": "LineString", "coordinates": [[-84.4079079, 33.6386843], [-84.4079104, 33.6389541]]}}, {"type": "Feature", "properties": {"power": "line", "name": "", "voltage": "", "operator": "Georgia Power"}, "geometry": {"type": "LineString", "coordinates": [[-84.4064477, 33.6386558], [-84.4063774, 33.6386565]]}}, {"type": "Feature", "properties": {"power": "line", "name": "", "voltage": "", "operator": "Georgia Power"}, "geometry": {"type": "LineString", "coordinates": [[-84.4063739, 33.6383823], [-84.4063758, 33.6385266], [-84.4063774, 33.6386565], [-84.4063781, 33.6387087]]}}, {"type": "Feature", "properties": {"power": "line", "name": "", "voltage": "115000", "operator": "Georgia Power"}, "geometry": {"type": "LineString", "coordinates": [[-84.4080187, 33.6389534], [-84.4083461, 33.6389617], [-84.4083559, 33.6402281], [-84.4089179, 33.6402711]]}}, {"type": "Feature", "properties": {"power": "line", "name": "", "voltage": "115000", "operator": "Georgia Power"}, "geometry": {"type": "LineString", "coordinates": [[-84.4089156, 33.6404487], [-84.408368, 33.6403991], [-84.4062814, 33.6404007], [-84.4048949, 33.6402806], [-84.403716, 33.6403063], [-84.4027122, 33.6401462], [-84.4013353, 33.6395089], [-84.3999449, 33.6394017], [-84.3998775, 33.6393976], [-84.3982987, 33.6393024], [-84.3965814, 33.6390639], [-84.3966106, 33.6398555], [-84.396841, 33.6403703], [-84.3960421, 33.6404473], [-84.3955512, 33.6404515], [-84.3953136, 33.6403553], [-84.3938801, 33.6404079], [-84.3926333, 33.6404984], [-84.3925391, 33.641222], [-84.392116, 33.6417632], [-84.3913814, 33.6421602], [-84.3906525, 33.6422211], [-84.3905622, 33.6429095], [-84.3905679, 33.6435707], [-84.3906333, 33.6442831], [-84.3907852, 33.6450452], [-84.391091, 33.6462763], [-84.3915198, 33.6476371], [-84.3918679, 33.6485239], [-84.3923756, 33.6492459], [-84.3930256, 33.6499951], [-84.3936833, 33.6506371], [-84.3941352, 33.6510037], [-84.3947776, 33.6514103], [-84.3956083, 33.6517689], [-84.3968679, 33.6523163], [-84.3988468, 33.6530223], [-84.3998391, 33.6532752], [-84.4004968, 33.6535618], [-84.4010987, 33.6538099], [-84.4018891, 33.6542629], [-84.4025833, 33.6547015], [-84.4051141, 33.6562158], [-84.4060237, 33.6567344], [-84.4064891, 33.656147], [-84.4065084, 33.6543653], [-84.4067023, 33.6536785], [-84.4071281, 33.65368], [-84.4071488, 33.6532586]]}}, {"type": "Feature", "properties": {"power": "line", "name": "", "voltage": "115000", "operator": "Georgia Power"}, "geometry": {"type": "LineString", "coordinates": [[-84.3956083, 33.6517689], [-84.3950385, 33.6528198], [-84.3944654, 33.6538584], [-84.3946382, 33.6548025]]}}, {"type": "Feature", "properties": {"power": "substation", "name": "", "voltage": "115000", "operator": "Georgia Power"}, "geometry": {"type": "Point", "coordinates": [-84.39459548571429, 33.65498074285714]}}, {"type": "Feature", "properties": {"power": "plant", "name": "MAS ASB Cogen Plant", "voltage": "", "operator": "Cube District Energy"}, "geometry": {"type": "Point", "coordinates": [-84.39432932, 33.654902019999994]}}, {"type": "Feature", "properties": {"power": "substation", "name": "", "voltage": "115000", "operator": "Georgia Power"}, "geometry": {"type": "Point", "coordinates": [-84.4072537125, 33.6530787]}}, {"type": "Feature", "properties": {"power": "line", "name": "", "voltage": "115000", "operator": "Georgia Power"}, "geometry": {"type": "LineString", "coordinates": [[-84.4071488, 33.6532586], [-84.4071533, 33.6531862], [-84.4071678, 33.6529494], [-84.4073421, 33.6529547]]}}, {"type": "Feature", "properties": {"power": "line", "name": "", "voltage": "115000", "operator": "Georgia Power"}, "geometry": {"type": "LineString", "coordinates": [[-84.4071678, 33.6529494], [-84.4069787, 33.6529432]]}}, {"type": "Feature", "properties": {"power": "line", "name": "", "voltage": "115000", "operator": "Georgia Power"}, "geometry": {"type": "LineString", "coordinates": [[-84.4073421, 33.6529547], [-84.4079453, 33.6528491], [-84.409036, 33.6528905], [-84.4098371, 33.6533897], [-84.410532, 33.6538304], [-84.411453, 33.6544135], [-84.4122748, 33.6548634], [-84.4129628, 33.6552341], [-84.412767, 33.6554499], [-84.4120611, 33.6562314], [-84.413444, 33.6569614], [-84.4138852, 33.6574262], [-84.4148256, 33.6579185], [-84.4160183, 33.6582915], [-84.4166236, 33.6586255], [-84.4167739, 33.6589365], [-84.4162099, 33.6594621], [-84.414485, 33.6610309], [-84.4139597, 33.6615084], [-84.4145443, 33.6618458], [-84.4152751, 33.6622417], [-84.4161975, 33.6623828], [-84.4174536, 33.6626858], [-84.4186559, 33.662998], [-84.4196073, 33.6632298], [-84.4212136, 33.6636337], [-84.4228434, 33.6640434], [-84.4239685, 33.6644565], [-84.4250536, 33.6646023], [-84.4260257, 33.6648479], [-84.4269729, 33.665082], [-84.4279339, 33.6653528], [-84.4290563, 33.6655823], [-84.4290411, 33.6660149]]}}, {"type": "Feature", "properties": {"power": "substation", "name": "", "voltage": "115000", "operator": "Georgia Power"}, "geometry": {"type": "Point", "coordinates": [-84.42911260000001, 33.66626228571429]}}, {"type": "Feature", "properties": {"power": "line", "name": "", "voltage": "115000", "operator": "Georgia Power"}, "geometry": {"type": "LineString", "coordinates": [[-84.4291411, 33.6660485], [-84.4292608, 33.6658414], [-84.4305661, 33.6662434], [-84.4313561, 33.6664972], [-84.4323529, 33.6668192], [-84.4338985, 33.6673133], [-84.434593, 33.667535], [-84.4352947, 33.6677716], [-84.4351811, 33.6679802]]}}, {"type": "Feature", "properties": {"power": "substation", "name": "", "voltage": "115000", "operator": "Georgia Power"}, "geometry": {"type": "Point", "coordinates": [-84.43540488, 33.66799442]}}, {"type": "Feature", "properties": {"power": "line", "name": "", "voltage": "115000", "operator": ""}, "geometry": {"type": "LineString", "coordinates": [[-84.4352945, 33.6679971], [-84.4356059, 33.6678645], [-84.4361044, 33.6680212], [-84.436755, 33.6682282], [-84.437548, 33.6684853], [-84.438213, 33.6686943], [-84.4388672, 33.6689022], [-84.4397423, 33.6691815], [-84.4409191, 33.6694215], [-84.4406041, 33.6701548], [-84.4404218, 33.6706581], [-84.440254, 33.671082], [-84.4400175, 33.6717219], [-84.4397, 33.6725737], [-84.4394828, 33.6728951], [-84.4392716, 33.6734626], [-84.4400839, 33.6734506], [-84.4410543, 33.6734526], [-84.4427791, 33.6733391], [-84.444044, 33.6733622], [-84.4452752, 33.6733943], [-84.4463868, 33.6734134], [-84.4476807, 33.6734405], [-84.4487923, 33.6734546], [-84.4500162, 33.6734506], [-84.4509999, 33.6734506], [-84.4524133, 33.6734707], [-84.4534888, 33.6734827], [-84.4546644, 33.6734978], [-84.4566028, 33.673539], [-84.4578002, 33.6735279], [-84.4579136, 33.6745003], [-84.4577519, 33.6754284], [-84.4576952, 33.6761415], [-84.45763, 33.6770465], [-84.4575769, 33.6777567], [-84.4601731, 33.6778069], [-84.461525, 33.67783], [-84.461852, 33.6774353], [-84.4620271, 33.676697]]}}, {"type": "Feature", "properties": {"power": "line", "name": "", "voltage": "115000", "operator": "Georgia Power"}, "geometry": {"type": "LineString", "coordinates": [[-84.4288998, 33.6662535], [-84.4285899, 33.6663668], [-84.428659, 33.6670934], [-84.4302356, 33.6675627], [-84.4318359, 33.6680739], [-84.4337433, 33.6686743], [-84.4336362, 33.6703076], [-84.4336205, 33.6720143], [-84.4353326, 33.6720615], [-84.4363705, 33.6722175], [-84.4378354, 33.6736581], [-84.4379393, 33.6749964], [-84.438122, 33.676066], [-84.4381205, 33.6773178], [-84.4380937, 33.6794293], [-84.438007, 33.6799117], [-84.4380858, 33.6810061], [-84.4379724, 33.6828253], [-84.4378795, 33.6838594], [-84.4392088, 33.6847637], [-84.4396026, 33.6850809], [-84.4387442, 33.6863207], [-84.4371833, 33.6886077], [-84.436769, 33.6884701], [-84.4350199, 33.6880357], [-84.4349325, 33.688014], [-84.4337339, 33.6877165], [-84.4326675, 33.6883089], [-84.4325935, 33.6881215], [-84.4323431, 33.6878515]]}}, {"type": "Feature", "properties": {"power": "substation", "name": "", "voltage": "115000", "operator": "Georgia Power"}, "geometry": {"type": "Point", "coordinates": [-84.43240083333333, 33.68806092222222]}}, {"type": "Feature", "properties": {"power": "line", "name": "", "voltage": "115000", "operator": ""}, "geometry": {"type": "LineString", "coordinates": [[-84.4325037, 33.6878572], [-84.4324983, 33.6881237], [-84.4320467, 33.6885848], [-84.4295979, 33.6897525], [-84.4277428, 33.6906254], [-84.4263286, 33.6914353], [-84.424344, 33.691808], [-84.4221848, 33.6916688], [-84.4188346, 33.6916389], [-84.4183506, 33.6916389], [-84.418347, 33.692844], [-84.4183056, 33.6946539], [-84.4183218, 33.6960835], [-84.4182058, 33.6971756], [-84.4181778, 33.6974398], [-84.4160025, 33.6971928], [-84.4157609, 33.6971939], [-84.4137894, 33.6972033], [-84.4116536, 33.6971748], [-84.4093739, 33.6971644], [-84.4080101, 33.6971269], [-84.4080245, 33.6984098], [-84.4080155, 33.6998529], [-84.4080029, 33.7010504], [-84.4074523, 33.7011462]]}}, {"type": "Feature", "properties": {"power": "substation", "name": "", "voltage": "115000", "operator": "Georgia Power"}, "geometry": {"type": "Point", "coordinates": [-84.407569025, 33.7012276]}}, {"type": "Feature", "properties": {"power": "line", "name": "", "voltage": "115000", "operator": "Georgia Power"}, "geometry": {"type": "LineString", "coordinates": [[-84.4074702, 33.7012285], [-84.4079868, 33.7012737], [-84.4079875, 33.7020013], [-84.407988, 33.7024927], [-84.4079928, 33.7036866], [-84.4079578, 33.7053625], [-84.4078649, 33.7064439], [-84.4078504, 33.7080986], [-84.4079228, 33.7089641], [-84.407912, 33.710422], [-84.407872, 33.7114361], [-84.4078456, 33.7121068], [-84.4078733, 33.7134441], [-84.4078323, 33.714912], [-84.407807, 33.7167081], [-84.4077768, 33.7183867], [-84.407784, 33.7196728], [-84.4077864, 33.7206095], [-84.4077804, 33.7213443], [-84.4077901, 33.7231122], [-84.4078202, 33.7247947], [-84.4078445, 33.7258366], [-84.4078458, 33.7259885]]}}, {"type": "Feature", "properties": {"power": "line", "name": "", "voltage": "115000", "operator": "Georgia Power"}, "geometry": {"type": "LineString", "coordinates": [[-84.4061351, 33.735623], [-84.4061182, 33.7354956], [-84.405717, 33.7354944], [-84.4050897, 33.7354829], [-84.4053227, 33.7344899], [-84.4054605, 33.7338536], [-84.4056205, 33.7331415], [-84.4056522, 33.7325624], [-84.4056756, 33.7319822], [-84.4044154, 33.7319753], [-84.4039383, 33.7319661], [-84.4025526, 33.7320086], [-84.4025651, 33.7315132], [-84.4025554, 33.7305569], [-84.3992242, 33.7305592], [-84.3975572, 33.731144], [-84.3974359, 33.7317884], [-84.3943405, 33.7317575], [-84.3936083, 33.7317391], [-84.3926611, 33.7317334], [-84.391718, 33.7317357], [-84.3908176, 33.7317276], [-84.3901282, 33.7317253], [-84.3885274, 33.731699], [-84.3862386, 33.7316485], [-84.3862055, 33.7304904], [-84.3862593, 33.7294537], [-84.3854775, 33.729448], [-84.3842628, 33.7294411], [-84.3833431, 33.7294285], [-84.3828282, 33.7293853], [-84.3824951, 33.7293574], [-84.3811205, 33.7291854], [-84.3796065, 33.7291499], [-84.3786276, 33.729143], [-84.3776348, 33.7291441], [-84.3767414, 33.7291418], [-84.3767441, 33.7284699], [-84.3767538, 33.727955], [-84.3767676, 33.7272039], [-84.3761099, 33.7269734], [-84.3742374, 33.7264034], [-84.3736018, 33.7264069], [-84.3736073, 33.7266637]]}}, {"type": "Feature", "properties": {"power": "substation", "name": "", "voltage": "115000", "operator": "Georgia Power"}, "geometry": {"type": "Point", "coordinates": [-84.4064180125, 33.7356489125]}}, {"type": "Feature", "properties": {"power": "line", "name": "", "voltage": "115000", "operator": "Georgia Power"}, "geometry": {"type": "LineString", "coordinates": [[-84.4062844, 33.735598], [-84.4063757, 33.736102], [-84.4072182, 33.7361128], [-84.4082096, 33.7361412], [-84.4082307, 33.7375803], [-84.4082866, 33.7381351], [-84.4083233, 33.7387125], [-84.4083344, 33.7394945], [-84.4083233, 33.7407021], [-84.4082997, 33.7414893], [-84.4083265, 33.7423812], [-84.4086289, 33.7423118]]}}, {"type": "Feature", "properties": {"power": "line", "name": "", "voltage": "115000", "operator": ""}, "geometry": {"type": "LineString", "coordinates": [[-84.4061351, 33.735623], [-84.4062844, 33.735598], [-84.4064769, 33.7355787], [-84.4064987, 33.7357379]]}}, {"type": "Feature", "properties": {"power": "line", "name": "", "voltage": "115000", "operator": ""}, "geometry": {"type": "LineString", "coordinates": [[-84.4062844, 33.735598], [-84.4063252, 33.7357555]]}}, {"type": "Feature", "properties": {"power": "line", "name": "", "voltage": "115000", "operator": "Georgia Power"}, "geometry": {"type": "LineString", "coordinates": [[-84.4086982, 33.7424755], [-84.408347, 33.7425711], [-84.408432, 33.7434919], [-84.4085649, 33.7444745], [-84.4090806, 33.7454514], [-84.4094735, 33.7461863], [-84.4099644, 33.7470886], [-84.4114218, 33.7470931], [-84.4127813, 33.7471012], [-84.412773, 33.7474417], [-84.4127592, 33.7479324], [-84.4127427, 33.7487326], [-84.4127606, 33.7494743], [-84.412762, 33.7502424], [-84.4127634, 33.7513144], [-84.4127524, 33.7524975], [-84.4127427, 33.7534845], [-84.4128241, 33.7555377], [-84.4127923, 33.7563332], [-84.4127741, 33.7574452], [-84.4127537, 33.7581275], [-84.4114763, 33.7580489], [-84.4108988, 33.7580087], [-84.4100477, 33.7579494], [-84.410013, 33.7588752], [-84.409991, 33.759801], [-84.4099925, 33.7607215], [-84.4100004, 33.7615675], [-84.4096067, 33.7615845], [-84.4089782, 33.7614326], [-84.4078583, 33.761193], [-84.4078457, 33.7619917], [-84.4078331, 33.7627892], [-84.4074126, 33.7628311], [-84.4063132, 33.7628376], [-84.4050909, 33.7628258], [-84.4051272, 33.7633623], [-84.4046411, 33.7633582], [-84.4047046, 33.7630664]]}}, {"type": "Feature", "properties": {"power": "line", "name": "", "voltage": "115000", "operator": ""}, "geometry": {"type": "LineString", "coordinates": [[-84.4086289, 33.7423118], [-84.408714, 33.7422895], [-84.4087785, 33.7424598], [-84.4088712, 33.7424354], [-84.4089638, 33.7424111]]}}, {"type": "Feature", "properties": {"power": "line", "name": "", "voltage": "115000", "operator": ""}, "geometry": {"type": "LineString", "coordinates": [[-84.4087785, 33.7424598], [-84.4086982, 33.7424755]]}}, {"type": "Feature", "properties": {"power": "line", "name": "", "voltage": "115000", "operator": "Georgia Power"}, "geometry": {"type": "LineString", "coordinates": [[-84.4000456, 33.7633365], [-84.3993494, 33.7633273], [-84.3985288, 33.7633352], [-84.3973238, 33.7633745], [-84.3971293, 33.7640411], [-84.396299, 33.7647413], [-84.394662, 33.7647323], [-84.3946368, 33.7650963], [-84.3940792, 33.7650963]]}}, {"type": "Feature", "properties": {"power": "line", "name": "", "voltage": "115000", "operator": "Georgia Power"}, "geometry": {"type": "LineString", "coordinates": [[-84.3940792, 33.7650963], [-84.3939343, 33.765095], [-84.3937264, 33.7650931], [-84.3935185, 33.7650912], [-84.393372, 33.7650898]]}}, {"type": "Feature", "properties": {"power": "line", "name": "", "voltage": "115000", "operator": "Georgia Power"}, "geometry": {"type": "LineString", "coordinates": [[-84.4052906, 33.764359], [-84.406282, 33.7641883], [-84.4072348, 33.7642123], [-84.4082275, 33.7641917], [-84.4093857, 33.7642146], [-84.4104515, 33.7642146], [-84.4114764, 33.76423], [-84.4126562, 33.7642467], [-84.4126438, 33.7653311], [-84.4126369, 33.7662102], [-84.4126369, 33.7671237], [-84.4125487, 33.7677794], [-84.4125528, 33.7689428], [-84.4125556, 33.7700133], [-84.4125501, 33.7710792], [-84.4124991, 33.7715434], [-84.4124853, 33.7723858], [-84.4124577, 33.7732317], [-84.4124632, 33.7741669], [-84.4149478, 33.7741612], [-84.4164328, 33.7741738], [-84.4174421, 33.7740351], [-84.4172808, 33.7748076], [-84.4173028, 33.7756775], [-84.4185007, 33.7756918], [-84.4185228, 33.7762848]]}}, {"type": "Feature", "properties": {"power": "line", "name": "", "voltage": "115000", "operator": "Georgia Power"}, "geometry": {"type": "LineString", "coordinates": [[-84.3939343, 33.765095], [-84.3939364, 33.76504], [-84.3939406, 33.7649314]]}}, {"type": "Feature", "properties": {"power": "line", "name": "", "voltage": "115000", "operator": "Georgia Power"}, "geometry": {"type": "LineString", "coordinates": [[-84.3937264, 33.7650931], [-84.3937269, 33.76504], [-84.3937279, 33.7649287]]}}, {"type": "Feature", "properties": {"power": "line", "name": "", "voltage": "115000", "operator": "Georgia Power"}, "geometry": {"type": "LineString", "coordinates": [[-84.3935185, 33.7650912], [-84.3935171, 33.7650412], [-84.3935137, 33.7649248]]}}, {"type": "Feature", "properties": {"power": "line", "name": "", "voltage": "", "operator": ""}, "geometry": {"type": "LineString", "coordinates": [[-84.3939406, 33.7648528], [-84.3940004, 33.7648541], [-84.3940603, 33.7648554]]}}, {"type": "Feature", "properties": {"power": "substation", "name": "QTS Substation #1", "voltage": "115000", "operator": "Georgia Power"}, "geometry": {"type": "Point", "coordinates": [-84.42108842857144, 33.780231428571426]}}, {"type": "Feature", "properties": {"power": "line", "name": "", "voltage": "115000", "operator": "Georgia Power"}, "geometry": {"type": "LineString", "coordinates": [[-84.4210173, 33.780515], [-84.4224361, 33.7800107], [-84.4224196, 33.778938], [-84.422432, 33.7779066], [-84.4224761, 33.7758494], [-84.4224596, 33.7756901], [-84.4235226, 33.7756889], [-84.4254897, 33.7756851], [-84.4257756, 33.7756982], [-84.4260449, 33.7767353], [-84.426419, 33.7776989], [-84.426754, 33.778577], [-84.4270932, 33.7795645], [-84.4286591, 33.7795612], [-84.4295295, 33.7791621], [-84.4299378, 33.7792465]]}}, {"type": "Feature", "properties": {"power": "line", "name": "", "voltage": "115000", "operator": "Georgia Power"}, "geometry": {"type": "LineString", "coordinates": [[-84.4300653, 33.7792017], [-84.4300845, 33.7789444], [-84.4295344, 33.7788567], [-84.4286352, 33.7794141], [-84.4271717, 33.7794215], [-84.426713, 33.7781752], [-84.4263804, 33.7771542], [-84.4261605, 33.7762378], [-84.4257721, 33.7755213], [-84.4258099, 33.7743338], [-84.4249895, 33.7741573], [-84.4250021, 33.7732898], [-84.4250434, 33.7730356], [-84.4247969, 33.7726228], [-84.4236488, 33.7728918], [-84.423559, 33.7729129], [-84.4226288, 33.7730715], [-84.4216482, 33.7731164], [-84.4202214, 33.7731164], [-84.4188989, 33.7731059], [-84.4174559, 33.7728785], [-84.4174505, 33.7708011], [-84.4174595, 33.7695148], [-84.4174793, 33.7682449], [-84.4174865, 33.7671575], [-84.4174954, 33.7658906], [-84.4175134, 33.7647583], [-84.417388, 33.7633808], [-84.4162532, 33.7633851], [-84.4125593, 33.7633609], [-84.4111557, 33.7633396], [-84.4078282, 33.763341], [-84.4051272, 33.7633623], [-84.4049817, 33.7631161]]}}, {"type": "Feature", "properties": {"power": "line", "name": "", "voltage": "115000", "operator": "Georgia Power"}, "geometry": {"type": "LineString", "coordinates": [[-84.4072484, 33.7882597], [-84.4079527, 33.7886336], [-84.4081004, 33.7902453], [-84.4081276, 33.791028], [-84.4102719, 33.7906718], [-84.4118988, 33.7903871], [-84.4122944, 33.7909351], [-84.4126571, 33.7913818], [-84.41311, 33.7919357], [-84.4135701, 33.7925075], [-84.4139299, 33.7930078], [-84.4141664, 33.7929363], [-84.4148401, 33.7934926], [-84.4159968, 33.7944265], [-84.4165157, 33.7937964], [-84.4174001, 33.7934617], [-84.4180265, 33.7932425], [-84.4187704, 33.7929852], [-84.4198727, 33.7929244], [-84.4208918, 33.7929399], [-84.4218465, 33.7929185], [-84.422728, 33.7929078], [-84.4236611, 33.7928732], [-84.4248379, 33.7928363], [-84.426128, 33.7928065], [-84.4268776, 33.792218], [-84.4279125, 33.7914151], [-84.4289431, 33.790623], [-84.4293717, 33.7903025], [-84.4297673, 33.790947], [-84.4302418, 33.7917249], [-84.4307291, 33.7925301], [-84.4312953, 33.7934426], [-84.4317898, 33.7942586], [-84.4324377, 33.7952937], [-84.4328577, 33.796012], [-84.4334583, 33.7970138], [-84.4339643, 33.7978452], [-84.4346064, 33.7988863], [-84.4350637, 33.7996248], [-84.4356886, 33.8006312], [-84.4361975, 33.8016687], [-84.4364799, 33.802431], [-84.4367608, 33.8032397], [-84.4369787, 33.8039008], [-84.4373413, 33.8049477], [-84.4375936, 33.8057386], [-84.4379075, 33.8066938], [-84.438154, 33.8074215], [-84.4383074, 33.8079455], [-84.4386084, 33.8090806], [-84.4389209, 33.8103823], [-84.4384192, 33.8100905], [-84.4372567, 33.8093438], [-84.4362734, 33.8087102], [-84.4355496, 33.8082516], [-84.4353202, 33.8085172], [-84.435068, 33.8088686], [-84.4343742, 33.8094343], [-84.4335973, 33.8100286], [-84.4332676, 33.8098082]]}}, {"type": "Feature", "properties": {"power": "substation", "name": "", "voltage": "115000", "operator": "Georgia Power"}, "geometry": {"type": "Point", "coordinates": [-84.43337145, 33.8099516]}}, {"type": "Feature", "properties": {"power": "line", "name": "", "voltage": "115000", "operator": "Georgia Power"}, "geometry": {"type": "LineString", "coordinates": [[-84.4332676, 33.8098082], [-84.4333107, 33.8098571], [-84.4332232, 33.8099107], [-84.4332821, 33.8099606], [-84.4333126, 33.8099864]]}}, {"type": "Feature", "properties": {"power": "line", "name": "", "voltage": "115000", "operator": "Georgia Power"}, "geometry": {"type": "LineString", "coordinates": [[-84.4332232, 33.8099107], [-84.4331845, 33.8098785]]}}, {"type": "Feature", "properties": {"power": "line", "name": "", "voltage": "115000", "operator": "Georgia Power"}, "geometry": {"type": "LineString", "coordinates": [[-84.4331845, 33.8098785], [-84.43355, 33.8101751], [-84.4344559, 33.8095236], [-84.435138, 33.8089321], [-84.4354228, 33.8086255], [-84.4356299, 33.8084681], [-84.4367592, 33.8091937], [-84.4377906, 33.8098631], [-84.4378327, 33.8098902], [-84.4383791, 33.8102426], [-84.4384998, 33.8103324], [-84.4386371, 33.8104345], [-84.4389858, 33.8106939], [-84.4390014, 33.8107055], [-84.4391131, 33.811281], [-84.4392712, 33.8118857], [-84.4394394, 33.8125206], [-84.4397606, 33.8132868], [-84.4403378, 33.8139759], [-84.4411358, 33.814516], [-84.4420204, 33.8148954], [-84.4432463, 33.8152416], [-84.4443066, 33.8155324], [-84.4454321, 33.8158525], [-84.4464874, 33.8155908], [-84.4474297, 33.8155543], [-84.4485804, 33.8155658], [-84.4494813, 33.8155793], [-84.4506896, 33.815597], [-84.4514801, 33.8156064], [-84.4525115, 33.8156252], [-84.453612, 33.8156283], [-84.4552068, 33.8156356], [-84.4573725, 33.8156325], [-84.4584416, 33.8160224], [-84.459729, 33.8165019], [-84.4606964, 33.8157784], [-84.4611067, 33.8154521], [-84.4624117, 33.8144305], [-84.4638195, 33.8132827], [-84.464535, 33.813218], [-84.4656289, 33.8132034], [-84.4664708, 33.8142814], [-84.4671396, 33.8154104], [-84.4687156, 33.8179426], [-84.4706605, 33.8210304], [-84.4722428, 33.8237178], [-84.4726569, 33.8243661], [-84.4732059, 33.8252584]]}}, {"type": "Feature", "properties": {"power": "line", "name": "", "voltage": "115000", "operator": "Georgia Power"}, "geometry": {"type": "LineString", "coordinates": [[-84.4721671, 33.8239951], [-84.4718614, 33.8235657], [-84.4713047, 33.8225591], [-84.470275, 33.8208692], [-84.4692561, 33.8192429], [-84.4684835, 33.8180292]]}}, {"type": "Feature", "properties": {"power": "line", "name": "", "voltage": "115000", "operator": "Georgia Power"}, "geometry": {"type": "LineString", "coordinates": [[-84.4684835, 33.8180292], [-84.46815, 33.8178656]]}}, {"type": "Feature", "properties": {"power": "line", "name": "", "voltage": "115000", "operator": "Georgia Power"}, "geometry": {"type": "LineString", "coordinates": [[-84.4684835, 33.8180292], [-84.4682547, 33.8177895]]}}, {"type": "Feature", "properties": {"power": "line", "name": "", "voltage": "115000", "operator": "Georgia Power"}, "geometry": {"type": "LineString", "coordinates": [[-84.4729768, 33.8254075], [-84.4721671, 33.8239951]]}}, {"type": "Feature", "properties": {"power": "line", "name": "", "voltage": "115000", "operator": "Georgia Power"}, "geometry": {"type": "LineString", "coordinates": [[-84.4731131, 33.8253219], [-84.4721671, 33.8239951]]}}, {"type": "Feature", "properties": {"power": "line", "name": "", "voltage": "115000", "operator": "Georgia Power"}, "geometry": {"type": "LineString", "coordinates": [[-84.46815, 33.8178656], [-84.4680859, 33.8177645], [-84.4680492, 33.8177065]]}}, {"type": "Feature", "properties": {"power": "line", "name": "", "voltage": "115000", "operator": "Georgia Power"}, "geometry": {"type": "LineString", "coordinates": [[-84.4682547, 33.8177895], [-84.4682093, 33.8177224], [-84.4681668, 33.8176596]]}}, {"type": "Feature", "properties": {"power": "line", "name": "", "voltage": "115000", "operator": "Georgia Power"}, "geometry": {"type": "LineString", "coordinates": [[-84.4682093, 33.8177224], [-84.4683493, 33.8176646], [-84.468306, 33.8175858]]}}, {"type": "Feature", "properties": {"power": "line", "name": "", "voltage": "115000", "operator": "Georgia Power"}, "geometry": {"type": "LineString", "coordinates": [[-84.4680859, 33.8177645], [-84.4680921, 33.817774], [-84.4682268, 33.8179808]]}}, {"type": "Feature", "properties": {"power": "line", "name": "", "voltage": "115000", "operator": "Georgia Power"}, "geometry": {"type": "LineString", "coordinates": [[-84.4682093, 33.8177224], [-84.4680921, 33.817774]]}}, {"type": "Feature", "properties": {"power": "line", "name": "", "voltage": "115000", "operator": "Georgia Power"}, "geometry": {"type": "LineString", "coordinates": [[-84.4682268, 33.8179808], [-84.4682676, 33.8180436], [-84.468222, 33.8180625], [-84.4681764, 33.8180815]]}}, {"type": "Feature", "properties": {"power": "line", "name": "", "voltage": "46000", "operator": "Georgia Power"}, "geometry": {"type": "LineString", "coordinates": [[-84.4869083, 33.8020581], [-84.4869503, 33.8018387], [-84.4875048, 33.8012093], [-84.4880786, 33.800542], [-84.4887364, 33.798982], [-84.4890328, 33.7979995], [-84.4895634, 33.7971566], [-84.4899847, 33.7966948], [-84.4905068, 33.7961841], [-84.4910362, 33.7956344], [-84.4919568, 33.7945312], [-84.4925414, 33.793821], [-84.4930407, 33.7932125], [-84.4935929, 33.7925142], [-84.4935731, 33.79161], [-84.4935114, 33.7907314], [-84.4935539, 33.7899474], [-84.4936046, 33.7895029], [-84.4937842, 33.7890323], [-84.4941243, 33.7882722], [-84.4944342, 33.7876933], [-84.4950361, 33.78756], [-84.4959055, 33.7868329], [-84.4966267, 33.7862437], [-84.4970998, 33.7855064], [-84.4972931, 33.7849081], [-84.4975097, 33.7841981], [-84.4976578, 33.783716], [-84.4980075, 33.783104], [-84.4983242, 33.7825228], [-84.4983983, 33.7820635], [-84.4983667, 33.7816145], [-84.4983037, 33.780966], [-84.4985806, 33.7802115], [-84.4990126, 33.7796907], [-84.4992895, 33.7794331], [-84.499593, 33.7791326], [-84.5000275, 33.7787066], [-84.5003672, 33.7783843], [-84.501145, 33.7776141], [-84.5016023, 33.7771452], [-84.5022181, 33.7765495], [-84.5024762, 33.7763001], [-84.5029455, 33.7759719], [-84.5035889, 33.7758451], [-84.5042694, 33.7755967], [-84.5049008, 33.7751517], [-84.5056642, 33.7747277], [-84.5061647, 33.7743196], [-84.5067565, 33.7738407], [-84.5071562, 33.773267], [-84.5075559, 33.7725945], [-84.5079172, 33.7719908], [-84.5082185, 33.7713951], [-84.5084238, 33.7706049], [-84.508629, 33.7698735], [-84.5087574, 33.7692958], [-84.5089375, 33.7680805], [-84.5089963, 33.7674259], [-84.5090815, 33.7670168], [-84.5092688, 33.7665687], [-84.509492, 33.7659511], [-84.5099206, 33.7650949], [-84.5100869, 33.7647335], [-84.5093474, 33.7637816], [-84.5087826, 33.7630543], [-84.5077084, 33.7618169], [-84.5063244, 33.7602292], [-84.5052165, 33.7592363], [-84.5045059, 33.7586625], [-84.5035228, 33.7580867], [-84.502661, 33.7576087], [-84.5021689, 33.7572664], [-84.5015891, 33.7567465], [-84.5010478, 33.7562455], [-84.5006457, 33.7558902], [-84.5001739, 33.7555539], [-84.5005208, 33.7555858], [-84.5007345, 33.7553992], [-84.5008749, 33.7547415], [-84.5007861, 33.75404], [-84.5006949, 33.7534881], [-84.5005556, 33.7527645], [-84.5004308, 33.752009], [-84.5000551, 33.7512505], [-84.4998234, 33.7508763], [-84.499635, 33.750541], [-84.4985931, 33.750524], [-84.4985741, 33.7503477], [-84.4985607, 33.7502236]]}}, {"type": "Feature", "properties": {"power": "line", "name": "", "voltage": "46000", "operator": "Georgia Power"}, "geometry": {"type": "LineString", "coordinates": [[-84.4677812, 33.8167581], [-84.4675796, 33.8163441], [-84.4672152, 33.8157597], [-84.4668217, 33.8151205], [-84.4673582, 33.8146895], [-84.4678959, 33.8142817], [-84.4684033, 33.8140199], [-84.4688283, 33.8137203], [-84.4691478, 33.8135699], [-84.4702845, 33.8133501], [-84.4711196, 33.8130664], [-84.4722604, 33.8126676], [-84.4726553, 33.8124865], [-84.4719089, 33.8114952], [-84.4736818, 33.811838], [-84.4743266, 33.8115447], [-84.4755189, 33.8109712], [-84.4767125, 33.8107656], [-84.4777009, 33.8107148], [-84.4790417, 33.8098038], [-84.479781, 33.8092285], [-84.4802634, 33.8088212], [-84.4808779, 33.8081202], [-84.4810183, 33.8072974], [-84.481478, 33.8065524], [-84.4818885, 33.8058971], [-84.4826039, 33.8048429], [-84.4829616, 33.8043521], [-84.483677, 33.8035323], [-84.4845472, 33.8028271], [-84.4851762, 33.8024032], [-84.4858148, 33.8022656], [-84.4869083, 33.8020581]]}}, {"type": "Feature", "properties": {"power": "line", "name": "", "voltage": "46000", "operator": "Georgia Power"}, "geometry": {"type": "LineString", "coordinates": [[-84.4869083, 33.8020581], [-84.4868382, 33.8028201], [-84.4867398, 33.8037457], [-84.486771, 33.8042174], [-84.4868766, 33.8045964], [-84.4871095, 33.8053016], [-84.48737, 33.8059818], [-84.4877733, 33.8068156], [-84.4871551, 33.8073023], [-84.4864241, 33.8078898], [-84.4864973, 33.808197], [-84.486765, 33.8086577], [-84.4870988, 33.8092187], [-84.4875129, 33.8099137], [-84.48806, 33.8098704]]}}, {"type": "Feature", "properties": {"power": "line", "name": "", "voltage": "230000", "operator": "Georgia Power"}, "geometry": {"type": "LineString", "coordinates": [[-84.4983644, 33.7489646], [-84.498489, 33.7485948], [-84.4985455, 33.7484272]]}}, {"type": "Feature", "properties": {"power": "line", "name": "", "voltage": "230000", "operator": "Georgia Power"}, "geometry": {"type": "LineString", "coordinates": [[-84.498489, 33.7485948], [-84.4986199, 33.7486246], [-84.4988109, 33.748668], [-84.4987574, 33.7488265]]}}, {"type": "Feature", "properties": {"power": "line", "name": "", "voltage": "115000", "operator": "Georgia Power"}, "geometry": {"type": "LineString", "coordinates": [[-84.4681668, 33.8176596], [-84.4670277, 33.8156118], [-84.4667078, 33.8152122], [-84.4659208, 33.815849], [-84.4647899, 33.8167541], [-84.4639857, 33.8174452], [-84.4625896, 33.8186629], [-84.4618163, 33.8194512], [-84.4615311, 33.8196654], [-84.4609141, 33.8200242], [-84.4601229, 33.8204354], [-84.4586077, 33.8211782], [-84.4574888, 33.8213479], [-84.4566236, 33.8213673], [-84.4553827, 33.8213798], [-84.4544873, 33.8212898], [-84.4544092, 33.821332], [-84.453873, 33.8226716], [-84.4533794, 33.8236649], [-84.4530901, 33.8242584], [-84.4537825, 33.8247721], [-84.4546039, 33.8253849], [-84.4551674, 33.8258793]]}}, {"type": "Feature", "properties": {"power": "line", "name": "", "voltage": "115000", "operator": "Georgia Power"}, "geometry": {"type": "LineString", "coordinates": [[-84.4680492, 33.8177065], [-84.4670277, 33.8156118], [-84.4665737, 33.814865], [-84.4661959, 33.8142624], [-84.4653183, 33.8129612], [-84.4639593, 33.8109662], [-84.4633103, 33.8100421], [-84.4628959, 33.8093838], [-84.4617593, 33.8077255], [-84.460504, 33.8058215], [-84.4596142, 33.804553], [-84.4588524, 33.8033782], [-84.4578743, 33.8018945], [-84.4569937, 33.8006006], [-84.4557749, 33.7987851], [-84.4548242, 33.7974076], [-84.4529228, 33.7945513], [-84.4512317, 33.7920444], [-84.4500769, 33.7901097], [-84.4481725, 33.7867922], [-84.4470938, 33.7849258], [-84.4455916, 33.7822843], [-84.4446653, 33.7806888], [-84.4440163, 33.7795896], [-84.4421027, 33.7783891], [-84.4402501, 33.7783385], [-84.4381842, 33.7782599], [-84.4352499, 33.7781485], [-84.4326742, 33.7780741], [-84.4316225, 33.7780488], [-84.4316225, 33.7785282]]}}, {"type": "Feature", "properties": {"power": "line", "name": "", "voltage": "115000", "operator": "Georgia Power"}, "geometry": {"type": "LineString", "coordinates": [[-84.4320173, 33.7785408], [-84.4326223, 33.7785304], [-84.432265, 33.7796152], [-84.4312826, 33.7800887], [-84.4317754, 33.7812308], [-84.4320252, 33.7817782], [-84.4331903, 33.7817745]]}}, {"type": "Feature", "properties": {"power": "line", "name": "", "voltage": "115000", "operator": "Georgia Power"}, "geometry": {"type": "LineString", "coordinates": [[-84.4331903, 33.7817745], [-84.4332408, 33.7817741], [-84.4333442, 33.7817734], [-84.4334475, 33.7817726]]}}, {"type": "Feature", "properties": {"power": "line", "name": "", "voltage": "115000", "operator": "Georgia Power"}, "geometry": {"type": "LineString", "coordinates": [[-84.4331861, 33.7819506], [-84.4332448, 33.7819504], [-84.4333468, 33.7819501], [-84.4334489, 33.7819497]]}}, {"type": "Feature", "properties": {"power": "line", "name": "", "voltage": "115000", "operator": "Georgia Power"}, "geometry": {"type": "LineString", "coordinates": [[-84.4332408, 33.7817741], [-84.4332428, 33.7818623], [-84.4332448, 33.7819504]]}}, {"type": "Feature", "properties": {"power": "line", "name": "", "voltage": "115000", "operator": "Georgia Power"}, "geometry": {"type": "LineString", "coordinates": [[-84.4331861, 33.7819506], [-84.4321046, 33.7819434], [-84.4329035, 33.7835474], [-84.4319689, 33.7857129], [-84.4309281, 33.7876236], [-84.4299344, 33.789274], [-84.4293391, 33.7890658], [-84.4287074, 33.7888459], [-84.4293513, 33.7901708], [-84.4289023, 33.7905035], [-84.4278807, 33.791273], [-84.4268643, 33.7920714], [-84.4261333, 33.7926586], [-84.424875, 33.792702], [-84.4236707, 33.7927237], [-84.4224715, 33.7927656], [-84.4212933, 33.7927902], [-84.4203952, 33.7928278], [-84.4187906, 33.7928597], [-84.4187697, 33.7921885], [-84.4192692, 33.7920786], [-84.4192117, 33.7904717], [-84.4191473, 33.789627], [-84.4182893, 33.7891236], [-84.417581, 33.7887374], [-84.416756, 33.7884366], [-84.4160616, 33.7881574], [-84.4153289, 33.787884], [-84.4145214, 33.7878565], [-84.4135676, 33.7878464], [-84.4126469, 33.7878536], [-84.4117506, 33.7878334], [-84.4105642, 33.787807], [-84.4105629, 33.7875343]]}}, {"type": "Feature", "properties": {"power": "substation", "name": "", "voltage": "115000", "operator": "Georgia Power"}, "geometry": {"type": "Point", "coordinates": [-84.41045258333334, 33.78744696666667]}}, {"type": "Feature", "properties": {"power": "line", "name": "", "voltage": "115000", "operator": "Georgia Power"}, "geometry": {"type": "LineString", "coordinates": [[-84.4105629, 33.7875343], [-84.4105637, 33.7874911], [-84.4105657, 33.7873813], [-84.4105669, 33.7873192]]}}, {"type": "Feature", "properties": {"power": "line", "name": "", "voltage": "115000", "operator": "Georgia Power"}, "geometry": {"type": "LineString", "coordinates": [[-84.4105637, 33.7874911], [-84.4103708, 33.7874933]]}}, {"type": "Feature", "properties": {"power": "line", "name": "", "voltage": "115000", "operator": "Georgia Power"}, "geometry": {"type": "LineString", "coordinates": [[-84.4105657, 33.7873813], [-84.4103761, 33.7873813]]}}, {"type": "Feature", "properties": {"power": "line", "name": "", "voltage": "115000", "operator": "Georgia Power"}, "geometry": {"type": "LineString", "coordinates": [[-84.4117506, 33.7878334], [-84.4116198, 33.7868906], [-84.4115293, 33.7858867], [-84.4105529, 33.7859012], [-84.4095574, 33.786082], [-84.4083826, 33.7863221], [-84.4076099, 33.7863337], [-84.4072635, 33.787148], [-84.4073335, 33.7875233], [-84.4074463, 33.7881287], [-84.4072357, 33.788136]]}}, {"type": "Feature", "properties": {"power": "line", "name": "", "voltage": "115000", "operator": "Georgia Power"}, "geometry": {"type": "LineString", "coordinates": [[-84.4070912, 33.787974], [-84.4062228, 33.7880492], [-84.4051211, 33.78719], [-84.4050497, 33.7863496], [-84.4040122, 33.7863087], [-84.4032026, 33.7863176], [-84.4020404, 33.7862819], [-84.4011382, 33.7862766], [-84.4001061, 33.7862775], [-84.3988722, 33.786258], [-84.3975726, 33.7860928], [-84.3972712, 33.7860157]]}}, {"type": "Feature", "properties": {"power": "line", "name": "", "voltage": "115000", "operator": "Georgia Power"}, "geometry": {"type": "LineString", "coordinates": [[-84.4072484, 33.7882597], [-84.4071347, 33.7882705], [-84.4071167, 33.7881472], [-84.407103, 33.7880539], [-84.4070912, 33.787974]]}}, {"type": "Feature", "properties": {"power": "line", "name": "", "voltage": "115000", "operator": "Georgia Power"}, "geometry": {"type": "LineString", "coordinates": [[-84.4072357, 33.788136], [-84.4071167, 33.7881472], [-84.4068493, 33.7881808]]}}, {"type": "Feature", "properties": {"power": "line", "name": "", "voltage": "115000", "operator": "Georgia Power"}, "geometry": {"type": "LineString", "coordinates": [[-84.407103, 33.7880539], [-84.4068441, 33.7880882]]}}, {"type": "Feature", "properties": {"power": "line", "name": "", "voltage": "115000", "operator": "Georgia Power"}, "geometry": {"type": "LineString", "coordinates": [[-84.3972712, 33.7860157], [-84.3972717, 33.7859337], [-84.3972725, 33.7857929]]}}, {"type": "Feature", "properties": {"power": "line", "name": "", "voltage": "115000", "operator": "Georgia Power"}, "geometry": {"type": "LineString", "coordinates": [[-84.3974512, 33.7859348], [-84.3972717, 33.7859337], [-84.3970098, 33.7859359], [-84.3970098, 33.7860057]]}}, {"type": "Feature", "properties": {"power": "substation", "name": "", "voltage": "115000", "operator": "Georgia Power"}, "geometry": {"type": "Point", "coordinates": [-84.39726115625, 33.7860065125]}}, {"type": "Feature", "properties": {"power": "line", "name": "", "voltage": "115000", "operator": "Georgia Power"}, "geometry": {"type": "LineString", "coordinates": [[-84.3970098, 33.7860057], [-84.3968053, 33.7861413], [-84.3957785, 33.7863004], [-84.3947168, 33.7863583], [-84.3941321, 33.7866635], [-84.3929816, 33.7864581], [-84.3920784, 33.7864523], [-84.3920853, 33.7857898], [-84.3920906, 33.7850391], [-84.3903502, 33.7851143]]}}, {"type": "Feature", "properties": {"power": "line", "name": "", "voltage": "115000", "operator": "Georgia Power"}, "geometry": {"type": "LineString", "coordinates": [[-84.3902876, 33.785328], [-84.390409, 33.7853414], [-84.3903023, 33.7859189], [-84.390249, 33.7865141], [-84.3896061, 33.7865507], [-84.3862321, 33.7865753], [-84.3856837, 33.7865773], [-84.3844961, 33.786593], [-84.3836243, 33.7865131], [-84.3815057, 33.7864248], [-84.380222, 33.7864197], [-84.3784856, 33.7864257], [-84.3780635, 33.7864189], [-84.3780277, 33.7873838], [-84.3773573, 33.7882816], [-84.3766633, 33.7888855], [-84.3759101, 33.78952], [-84.3752468, 33.7902233], [-84.3745986, 33.7910091], [-84.3741476, 33.7915542], [-84.3739856, 33.7918006], [-84.3734399, 33.7926338], [-84.3730066, 33.7931035], [-84.3727572, 33.7933515], [-84.3725098, 33.7931179], [-84.3723249, 33.7931069], [-84.3719733, 33.7931494], [-84.3714183, 33.7933532], [-84.3707857, 33.7936148], [-84.3704791, 33.7937601], [-84.3704546, 33.7926822], [-84.3703953, 33.7917157], [-84.3698659, 33.7916256], [-84.3692353, 33.7915543], [-84.3686037, 33.7914702], [-84.3676849, 33.7913666], [-84.3672127, 33.7909945], [-84.3667429, 33.7909969]]}}, {"type": "Feature", "properties": {"power": "line", "name": "", "voltage": "230000", "operator": "Georgia Power"}, "geometry": {"type": "LineString", "coordinates": [[-84.3666415, 33.791557], [-84.3669233, 33.7915378], [-84.3668959, 33.7924153], [-84.3670528, 33.7934295], [-84.3671869, 33.7940562], [-84.3673271, 33.7949957], [-84.3678405, 33.7956654], [-84.3685459, 33.7964669], [-84.369137, 33.7971126], [-84.3682351, 33.7980254], [-84.3681102, 33.7990268], [-84.3677963, 33.8001739], [-84.3676028, 33.8012234], [-84.3674246, 33.8021957], [-84.3672631, 33.8031363], [-84.367225, 33.804196], [-84.3675525, 33.8053986], [-84.3668776, 33.8065367], [-84.3663627, 33.8073691], [-84.3661524, 33.807709], [-84.3657167, 33.8086736], [-84.3660793, 33.8102003], [-84.3667633, 33.8108737], [-84.3666171, 33.8118408], [-84.3665409, 33.8128143], [-84.3664693, 33.8139345], [-84.3664312, 33.8151434], [-84.3664998, 33.8159953], [-84.3669111, 33.8181572], [-84.3671488, 33.8192205], [-84.3677018, 33.8203381], [-84.3673072, 33.8215557], [-84.3671838, 33.8227176], [-84.3671625, 33.8230822], [-84.3670711, 33.8242934], [-84.3670208, 33.8250604], [-84.3669538, 33.8261451], [-84.3668746, 33.8267716], [-84.3674032, 33.8269007]]}}, {"type": "Feature", "properties": {"power": "substation", "name": "", "voltage": "230000", "operator": "Georgia Power"}, "geometry": {"type": "Point", "coordinates": [-84.367602925, 33.827108833333334]}}, {"type": "Feature", "properties": {"power": "line", "name": "", "voltage": "230000", "operator": "Georgia Power"}, "geometry": {"type": "LineString", "coordinates": [[-84.3674032, 33.8269007], [-84.3675082, 33.8269017], [-84.3676062, 33.8269026], [-84.3677253, 33.8269037]]}}, {"type": "Feature", "properties": {"power": "line", "name": "", "voltage": "230000", "operator": "Georgia Power"}, "geometry": {"type": "LineString", "coordinates": [[-84.3675082, 33.8270327], [-84.3675082, 33.8269672], [-84.3675082, 33.8269017]]}}, {"type": "Feature", "properties": {"power": "line", "name": "", "voltage": "230000", "operator": "Georgia Power"}, "geometry": {"type": "LineString", "coordinates": [[-84.3674113, 33.8270328], [-84.3675082, 33.8270327], [-84.3676074, 33.8270315], [-84.3677253, 33.8270323]]}}, {"type": "Feature", "properties": {"power": "line", "name": "", "voltage": "230000", "operator": "Georgia Power"}, "geometry": {"type": "LineString", "coordinates": [[-84.3674113, 33.8270328], [-84.3668547, 33.82696], [-84.3671497, 33.8280613], [-84.3671519, 33.8280695], [-84.3671646, 33.8281171], [-84.3671889, 33.8282077], [-84.3676083, 33.8294092], [-84.3677389, 33.8303229], [-84.3679219, 33.8313092], [-84.3679072, 33.8325622], [-84.3678766, 33.8335349], [-84.3678859, 33.8346782], [-84.3678739, 33.835889], [-84.3679299, 33.8369281], [-84.3685754, 33.8383915], [-84.3679059, 33.8386984]]}}, {"type": "Feature", "properties": {"power": "substation", "name": "", "voltage": "230000", "operator": "Georgia Power"}, "geometry": {"type": "Point", "coordinates": [-84.36844424857142, 33.83871564]}}, {"type": "Feature", "properties": {"power": "line", "name": "", "voltage": "230000", "operator": "Georgia Power"}, "geometry": {"type": "LineString", "coordinates": [[-84.3679059, 33.8386984], [-84.3680579, 33.8386362], [-84.3679792, 33.8385063], [-84.3680577, 33.8384736], [-84.3681823, 33.8384217]]}}, {"type": "Feature", "properties": {"power": "line", "name": "", "voltage": "230000", "operator": "Georgia Power"}, "geometry": {"type": "LineString", "coordinates": [[-84.3680579, 33.8386362], [-84.3681121, 33.8387283], [-84.3681663, 33.8388204], [-84.3682792, 33.8387754], [-84.3683699, 33.8387393]]}}, {"type": "Feature", "properties": {"power": "line", "name": "", "voltage": "230000", "operator": "Georgia Power"}, "geometry": {"type": "LineString", "coordinates": [[-84.3681663, 33.8388204], [-84.3680058, 33.8388841]]}}, {"type": "Feature", "properties": {"power": "line", "name": "", "voltage": "230000", "operator": "Georgia Power"}, "geometry": {"type": "LineString", "coordinates": [[-84.3680579, 33.8386362], [-84.368142, 33.8385984], [-84.3682578, 33.8385465]]}}, {"type": "Feature", "properties": {"power": "line", "name": "", "voltage": "230000", "operator": "Georgia Power"}, "geometry": {"type": "LineString", "coordinates": [[-84.3680058, 33.8388841], [-84.3689441, 33.8385211], [-84.3694603, 33.8395308], [-84.3700962, 33.8408325], [-84.3705788, 33.8417851], [-84.3710478, 33.8427132], [-84.3713862, 33.8433668], [-84.3719824, 33.8445589], [-84.3724105, 33.8454276], [-84.3728375, 33.8463122], [-84.3732418, 33.8471837], [-84.3735302, 33.8482032], [-84.3746817, 33.8485427], [-84.3754777, 33.8488294], [-84.3764078, 33.8492095], [-84.3771084, 33.8495443], [-84.37806, 33.8500932], [-84.3788731, 33.8506034], [-84.3795045, 33.8512164], [-84.3803028, 33.8519916], [-84.3809852, 33.8526253], [-84.3821606, 33.8537023], [-84.3828135, 33.8543276], [-84.3837719, 33.8549339], [-84.3833279, 33.8555111], [-84.383161, 33.8557629]]}}, {"type": "Feature", "properties": {"power": "substation", "name": "", "voltage": "230000", "operator": "Georgia Power"}, "geometry": {"type": "Point", "coordinates": [-84.3837435, 33.856079944444446]}}, {"type": "Feature", "properties": {"power": "line", "name": "", "voltage": "230000", "operator": "Georgia Power"}, "geometry": {"type": "LineString", "coordinates": [[-84.383161, 33.8557629], [-84.3832, 33.855737], [-84.383351, 33.8558709], [-84.3834657, 33.8557851], [-84.383618, 33.8559104], [-84.3837287, 33.8560014], [-84.3839176, 33.8561567], [-84.3840323, 33.856251], [-84.3838999, 33.8563561]]}}, {"type": "Feature", "properties": {"power": "line", "name": "", "voltage": "230000", "operator": "Georgia Power"}, "geometry": {"type": "LineString", "coordinates": [[-84.3837287, 33.8560014], [-84.3835906, 33.8561069]]}}, {"type": "Feature", "properties": {"power": "line", "name": "", "voltage": "230000", "operator": "Georgia Power"}, "geometry": {"type": "LineString", "coordinates": [[-84.383618, 33.8559104], [-84.3834842, 33.8560164]]}}, {"type": "Feature", "properties": {"power": "line", "name": "", "voltage": "230000", "operator": "Georgia Power"}, "geometry": {"type": "LineString", "coordinates": [[-84.3839176, 33.8561567], [-84.3837882, 33.8562623]]}}, {"type": "Feature", "properties": {"power": "line", "name": "", "voltage": "230000", "operator": "Georgia Power"}, "geometry": {"type": "LineString", "coordinates": [[-84.383161, 33.8557629], [-84.3829009, 33.8560246], [-84.3825156, 33.8559003], [-84.3823926, 33.8563408], [-84.3822622, 33.8565943], [-84.3815198, 33.8576317], [-84.3807255, 33.8588241], [-84.3804958, 33.8598824], [-84.3803402, 33.8611204], [-84.3801594, 33.862341], [-84.3802335, 33.8635174], [-84.3804928, 33.8643406], [-84.3806766, 33.8651675], [-84.3808114, 33.8659205], [-84.3809077, 33.8668372], [-84.3809359, 33.8676973], [-84.3809344, 33.8686337], [-84.380927, 33.8696869], [-84.3809063, 33.8708939], [-84.38089, 33.8719877], [-84.3808825, 33.8731344], [-84.3808692, 33.8739034], [-84.3807759, 33.8746453], [-84.3805328, 33.8754106], [-84.3802261, 33.8760713], [-84.3809196, 33.8764871]]}}, {"type": "Feature", "properties": {"power": "line", "name": "", "voltage": "230000", "operator": "Georgia Power"}, "geometry": {"type": "LineString", "coordinates": [[-84.3808737, 33.876556], [-84.3801727, 33.8761918], [-84.3798851, 33.876745], [-84.3796761, 33.8774379], [-84.379692, 33.8782355], [-84.3796932, 33.8793188], [-84.3796898, 33.8802587], [-84.3797023, 33.8809884], [-84.3797125, 33.8819104], [-84.3799135, 33.8828211], [-84.3802428, 33.8838826], [-84.380672, 33.8846858], [-84.3811149, 33.8852854], [-84.3817145, 33.886097], [-84.3815828, 33.8869615], [-84.3814669, 33.888022], [-84.3813795, 33.8889929], [-84.3812693, 33.8900214], [-84.3811774, 33.8909838], [-84.3810933, 33.8918831], [-84.38104, 33.8927748], [-84.3811342, 33.8936769], [-84.3812182, 33.8947675], [-84.3813329, 33.895695], [-84.3813999, 33.8964217], [-84.3817372, 33.8974633], [-84.3814579, 33.8986113], [-84.3805437, 33.8997075], [-84.3798192, 33.9006199], [-84.3794297, 33.9014851], [-84.3799532, 33.90188]]}}, {"type": "Feature", "properties": {"power": "substation", "name": "", "voltage": "230000", "operator": "Georgia Power"}, "geometry": {"type": "Point", "coordinates": [-84.38071118, 33.87647142]}}, {"type": "Feature", "properties": {"power": "line", "name": "", "voltage": "230000", "operator": "Georgia Power"}, "geometry": {"type": "LineString", "coordinates": [[-84.3798976, 33.9019526], [-84.3793684, 33.9015624], [-84.3789244, 33.9021977], [-84.3786654, 33.9029552], [-84.3794868, 33.903737], [-84.3795375, 33.9047465], [-84.3794264, 33.9060233], [-84.3795334, 33.9075619], [-84.3794895, 33.908498], [-84.3794676, 33.908965], [-84.3794155, 33.9098276], [-84.3794744, 33.9106766], [-84.3794689, 33.911769], [-84.3794347, 33.9131049], [-84.3794072, 33.9140721], [-84.3792002, 33.9149267], [-84.3791481, 33.9158564], [-84.3790548, 33.9169988], [-84.3789822, 33.9179557], [-84.3789054, 33.9189787], [-84.3788684, 33.9200494], [-84.3789273, 33.920715], [-84.3789767, 33.921499], [-84.3790449, 33.9223456], [-84.3790589, 33.9229986], [-84.379715, 33.9229559], [-84.3803611, 33.9229438], [-84.3804363, 33.9231888]]}}, {"type": "Feature", "properties": {"power": "substation", "name": "", "voltage": "230000", "operator": "Georgia Power"}, "geometry": {"type": "Point", "coordinates": [-84.37972358333333, 33.90179063333333]}}, {"type": "Feature", "properties": {"power": "line", "name": "", "voltage": "230000", "operator": "Georgia Power"}, "geometry": {"type": "LineString", "coordinates": [[-84.3804363, 33.9231888], [-84.3804298, 33.9232927], [-84.3805889, 33.9233018], [-84.3805793, 33.9234098], [-84.3805716, 33.9234974]]}}, {"type": "Feature", "properties": {"power": "line", "name": "", "voltage": "12000", "operator": ""}, "geometry": {"type": "LineString", "coordinates": [[-84.380567, 33.9235498], [-84.3806218, 33.9235521]]}}, {"type": "Feature", "properties": {"power": "line", "name": "", "voltage": "12000", "operator": ""}, "geometry": {"type": "LineString", "coordinates": [[-84.3805716, 33.9234974], [-84.380567, 33.9235498], [-84.3805121, 33.923547], [-84.3804573, 33.9235442]]}}, {"type": "Feature", "properties": {"power": "line", "name": "", "voltage": "230000", "operator": "Georgia Power"}, "geometry": {"type": "LineString", "coordinates": [[-84.3805889, 33.9233018], [-84.3805944, 33.9231971]]}}, {"type": "Feature", "properties": {"power": "substation", "name": "", "voltage": "230000;12000", "operator": "Georgia Power"}, "geometry": {"type": "Point", "coordinates": [-84.38051818888889, 33.92339934444445]}}, {"type": "Feature", "properties": {"power": "line", "name": "", "voltage": "230000", "operator": "Georgia Power"}, "geometry": {"type": "LineString", "coordinates": [[-84.3796356, 33.9660399], [-84.3799458, 33.9661413], [-84.380597, 33.9653397], [-84.3813649, 33.965089], [-84.38233, 33.9647558], [-84.3819389, 33.9659198], [-84.381723, 33.9669878], [-84.3859908, 33.9667201], [-84.3875512, 33.9665896], [-84.3891223, 33.9664702], [-84.390584, 33.966364], [-84.3929233, 33.9661649], [-84.3929393, 33.966375], [-84.3935768, 33.9662246], [-84.3951438, 33.9660692]]}}, {"type": "Feature", "properties": {"power": "line", "name": "", "voltage": "230000", "operator": "Georgia Power"}, "geometry": {"type": "LineString", "coordinates": [[-84.3794414, 33.9657892], [-84.3791313, 33.9656437], [-84.380505, 33.965228], [-84.3814276, 33.9649279], [-84.3822812, 33.964659], [-84.3825522, 33.963595], [-84.3818411, 33.9620776], [-84.3811596, 33.9612562]]}}, {"type": "Feature", "properties": {"power": "line", "name": "", "voltage": "230000", "operator": "Georgia Power"}, "geometry": {"type": "LineString", "coordinates": [[-84.3811596, 33.9612562], [-84.3818816, 33.9620599], [-84.3825897, 33.9635859], [-84.3823466, 33.9646802], [-84.3805489, 33.9652561], [-84.3799627, 33.9659783], [-84.3797073, 33.9659018]]}}, {"type": "Feature", "properties": {"power": "line", "name": "", "voltage": "230000", "operator": "Georgia Power"}, "geometry": {"type": "LineString", "coordinates": [[-84.3713871, 33.9486792], [-84.3704927, 33.947528], [-84.3703067, 33.9450507], [-84.3706235, 33.944135]]}}, {"type": "Feature", "properties": {"power": "line", "name": "", "voltage": "230000", "operator": "Georgia Power"}, "geometry": {"type": "LineString", "coordinates": [[-84.3713871, 33.9486792], [-84.3730917, 33.9508947], [-84.3744067, 33.9526054], [-84.3756056, 33.9541595], [-84.3766497, 33.955422], [-84.3777547, 33.9569541], [-84.3784836, 33.9579021], [-84.380056, 33.9599233], [-84.3811596, 33.9612562]]}}, {"type": "Feature", "properties": {"power": "line", "name": "", "voltage": "230000", "operator": "Georgia Power"}, "geometry": {"type": "LineString", "coordinates": [[-84.3706235, 33.944135], [-84.3707544, 33.9438141], [-84.3708034, 33.9436941]]}}, {"type": "Feature", "properties": {"power": "line", "name": "", "voltage": "", "operator": ""}, "geometry": {"type": "LineString", "coordinates": [[-84.3707544, 33.9438141], [-84.3708861, 33.9438588], [-84.3710493, 33.9438596], [-84.371148, 33.94386]]}}, {"type": "Feature", "properties": {"power": "line", "name": "", "voltage": "230000", "operator": "Georgia Power"}, "geometry": {"type": "LineString", "coordinates": [[-84.3708034, 33.9436941], [-84.3717759, 33.9423124]]}}, {"type": "Feature", "properties": {"power": "line", "name": "", "voltage": "230000", "operator": "Georgia Power"}, "geometry": {"type": "LineString", "coordinates": [[-84.3717759, 33.9423124], [-84.370931, 33.9436438], [-84.3706984, 33.9442301], [-84.3703613, 33.945055], [-84.3705511, 33.9475191], [-84.3713871, 33.9486792]]}}, {"type": "Feature", "properties": {"power": "line", "name": "", "voltage": "230000", "operator": "Georgia Power"}, "geometry": {"type": "LineString", "coordinates": [[-84.3344261, 33.9273875], [-84.335262, 33.9272622], [-84.3372424, 33.9271884], [-84.3372133, 33.9285234], [-84.337292, 33.9296965], [-84.3371945, 33.9308071], [-84.3373451, 33.9319504], [-84.3374906, 33.9332769], [-84.3376258, 33.9346161], [-84.3377028, 33.9358757], [-84.3377747, 33.9367463], [-84.3378466, 33.9379576], [-84.3379356, 33.9391618], [-84.3380332, 33.9401843], [-84.338129, 33.9412635], [-84.3383036, 33.9424109], [-84.3379596, 33.9431876], [-84.3381479, 33.9433183], [-84.3394778, 33.9427503], [-84.3400239, 33.9425004], [-84.3404324, 33.9423239], [-84.3410903, 33.9420445], [-84.3422713, 33.9414538], [-84.342711, 33.9412492], [-84.3436321, 33.9408077], [-84.3443768, 33.9403553], [-84.3450083, 33.9399514], [-84.3457684, 33.939425], [-84.3460059, 33.9392272], [-84.3463332, 33.939034], [-84.3475365, 33.9384049], [-84.3480757, 33.9378951], [-84.348774, 33.9369209], [-84.3490839, 33.9364637], [-84.3496384, 33.9357337], [-84.3499568, 33.9354255], [-84.3509736, 33.9354364], [-84.3520263, 33.9354691], [-84.3527087, 33.9354659], [-84.353836, 33.9353192], [-84.354483, 33.9353204], [-84.3553701, 33.9353314], [-84.3555543, 33.9346101], [-84.3558535, 33.9338178], [-84.3568413, 33.9337705], [-84.357028, 33.9337615], [-84.3590779, 33.9336295], [-84.3614122, 33.9334216], [-84.3628019, 33.9345648], [-84.3645276, 33.9359354], [-84.3669886, 33.9366275], [-84.3686067, 33.9370847], [-84.3693716, 33.9372987], [-84.3698918, 33.9374026], [-84.3728171, 33.9372239], [-84.3736294, 33.9373931], [-84.3732394, 33.9390748]]}}, {"type": "Feature", "properties": {"power": "line", "name": "", "voltage": "230000", "operator": "Georgia Power"}, "geometry": {"type": "LineString", "coordinates": [[-84.3732394, 33.9390748], [-84.3728235, 33.9407075], [-84.3717759, 33.9423124]]}}, {"type": "Feature", "properties": {"power": "line", "name": "", "voltage": "115000", "operator": "Georgia Power"}, "geometry": {"type": "LineString", "coordinates": [[-84.3439132, 33.9634683], [-84.3438477, 33.9634446], [-84.3437838, 33.9634215]]}}, {"type": "Feature", "properties": {"power": "line", "name": "", "voltage": "115000", "operator": "Georgia Power"}, "geometry": {"type": "LineString", "coordinates": [[-84.3438477, 33.9634446], [-84.3437511, 33.9636197], [-84.3437003, 33.9637118], [-84.3438273, 33.9637581]]}}, {"type": "Feature", "properties": {"power": "line", "name": "", "voltage": "115000", "operator": "Georgia Power"}, "geometry": {"type": "LineString", "coordinates": [[-84.3437511, 33.9636197], [-84.3438763, 33.9636634]]}}, {"type": "Feature", "properties": {"power": "line", "name": "", "voltage": "115000", "operator": "Georgia Power"}, "geometry": {"type": "LineString", "coordinates": [[-84.3861554, 33.9668169], [-84.3875821, 33.9667101], [-84.3891192, 33.9666016], [-84.3909405, 33.9664609], [-84.3933872, 33.9661287]]}}, {"type": "Feature", "properties": {"power": "line", "name": "", "voltage": "115000", "operator": "Georgia Power"}, "geometry": {"type": "LineString", "coordinates": [[-84.3933872, 33.9661287], [-84.3943908, 33.9658687]]}}, {"type": "Feature", "properties": {"power": "line", "name": "", "voltage": "115000", "operator": "Georgia Power"}, "geometry": {"type": "LineString", "coordinates": [[-84.3933872, 33.9661287], [-84.3943928, 33.9659625]]}}, {"type": "Feature", "properties": {"power": "line", "name": "", "voltage": "115000", "operator": "Georgia Power"}, "geometry": {"type": "LineString", "coordinates": [[-84.3821343, 33.9650038], [-84.3819389, 33.9659198], [-84.3815406, 33.9672412], [-84.3861554, 33.9668169]]}}, {"type": "Feature", "properties": {"power": "line", "name": "", "voltage": "115000", "operator": "Georgia Power"}, "geometry": {"type": "LineString", "coordinates": [[-84.3818262, 33.9675448], [-84.3817914, 33.9671255], [-84.3861554, 33.9668169]]}}, {"type": "Feature", "properties": {"power": "line", "name": "", "voltage": "500000", "operator": "Georgia Power"}, "geometry": {"type": "LineString", "coordinates": [[-84.3793004, 33.9671902], [-84.3788299, 33.9672959], [-84.3783554, 33.9674025]]}}, {"type": "Feature", "properties": {"power": "line", "name": "", "voltage": "230000", "operator": "Georgia Power"}, "geometry": {"type": "LineString", "coordinates": [[-84.3787569, 33.9666879], [-84.3787777, 33.9666525], [-84.3788448, 33.9665387], [-84.3790696, 33.9666354], [-84.3793079, 33.9662316], [-84.3794591, 33.9659755], [-84.3795459, 33.9658284], [-84.3797073, 33.9659018]]}}, {"type": "Feature", "properties": {"power": "line", "name": "", "voltage": "230000", "operator": "Georgia Power"}, "geometry": {"type": "LineString", "coordinates": [[-84.3795459, 33.9658284], [-84.3794414, 33.9657892]]}}, {"type": "Feature", "properties": {"power": "line", "name": "", "voltage": "500000", "operator": "Georgia Power"}, "geometry": {"type": "LineString", "coordinates": [[-84.3786036, 33.9668151], [-84.3787017, 33.9671643], [-84.3788164, 33.9672456], [-84.3788202, 33.9669575], [-84.3788959, 33.9668134], [-84.3789465, 33.9668344], [-84.3791861, 33.9669337], [-84.379229, 33.9668778]]}}, {"type": "Feature", "properties": {"power": "line", "name": "", "voltage": "500000", "operator": "Georgia Power"}, "geometry": {"type": "LineString", "coordinates": [[-84.3789465, 33.9668344], [-84.3789823, 33.9667785]]}}, {"type": "Feature", "properties": {"power": "line", "name": "", "voltage": "230000", "operator": "Georgia Power"}, "geometry": {"type": "LineString", "coordinates": [[-84.3794799, 33.9662938], [-84.3793079, 33.9662316], [-84.3791963, 33.9661923]]}}, {"type": "Feature", "properties": {"power": "line", "name": "", "voltage": "230000", "operator": "Georgia Power"}, "geometry": {"type": "LineString", "coordinates": [[-84.3796356, 33.9660399], [-84.3794591, 33.9659755]]}}, {"type": "Feature", "properties": {"power": "line", "name": "", "voltage": "230000", "operator": "Georgia Power"}, "geometry": {"type": "LineString", "coordinates": [[-84.379229, 33.9668778], [-84.3792536, 33.9668388], [-84.379009, 33.9667431], [-84.3787777, 33.9666525], [-84.3785422, 33.9665574], [-84.3785238, 33.9665964]]}}, {"type": "Feature", "properties": {"power": "line", "name": "", "voltage": "230000", "operator": "Georgia Power"}, "geometry": {"type": "LineString", "coordinates": [[-84.3789823, 33.9667785], [-84.379009, 33.9667431]]}}, {"type": "Feature", "properties": {"power": "line", "name": "", "voltage": "500000", "operator": "Georgia Power"}, "geometry": {"type": "LineString", "coordinates": [[-84.3785238, 33.9665964], [-84.3784891, 33.9667591], [-84.3786036, 33.9668151]]}}, {"type": "Feature", "properties": {"power": "line", "name": "", "voltage": "500000", "operator": "Georgia Power"}, "geometry": {"type": "LineString", "coordinates": [[-84.3788299, 33.9672959], [-84.3788164, 33.9672456], [-84.3787119, 33.9668558], [-84.3787569, 33.9666879]]}}, {"type": "Feature", "properties": {"power": "line", "name": "", "voltage": "230000", "operator": "Georgia Power"}, "geometry": {"type": "LineString", "coordinates": [[-84.3971986, 33.9662829], [-84.3957986, 33.9663101]]}}, {"type": "Feature", "properties": {"power": "line", "name": "", "voltage": "230000", "operator": "Georgia Power"}, "geometry": {"type": "LineString", "coordinates": [[-84.3971986, 33.9662829], [-84.3958074, 33.9664242]]}}, {"type": "Feature", "properties": {"power": "line", "name": "", "voltage": "230000", "operator": "Georgia Power"}, "geometry": {"type": "LineString", "coordinates": [[-84.3958074, 33.9664242], [-84.3956086, 33.9664351], [-84.3955988, 33.9663174], [-84.3955871, 33.9661762], [-84.3955763, 33.9660467], [-84.3955649, 33.9659097], [-84.3953241, 33.9659266], [-84.3951339, 33.96594], [-84.3949991, 33.9659495]]}}, {"type": "Feature", "properties": {"power": "line", "name": "", "voltage": "230000", "operator": "Georgia Power"}, "geometry": {"type": "LineString", "coordinates": [[-84.3957986, 33.9663101], [-84.3955988, 33.9663174], [-84.3953573, 33.96633], [-84.3953639, 33.9664532], [-84.3951836, 33.9664665]]}}, {"type": "Feature", "properties": {"power": "line", "name": "", "voltage": "230000", "operator": "Georgia Power"}, "geometry": {"type": "LineString", "coordinates": [[-84.3953573, 33.96633], [-84.3953459, 33.9661907], [-84.3953351, 33.9660598], [-84.3953241, 33.9659266], [-84.3953071, 33.9657104], [-84.394833, 33.9657375], [-84.3947434, 33.9657647], [-84.3944835, 33.965781], [-84.3945141, 33.9662249], [-84.3947019, 33.9662123]]}}, {"type": "Feature", "properties": {"power": "line", "name": "", "voltage": "230000", "operator": "Georgia Power"}, "geometry": {"type": "LineString", "coordinates": [[-84.3955763, 33.9660467], [-84.3953351, 33.9660598]]}}, {"type": "Feature", "properties": {"power": "line", "name": "", "voltage": "230000", "operator": "Georgia Power"}, "geometry": {"type": "LineString", "coordinates": [[-84.3955871, 33.9661762], [-84.3953459, 33.9661907]]}}, {"type": "Feature", "properties": {"power": "line", "name": "", "voltage": "230000", "operator": "Georgia Power"}, "geometry": {"type": "LineString", "coordinates": [[-84.3953573, 33.96633], [-84.3951658, 33.9663403]]}}, {"type": "Feature", "properties": {"power": "line", "name": "", "voltage": "230000", "operator": "Georgia Power"}, "geometry": {"type": "LineString", "coordinates": [[-84.3953351, 33.9660598], [-84.3951438, 33.9660692]]}}, {"type": "Feature", "properties": {"power": "line", "name": "", "voltage": "115000", "operator": "Georgia Power"}, "geometry": {"type": "LineString", "coordinates": [[-84.3949991, 33.9659495], [-84.3948177, 33.9659513], [-84.3947653, 33.9659368], [-84.3945865, 33.9659492], [-84.3943928, 33.9659625]]}}, {"type": "Feature", "properties": {"power": "line", "name": "", "voltage": "115000", "operator": "Georgia Power"}, "geometry": {"type": "LineString", "coordinates": [[-84.3945865, 33.9659492], [-84.394573, 33.9658517], [-84.3943908, 33.9658687]]}}, {"type": "Feature", "properties": {"power": "line", "name": "", "voltage": "230000", "operator": "Georgia Power"}, "geometry": {"type": "LineString", "coordinates": [[-84.4202611, 33.9657917], [-84.42016, 33.9657916], [-84.4201177, 33.9657916], [-84.4199858, 33.9657915]]}}, {"type": "Feature", "properties": {"power": "line", "name": "", "voltage": "230000", "operator": "Georgia Power"}, "geometry": {"type": "LineString", "coordinates": [[-84.4201177, 33.9657916], [-84.4201215, 33.9659245], [-84.4202806, 33.9659234], [-84.4202825, 33.9660357], [-84.4202845, 33.9661479]]}}, {"type": "Feature", "properties": {"power": "line", "name": "", "voltage": "230000", "operator": "Georgia Power"}, "geometry": {"type": "LineString", "coordinates": [[-84.42016, 33.9657916], [-84.420151, 33.9656861], [-84.4201433, 33.9655712]]}}, {"type": "Feature", "properties": {"power": "line", "name": "", "voltage": "230000", "operator": "Georgia Power"}, "geometry": {"type": "LineString", "coordinates": [[-84.4199858, 33.9657915], [-84.4195226, 33.9658412]]}}, {"type": "Feature", "properties": {"power": "line", "name": "", "voltage": "230000", "operator": "Georgia Power"}, "geometry": {"type": "LineString", "coordinates": [[-84.4195226, 33.9658412], [-84.422226, 33.9658411]]}}, {"type": "Feature", "properties": {"power": "line", "name": "", "voltage": "230000", "operator": "Georgia Power"}, "geometry": {"type": "LineString", "coordinates": [[-84.422226, 33.9658411], [-84.4202611, 33.9657917]]}}, {"type": "Feature", "properties": {"power": "line", "name": "", "voltage": "115000", "operator": "Georgia Power"}, "geometry": {"type": "LineString", "coordinates": [[-84.4940551, 33.9645934], [-84.4940494, 33.9644806], [-84.4940441, 33.9643742], [-84.4940403, 33.9642974]]}}, {"type": "Feature", "properties": {"power": "line", "name": "", "voltage": "115000", "operator": "Georgia Power"}, "geometry": {"type": "LineString", "coordinates": [[-84.4940494, 33.9644806], [-84.4938652, 33.964488], [-84.4938742, 33.964604]]}}, {"type": "Feature", "properties": {"power": "line", "name": "", "voltage": "230000", "operator": "Georgia Power"}, "geometry": {"type": "LineString", "coordinates": [[-84.5353248, 33.9602422], [-84.5353198, 33.9608348], [-84.5353968, 33.9612167]]}}, {"type": "Feature", "properties": {"power": "line", "name": "", "voltage": "230000", "operator": "Georgia Power"}, "geometry": {"type": "LineString", "coordinates": [[-84.5353248, 33.9602422], [-84.5351055, 33.9608765], [-84.535216, 33.9612611]]}}, {"type": "Feature", "properties": {"power": "line", "name": "", "voltage": "230000", "operator": "Georgia Power"}, "geometry": {"type": "LineString", "coordinates": [[-84.5353968, 33.9612167], [-84.535445, 33.9614042], [-84.5355055, 33.9616394]]}}, {"type": "Feature", "properties": {"power": "line", "name": "", "voltage": "230000", "operator": "Georgia Power"}, "geometry": {"type": "LineString", "coordinates": [[-84.535216, 33.9612611], [-84.5352698, 33.9614422], [-84.5353473, 33.9616759]]}}, {"type": "Feature", "properties": {"power": "line", "name": "", "voltage": "230000", "operator": "Georgia Power"}, "geometry": {"type": "LineString", "coordinates": [[-84.5348856, 33.9613281], [-84.5349419, 33.9615133], [-84.5349743, 33.9616197]]}}, {"type": "Feature", "properties": {"power": "line", "name": "", "voltage": "230000", "operator": "Georgia Power"}, "geometry": {"type": "LineString", "coordinates": [[-84.5351401, 33.9615906], [-84.5351093, 33.961477]]}}, {"type": "Feature", "properties": {"power": "line", "name": "", "voltage": "230000", "operator": "Georgia Power"}, "geometry": {"type": "LineString", "coordinates": [[-84.5349419, 33.9615133], [-84.5351093, 33.961477], [-84.5352698, 33.9614422], [-84.535445, 33.9614042], [-84.5357829, 33.9613309]]}}, {"type": "Feature", "properties": {"power": "line", "name": "", "voltage": "115000", "operator": "Georgia Power"}, "geometry": {"type": "LineString", "coordinates": [[-84.5355055, 33.9616394], [-84.5355595, 33.9618198], [-84.5359719, 33.9617316], [-84.5361209, 33.9616997], [-84.5362627, 33.9616694], [-84.5364004, 33.9616399], [-84.536537, 33.9616107], [-84.5365092, 33.9614916]]}}, {"type": "Feature", "properties": {"power": "line", "name": "", "voltage": "115000", "operator": "Georgia Power"}, "geometry": {"type": "LineString", "coordinates": [[-84.5364004, 33.9616399], [-84.536367, 33.9615195]]}}, {"type": "Feature", "properties": {"power": "line", "name": "", "voltage": "115000", "operator": "Georgia Power"}, "geometry": {"type": "LineString", "coordinates": [[-84.5362627, 33.9616694], [-84.5362307, 33.9615572]]}}, {"type": "Feature", "properties": {"power": "line", "name": "", "voltage": "115000", "operator": "Georgia Power"}, "geometry": {"type": "LineString", "coordinates": [[-84.5361209, 33.9616997], [-84.53609, 33.9615973]]}}, {"type": "Feature", "properties": {"power": "line", "name": "", "voltage": "115000", "operator": "Georgia Power"}, "geometry": {"type": "LineString", "coordinates": [[-84.5359719, 33.9617316], [-84.536005, 33.9618416]]}}, {"type": "Feature", "properties": {"power": "line", "name": "", "voltage": "115000", "operator": "Georgia Power"}, "geometry": {"type": "LineString", "coordinates": [[-84.5355595, 33.9618198], [-84.5355903, 33.961917]]}}, {"type": "Feature", "properties": {"power": "line", "name": "", "voltage": "115000", "operator": "Georgia Power"}, "geometry": {"type": "LineString", "coordinates": [[-84.5355595, 33.9618198], [-84.5354086, 33.9618526], [-84.5354335, 33.9619328]]}}, {"type": "Feature", "properties": {"power": "line", "name": "", "voltage": "115000", "operator": "Georgia Power"}, "geometry": {"type": "LineString", "coordinates": [[-84.5354086, 33.9618526], [-84.5353473, 33.9616759]]}}, {"type": "Feature", "properties": {"power": "line", "name": "", "voltage": "115000", "operator": "Georgia Power"}, "geometry": {"type": "LineString", "coordinates": [[-84.4894129, 33.9693184], [-84.4883622, 33.9692482], [-84.4874334, 33.9692748], [-84.4866213, 33.9693089], [-84.4855193, 33.9694589], [-84.4846123, 33.9693738], [-84.4839439, 33.9693046], [-84.4829996, 33.969228], [-84.4811984, 33.9690035], [-84.4809034, 33.9679832], [-84.4804351, 33.9675927], [-84.4800348, 33.9672522], [-84.4794746, 33.9664499], [-84.479302, 33.96591], [-84.478959, 33.9651725], [-84.47864, 33.964917], [-84.4780786, 33.9638281], [-84.4777377, 33.9630235], [-84.4777596, 33.9617852], [-84.477783, 33.9608347], [-84.4778094, 33.9598756], [-84.4778372, 33.9590126], [-84.4778783, 33.9577411], [-84.4779266, 33.9564659], [-84.4779764, 33.9553439], [-84.4779999, 33.9542754], [-84.4780283, 33.953331], [-84.4774771, 33.9533459]]}}, {"type": "Feature", "properties": {"power": "line", "name": "", "voltage": "115000", "operator": "Georgia Power"}, "geometry": {"type": "LineString", "coordinates": [[-84.4774771, 33.9533459], [-84.4776008, 33.9533476]]}}, {"type": "Feature", "properties": {"power": "line", "name": "", "voltage": "115000", "operator": "Georgia Power"}, "geometry": {"type": "LineString", "coordinates": [[-84.4938742, 33.964604], [-84.493906, 33.9646684], [-84.494194, 33.9647663], [-84.4942432, 33.965461], [-84.4932722, 33.9654274], [-84.4923733, 33.9653766], [-84.4917901, 33.9661925], [-84.491318, 33.9668053], [-84.4907382, 33.9675799], [-84.4903417, 33.9681066], [-84.4898145, 33.9687556], [-84.4894129, 33.9693184], [-84.4888329, 33.9700875], [-84.4882004, 33.9702535], [-84.4873909, 33.9713546], [-84.4869188, 33.9719813], [-84.4867969, 33.9727271], [-84.485659, 33.9735708], [-84.4843183, 33.9736357], [-84.4827429, 33.9738581], [-84.4811521, 33.9739464], [-84.4798012, 33.9740485], [-84.4781462, 33.9741176], [-84.4765169, 33.9742411], [-84.474906, 33.9743993], [-84.4748491, 33.9744049], [-84.4733494, 33.9747209], [-84.4717535, 33.9756667], [-84.4698753, 33.9760231], [-84.4691671, 33.9763454], [-84.4674391, 33.9770827], [-84.465693, 33.9778295], [-84.4644037, 33.978387], [-84.4634441, 33.9792136], [-84.461267, 33.9792242], [-84.4598506, 33.9792083], [-84.4581354, 33.9791296], [-84.4566831, 33.9790945], [-84.4546587, 33.9790828], [-84.4514399, 33.9790051], [-84.4499773, 33.9789753], [-84.4474949, 33.9789221], [-84.4461594, 33.9788838], [-84.4446135, 33.9788115], [-84.4438245, 33.9790764], [-84.4433421, 33.9790008], [-84.4413818, 33.9784402], [-84.4408481, 33.9779051], [-84.4402413, 33.977854], [-84.4398744, 33.9777349], [-84.4393189, 33.9777157], [-84.4383529, 33.9776997], [-84.4364547, 33.9780587], [-84.4353534, 33.9788998], [-84.4341141, 33.9796349], [-84.4334393, 33.9799764], [-84.4326029, 33.9800732], [-84.4313867, 33.9807849], [-84.4308684, 33.9810923], [-84.4302603, 33.9814519], [-84.4291223, 33.9821189], [-84.4298074, 33.9826051], [-84.4305079, 33.9830678], [-84.4303783, 33.9832901]]}}, {"type": "Feature", "properties": {"power": "line", "name": "", "voltage": "115000", "operator": "Georgia Power"}, "geometry": {"type": "LineString", "coordinates": [[-84.4302633, 33.9832413], [-84.4303552, 33.9830744], [-84.4291347, 33.9825478], [-84.427914, 33.9833423], [-84.4268536, 33.9836662], [-84.4257734, 33.98488], [-84.4242404, 33.9855853], [-84.4231371, 33.9856129], [-84.4214936, 33.9862693], [-84.4200555, 33.9871968], [-84.4195334, 33.9876], [-84.41872, 33.9884457], [-84.4180097, 33.9893057], [-84.4171559, 33.9903621], [-84.4161816, 33.9916113], [-84.4160158, 33.9923734], [-84.41547, 33.9929133], [-84.4138963, 33.9937003], [-84.4131363, 33.9938933], [-84.4123963, 33.9940793], [-84.4109867, 33.9940182], [-84.4101145, 33.9950523], [-84.4087065, 33.9956991], [-84.407764, 33.9972675], [-84.4068599, 33.9986055], [-84.4066055, 33.9997922], [-84.4049062, 34.0009136], [-84.403361, 34.001305], [-84.4019497, 34.0015285], [-84.4001215, 34.0017353], [-84.3983838, 34.0015756], [-84.3965907, 34.002289], [-84.3949652, 34.0022987], [-84.3932358, 34.0030121], [-84.3928373, 34.0037296], [-84.3917216, 34.0040581], [-84.3912954, 34.0041835], [-84.3903177, 34.0047761], [-84.3891324, 34.0055449], [-84.3884879, 34.0059779], [-84.387326, 34.0067704], [-84.3863634, 34.0079695], [-84.3851564, 34.0086925], [-84.3835442, 34.0088341], [-84.3817177, 34.0093919], [-84.3789001, 34.0101899], [-84.3769882, 34.0106992], [-84.3753124, 34.0111877], [-84.3735864, 34.0117705], [-84.3729937, 34.0128516], [-84.3729368, 34.0131583], [-84.3728653, 34.0130238]]}}, {"type": "Feature", "properties": {"power": "line", "name": "", "voltage": "115000", "operator": "Georgia Power"}, "geometry": {"type": "LineString", "coordinates": [[-84.4302633, 33.9832413], [-84.4302301, 33.9832989], [-84.4302007, 33.98335], [-84.4301736, 33.983397]]}}, {"type": "Feature", "properties": {"power": "line", "name": "", "voltage": "115000", "operator": "Georgia Power"}, "geometry": {"type": "LineString", "coordinates": [[-84.430346, 33.9833454], [-84.4302881, 33.9833221], [-84.4302301, 33.9832989]]}}, {"type": "Feature", "properties": {"power": "line", "name": "", "voltage": "115000", "operator": "Georgia Power"}, "geometry": {"type": "LineString", "coordinates": [[-84.4303783, 33.9832901], [-84.430346, 33.9833454], [-84.4303164, 33.983396], [-84.4302894, 33.9834421]]}}, {"type": "Feature", "properties": {"power": "line", "name": "", "voltage": "115000", "operator": "Georgia Power"}, "geometry": {"type": "LineString", "coordinates": [[-84.3727708, 34.013055], [-84.3725016, 34.0125484], [-84.3728313, 34.0124419], [-84.3738615, 34.0111764], [-84.3752133, 34.0095102], [-84.3766682, 34.0077644], [-84.3777714, 34.0064002], [-84.3795477, 34.0053662], [-84.3804099, 34.0049082], [-84.3823167, 34.0041643], [-84.3830918, 34.003383], [-84.3852967, 34.0021561], [-84.3863397, 34.0015468], [-84.3868453, 34.0001728], [-84.3866366, 33.9991068], [-84.3865545, 33.9986653], [-84.3862923, 33.9974246], [-84.3859231, 33.9956405], [-84.3858117, 33.9948997], [-84.3850143, 33.99121], [-84.3848482, 33.9902391], [-84.3846254, 33.9892827], [-84.3848919, 33.9874242], [-84.3851869, 33.9854261], [-84.3853988, 33.9841001], [-84.3856303, 33.9825513], [-84.3857855, 33.9810422], [-84.3859384, 33.9803466], [-84.3864103, 33.977111], [-84.3866309, 33.9754932], [-84.3868887, 33.9738807], [-84.3872142, 33.9715961], [-84.3867707, 33.9709438], [-84.3825259, 33.9696248], [-84.3820629, 33.9684265], [-84.3818504, 33.9677848]]}}, {"type": "Feature", "properties": {"power": "line", "name": "", "voltage": "115000", "operator": "Georgia Power"}, "geometry": {"type": "LineString", "coordinates": [[-84.3725031, 34.0131504], [-84.3725693, 34.0132743], [-84.3727476, 34.0132307], [-84.3744564, 34.0127287], [-84.3761279, 34.0129054], [-84.3777737, 34.0130816], [-84.3795221, 34.0132723], [-84.3811063, 34.0135663], [-84.3823066, 34.0136063], [-84.3835713, 34.0135954], [-84.3849357, 34.0135821], [-84.3858931, 34.0126754], [-84.3871094, 34.0117258], [-84.387836, 34.0113701], [-84.3891565, 34.0115158], [-84.3904828, 34.0115292], [-84.3921799, 34.0115584], [-84.3936513, 34.0121026], [-84.395193, 34.0126602], [-84.3967875, 34.0131242], [-84.3983837, 34.0135631], [-84.3999917, 34.0141752], [-84.4002997, 34.0150462], [-84.4006296, 34.0156746], [-84.4006755, 34.0164098], [-84.4017744, 34.0174437], [-84.4022506, 34.0176031], [-84.4031638, 34.0176194], [-84.404586, 34.0179471], [-84.4061765, 34.0183256], [-84.4081514, 34.0185248], [-84.4090777, 34.0189268], [-84.4102406, 34.0190287], [-84.4118745, 34.0186832], [-84.4119448, 34.0190592]]}}, {"type": "Feature", "properties": {"power": "line", "name": "", "voltage": "115000", "operator": "Georgia Power"}, "geometry": {"type": "LineString", "coordinates": [[-84.3725031, 34.0131504], [-84.3724813, 34.0131091], [-84.3724422, 34.013035], [-84.3726126, 34.0129726], [-84.372711, 34.0129376], [-84.3727136, 34.0129366], [-84.3728079, 34.012901], [-84.3728455, 34.0129815], [-84.3728653, 34.0130238], [-84.3728926, 34.0130821], [-84.3727997, 34.0131148], [-84.3725312, 34.0132094], [-84.3725031, 34.0131504]]}}, {"type": "Feature", "properties": {"power": "line", "name": "", "voltage": "115000", "operator": "Georgia Power"}, "geometry": {"type": "LineString", "coordinates": [[-84.3726126, 34.0129726], [-84.3725504, 34.0128507]]}}, {"type": "Feature", "properties": {"power": "line", "name": "", "voltage": "115000", "operator": "Georgia Power"}, "geometry": {"type": "LineString", "coordinates": [[-84.3724422, 34.013035], [-84.3722905, 34.0130847], [-84.3723465, 34.0131923]]}}, {"type": "Feature", "properties": {"power": "line", "name": "", "voltage": "115000", "operator": "Georgia Power"}, "geometry": {"type": "LineString", "coordinates": [[-84.3728079, 34.012901], [-84.3727542, 34.0127952]]}}, {"type": "Feature", "properties": {"power": "line", "name": "", "voltage": "115000", "operator": "Georgia Power"}, "geometry": {"type": "LineString", "coordinates": [[-84.3727136, 34.0129366], [-84.3727509, 34.0130137], [-84.3727708, 34.013055], [-84.3727997, 34.0131148]]}}, {"type": "Feature", "properties": {"power": "line", "name": "", "voltage": "115000", "operator": "Georgia Power"}, "geometry": {"type": "LineString", "coordinates": [[-84.3866366, 33.9991068], [-84.387476, 33.9996183], [-84.3884093, 33.9992794], [-84.3886642, 33.9997794]]}}, {"type": "Feature", "properties": {"power": "substation", "name": "", "voltage": "115000", "operator": "Georgia Power"}, "geometry": {"type": "Point", "coordinates": [-84.38883150000001, 33.999963300000005]}}, {"type": "Feature", "properties": {"power": "line", "name": "", "voltage": "115000", "operator": ""}, "geometry": {"type": "LineString", "coordinates": [[-84.3886642, 33.9997794], [-84.3887482, 33.9999462], [-84.3887736, 33.9999966], [-84.3888266, 34.0001019]]}}, {"type": "Feature", "properties": {"power": "line", "name": "", "voltage": "115000", "operator": "Georgia Power"}, "geometry": {"type": "LineString", "coordinates": [[-84.4119448, 34.0190592], [-84.4119866, 34.0192436], [-84.4120068, 34.0193326]]}}, {"type": "Feature", "properties": {"power": "line", "name": "", "voltage": "115000", "operator": "Georgia Power"}, "geometry": {"type": "LineString", "coordinates": [[-84.4120068, 34.0193326], [-84.4120637, 34.0196462], [-84.4107486, 34.0199889], [-84.410709, 34.0207845], [-84.4108248, 34.0221328], [-84.4109464, 34.0234993], [-84.4112688, 34.0245317], [-84.4121745, 34.0261229], [-84.413111, 34.0263731], [-84.4143963, 34.0271249], [-84.4160303, 34.0270521], [-84.4194169, 34.0271088], [-84.4194377, 34.0271091], [-84.4214162, 34.0271444], [-84.4231939, 34.0272099], [-84.4251298, 34.0272549], [-84.4265118, 34.0272962], [-84.4279114, 34.027329], [-84.4294634, 34.0275002], [-84.4303618, 34.0278658], [-84.4315166, 34.0286759], [-84.4323256, 34.0298407], [-84.4336848, 34.030197]]}}, {"type": "Feature", "properties": {"power": "line", "name": "", "voltage": "115000", "operator": "Georgia Power"}, "geometry": {"type": "LineString", "coordinates": [[-84.4119866, 34.0192436], [-84.412106, 34.0192248], [-84.4121758, 34.0192138]]}}, {"type": "Feature", "properties": {"power": "line", "name": "", "voltage": "115000", "operator": "Georgia Power"}, "geometry": {"type": "LineString", "coordinates": [[-84.4336848, 34.030197], [-84.434732, 34.0306326], [-84.4363367, 34.0312338]]}}, {"type": "Feature", "properties": {"power": "line", "name": "", "voltage": "115000", "operator": "Georgia Power"}, "geometry": {"type": "LineString", "coordinates": [[-84.4363367, 34.0312338], [-84.4376967, 34.0317378], [-84.4376965, 34.0311488]]}}, {"type": "Feature", "properties": {"power": "line", "name": "", "voltage": "115000", "operator": "Georgia Power"}, "geometry": {"type": "LineString", "coordinates": [[-84.4363367, 34.0312338], [-84.4379408, 34.0318529], [-84.4380172, 34.0311559]]}}, {"type": "Feature", "properties": {"power": "line", "name": "", "voltage": "115000", "operator": ""}, "geometry": {"type": "LineString", "coordinates": [[-84.4382647, 34.0311702], [-84.4383115, 34.0319752], [-84.4391393, 34.0322994], [-84.4401459, 34.0329339], [-84.4422867, 34.0335187], [-84.4442125, 34.0338232], [-84.445736, 34.0351146], [-84.4466372, 34.0365572], [-84.4483405, 34.0374218], [-84.450336, 34.0374818], [-84.4525703, 34.0374129], [-84.4542842, 34.0373573], [-84.456253, 34.0372973], [-84.4579776, 34.037244], [-84.459654, 34.0368861], [-84.461199, 34.0364038], [-84.46276, 34.0360215], [-84.4634118, 34.0352391], [-84.4643318, 34.0341877], [-84.4657238, 34.0326051], [-84.4668838, 34.031278], [-84.4681516, 34.0299938], [-84.4694471, 34.0290943], [-84.4706664, 34.0283192], [-84.4717355, 34.0276609], [-84.4736291, 34.0272265], [-84.4750147, 34.0267576], [-84.4768713, 34.0261375], [-84.4783862, 34.025793], [-84.4795177, 34.025615], [-84.4808848, 34.0251269], [-84.4817669, 34.024815], [-84.4824412, 34.0245624], [-84.4833834, 34.0241528], [-84.484023, 34.0238944], [-84.4847943, 34.0234848], [-84.4862607, 34.0227671], [-84.487607, 34.0221202], [-84.4892281, 34.0212053], [-84.4903827, 34.0198693], [-84.4913457, 34.0185908], [-84.491916, 34.0178577], [-84.4922884, 34.0173186], [-84.4925883, 34.0169106], [-84.4932642, 34.0160969], [-84.4944379, 34.0148861], [-84.4950614, 34.0142645], [-84.4955221, 34.01292], [-84.4959493, 34.0119605], [-84.4964263, 34.0108439], [-84.4970391, 34.0097824], [-84.497941, 34.0089653], [-84.4982214, 34.0077408], [-84.4991175, 34.006787], [-84.4994846, 34.0055673], [-84.5002276, 34.0044626], [-84.5010716, 34.003377], [-84.5020198, 34.0020829], [-84.5030402, 34.0007673], [-84.5041445, 33.9998374], [-84.504659, 33.9986416], [-84.5054568, 33.9977333], [-84.5066767, 33.9966333], [-84.5077868, 33.9960964], [-84.5079263, 33.994658], [-84.5079282, 33.9931748], [-84.5079372, 33.9918264], [-84.5084947, 33.9917789], [-84.5090671, 33.9918016]]}}, {"type": "Feature", "properties": {"power": "line", "name": "", "voltage": "115000", "operator": "Georgia Power"}, "geometry": {"type": "LineString", "coordinates": [[-84.4336848, 34.030197], [-84.4327313, 34.0302268], [-84.4326487, 34.031249], [-84.43168, 34.03219], [-84.4305711, 34.0325929], [-84.4291156, 34.0328848], [-84.4282913, 34.0335761], [-84.4278291, 34.0342603], [-84.4273853, 34.0349165], [-84.4275938, 34.0355704], [-84.4277178, 34.0364239], [-84.4273698, 34.037985], [-84.4263187, 34.0390347], [-84.4253211, 34.0399478], [-84.4237839, 34.0405619], [-84.4225482, 34.0414913], [-84.421435, 34.0423436], [-84.4206079, 34.0431831], [-84.4192285, 34.0442653], [-84.4184169, 34.044758], [-84.4181957, 34.0459979], [-84.4187931, 34.0472915], [-84.4194681, 34.0480702], [-84.4197118, 34.0484274], [-84.4202458, 34.0498074], [-84.4203008, 34.0510378], [-84.4206826, 34.052315], [-84.4211687, 34.0534602], [-84.4211814, 34.0541548], [-84.4210997, 34.0545762], [-84.4209475, 34.055314], [-84.4207672, 34.056095], [-84.4209067, 34.0573125], [-84.4209447, 34.0584063], [-84.4209701, 34.0597721], [-84.4210166, 34.0612639], [-84.4211251, 34.0621592], [-84.4223946, 34.0630031], [-84.4231822, 34.063575], [-84.4242672, 34.0649057], [-84.4242122, 34.0658033], [-84.4246828, 34.0670767], [-84.4244207, 34.0671269]]}}, {"type": "Feature", "properties": {"power": "line", "name": "", "voltage": "115000", "operator": "Georgia Power"}, "geometry": {"type": "LineString", "coordinates": [[-84.1681374, 33.8056498], [-84.1678295, 33.805725], [-84.1678064, 33.8063079], [-84.1680221, 33.807427], [-84.1682279, 33.8087239], [-84.1683045, 33.8091383], [-84.1685721, 33.8100195], [-84.1688141, 33.811378], [-84.1691319, 33.812612], [-84.1698152, 33.8122932], [-84.1709068, 33.8118185], [-84.1712735, 33.811655], [-84.1716247, 33.8114984], [-84.1723475, 33.8111769], [-84.172667, 33.8108581], [-84.1734836, 33.8117186], [-84.1739825, 33.8122194], [-84.1746922, 33.8127283], [-84.1753212, 33.8130771], [-84.1751252, 33.8136435], [-84.1759386, 33.8138774], [-84.1768607, 33.8141606], [-84.178657, 33.8146968], [-84.1793683, 33.814913], [-84.180101, 33.8152044], [-84.180837, 33.8154957], [-84.1814018, 33.8158624], [-84.1818282, 33.8163056], [-84.1818986, 33.8163667], [-84.1819744, 33.8164324], [-84.1824588, 33.8168528], [-84.182966, 33.8173685], [-84.1834632, 33.8178664], [-84.1841202, 33.818549], [-84.1847508, 33.8192029], [-84.1853666, 33.8198267], [-84.1862639, 33.8208923], [-84.1866822, 33.821397], [-84.1871119, 33.8218676], [-84.1875581, 33.8223272], [-84.1882052, 33.8228716], [-84.1895092, 33.8235678], [-84.1908363, 33.8242778], [-84.191541, 33.8246443], [-84.1922211, 33.8248933], [-84.1928039, 33.8250985], [-84.1937408, 33.825398], [-84.1943385, 33.8256046], [-84.195142, 33.8258631], [-84.1955598, 33.8256354], [-84.1960802, 33.825268], [-84.1962844, 33.8250081], [-84.1964723, 33.8244338]]}}, {"type": "Feature", "properties": {"power": "line", "name": "", "voltage": "115000", "operator": "Georgia Power"}, "geometry": {"type": "LineString", "coordinates": [[-84.1681259, 33.805554], [-84.1677982, 33.8055937], [-84.1675841, 33.8049487], [-84.1674371, 33.8041582], [-84.1671907, 33.8029018], [-84.1670725, 33.8022407], [-84.1669817, 33.801752], [-84.1669615, 33.8011064], [-84.1670105, 33.8003279], [-84.1670321, 33.7996752], [-84.1670624, 33.7990104], [-84.1659569, 33.7991853], [-84.1651958, 33.7985541], [-84.1637329, 33.7973216], [-84.1625164, 33.7962855], [-84.1605316, 33.7946361], [-84.1591191, 33.7934395], [-84.1581837, 33.7925075], [-84.1575538, 33.7918895], [-84.1571444, 33.791481], [-84.1564483, 33.7907934], [-84.1557276, 33.7900939], [-84.1552289, 33.7895919], [-84.1547331, 33.7891104], [-84.1538538, 33.7882527], [-84.1529717, 33.7873603], [-84.1524384, 33.7868559], [-84.1519556, 33.7863804], [-84.1511571, 33.7855993], [-84.1508184, 33.7852579], [-84.1503917, 33.7848506], [-84.1496624, 33.7841438], [-84.1489403, 33.7834346], [-84.147927, 33.7826535], [-84.14681, 33.7815693], [-84.1458904, 33.7806684], [-84.1431806, 33.7779585], [-84.1411008, 33.7759433], [-84.1397084, 33.7745488], [-84.1383218, 33.7732105], [-84.1370318, 33.7719345], [-84.1355833, 33.7705111], [-84.1336086, 33.7685641], [-84.1317781, 33.7667548], [-84.1306524, 33.7656465], [-84.1295973, 33.7646028], [-84.1279484, 33.7645177], [-84.1265806, 33.7644482], [-84.1266065, 33.7626377], [-84.1266815, 33.7613495], [-84.1251133, 33.7597798], [-84.1238161, 33.7585131], [-84.1228749, 33.7575892], [-84.1222277, 33.7569481], [-84.1215474, 33.7568187], [-84.1215719, 33.7561165]]}}, {"type": "Feature", "properties": {"power": "line", "name": "", "voltage": "115000", "operator": "Georgia Power"}, "geometry": {"type": "LineString", "coordinates": [[-84.1681012, 33.8054582], [-84.1685095, 33.8054227], [-84.1686349, 33.8063335], [-84.1687591, 33.8071399], [-84.1689434, 33.8080839], [-84.1690807, 33.8082542], [-84.168998, 33.8084902], [-84.1691089, 33.8090794], [-84.1692632, 33.8099155], [-84.1697409, 33.812416], [-84.1698914, 33.8132329], [-84.1700149, 33.8139032], [-84.1700989, 33.8142548], [-84.1703459, 33.8153314], [-84.1707098, 33.8164107], [-84.171128, 33.8175557], [-84.1716466, 33.8189619], [-84.1720006, 33.8199482], [-84.1726115, 33.8216129], [-84.1729853, 33.8226621], [-84.1720434, 33.8237222]]}}, {"type": "Feature", "properties": {"power": "substation", "name": "", "voltage": "115000", "operator": "Georgia Power"}, "geometry": {"type": "Point", "coordinates": [-84.12127304, 33.7563443]}}, {"type": "Feature", "properties": {"power": "line", "name": "", "voltage": "115000", "operator": "Georgia Power"}, "geometry": {"type": "LineString", "coordinates": [[-84.0907391, 33.7263018], [-84.0907887, 33.7265795], [-84.0919059, 33.7266015], [-84.0925869, 33.7265877], [-84.0934723, 33.7265051], [-84.0945482, 33.7265145], [-84.096952, 33.7264926], [-84.0976648, 33.7278082], [-84.0981351, 33.7287796], [-84.0981369, 33.7305175], [-84.0981558, 33.7315327], [-84.0981426, 33.733255], [-84.0996172, 33.7347175], [-84.1009997, 33.7360783], [-84.1020154, 33.7370919], [-84.1028185, 33.7378787], [-84.1032737, 33.7383244], [-84.1032699, 33.7389469], [-84.1032511, 33.7399871], [-84.1032643, 33.7416075], [-84.103789, 33.7433013], [-84.1064336, 33.7432951], [-84.1083126, 33.7432872], [-84.1093226, 33.7442835], [-84.1105998, 33.745541], [-84.1124543, 33.7473411], [-84.1126744, 33.7485203], [-84.1129923, 33.7502594], [-84.1149258, 33.7507943], [-84.1163741, 33.7511884], [-84.1173371, 33.7521595], [-84.1187859, 33.7535711], [-84.1200817, 33.7548579], [-84.1207617, 33.7555273], [-84.1214248, 33.7557222], [-84.1214349, 33.7561167]]}}, {"type": "Feature", "properties": {"power": "line", "name": "", "voltage": "115000", "operator": "Georgia Power"}, "geometry": {"type": "LineString", "coordinates": [[-84.1020266, 33.7197985], [-84.1015094, 33.7196812], [-84.1008454, 33.7200363], [-84.100237, 33.7202995], [-84.0995927, 33.7205177], [-84.0987582, 33.7208066], [-84.0976959, 33.7211795], [-84.0965918, 33.7215499], [-84.095874, 33.7217969], [-84.0952283, 33.7220199], [-84.0945379, 33.7222692], [-84.0934526, 33.7223567], [-84.0929048, 33.7225989], [-84.0919867, 33.7230568], [-84.0911363, 33.723052], [-84.0900538, 33.7230544], [-84.0891242, 33.7230508], [-84.0882493, 33.7229741], [-84.0876425, 33.7223867], [-84.0867171, 33.7214852], [-84.0856837, 33.7209133], [-84.0827087, 33.7192613], [-84.0806779, 33.718108], [-84.0795003, 33.7174618], [-84.0779234, 33.716583], [-84.0761045, 33.7155675], [-84.0748721, 33.7148769], [-84.0726178, 33.7136204], [-84.0706417, 33.7125114], [-84.0693575, 33.7118352], [-84.0676106, 33.7111782], [-84.0644655, 33.7091267], [-84.0627864, 33.7080428], [-84.0587189, 33.7054097], [-84.0563536, 33.7038664], [-84.0545736, 33.7027285], [-84.0528324, 33.7015966], [-84.0512512, 33.7005785], [-84.0488845, 33.6990352], [-84.0461128, 33.6972652], [-84.0447162, 33.6963419], [-84.0434824, 33.6973], [-84.0431047, 33.6978612]]}}, {"type": "Feature", "properties": {"power": "substation", "name": "", "voltage": "115000", "operator": "Georgia Power"}, "geometry": {"type": "Point", "coordinates": [-84.10185192, 33.7197332]}}, {"type": "Feature", "properties": {"power": "line", "name": "", "voltage": "46000", "operator": ""}, "geometry": {"type": "LineString", "coordinates": [[-84.0428601, 33.6973412], [-84.0430275, 33.6971972], [-84.043588, 33.6967512], [-84.0442614, 33.6962426], [-84.0453314, 33.6969282], [-84.0461214, 33.6974477], [-84.046996, 33.6980158], [-84.0480308, 33.6986847], [-84.0489051, 33.6992348], [-84.0499885, 33.6999358], [-84.0507409, 33.7004272], [-84.0516587, 33.7010077], [-84.0526142, 33.7016164], [-84.0531522, 33.7019685], [-84.0539083, 33.7024646], [-84.054403, 33.7027766], [-84.055334, 33.7033929], [-84.0564083, 33.7040741], [-84.0574533, 33.7047456], [-84.0580313, 33.7051257], [-84.0587563, 33.7055946], [-84.0598099, 33.7062864], [-84.0608895, 33.7069687], [-84.0616376, 33.7074639], [-84.0625571, 33.7080622], [-84.0629593, 33.7083236], [-84.0634738, 33.7086365], [-84.0641187, 33.7090575], [-84.0647029, 33.7094474], [-84.065292, 33.7098272], [-84.066151, 33.7103887], [-84.0675256, 33.7112646], [-84.0687921, 33.7117444], [-84.0693517, 33.7119445], [-84.070709, 33.7127], [-84.0723388, 33.7136024], [-84.0730604, 33.7140312], [-84.0740473, 33.7145801], [-84.0756803, 33.7155023], [-84.076514, 33.7159509], [-84.0775797, 33.7165532], [-84.0784069, 33.7170161], [-84.0794812, 33.7176202], [-84.0805835, 33.7182171], [-84.0814515, 33.7187211], [-84.0821713, 33.7191339], [-84.0832048, 33.7196879], [-84.0844274, 33.7203581], [-84.085564, 33.7210086], [-84.0866684, 33.7216216], [-84.0876417, 33.7221685], [-84.0880865, 33.7225974], [-84.0889223, 33.7234302], [-84.0894165, 33.7239252], [-84.0900095, 33.7245149], [-84.0908497, 33.725328], [-84.091664, 33.726134], [-84.0922098, 33.7266612], [-84.0935655, 33.7266522], [-84.0951104, 33.7266433], [-84.0968336, 33.7266397], [-84.0974782, 33.7278656], [-84.0979702, 33.7288038], [-84.0979659, 33.7293434], [-84.0979574, 33.7296829], [-84.0979617, 33.7308033], [-84.0979681, 33.7317093], [-84.0979788, 33.7326707], [-84.0979917, 33.7333407], [-84.0988297, 33.7341448], [-84.0995882, 33.7348953], [-84.1001339, 33.7354296], [-84.1004132, 33.7357315], [-84.0994308, 33.7363211], [-84.0986426, 33.7367726], [-84.0978217, 33.7372318], [-84.0971661, 33.7376471], [-84.0961237, 33.7382421], [-84.0955607, 33.7385653], [-84.0951666, 33.738742], [-84.0946054, 33.7390275], [-84.0939988, 33.7393401], [-84.0929781, 33.7398687], [-84.0919466, 33.7403988], [-84.09055, 33.7411191], [-84.0897109, 33.7415329], [-84.0887066, 33.7420464], [-84.0872083, 33.7428302], [-84.0859479, 33.743472], [-84.0850217, 33.7439553], [-84.0842317, 33.7443585], [-84.0837159, 33.7446303], [-84.0828678, 33.7450546], [-84.0814004, 33.7458127], [-84.080396, 33.7463322], [-84.0787524, 33.7471718], [-84.0776192, 33.7477502], [-84.0760955, 33.7481383], [-84.0743629, 33.7486245], [-84.0735111, 33.7489024], [-84.0729663, 33.7490353], [-84.0730106, 33.7500494], [-84.0730809, 33.7508178], [-84.0730593, 33.7512818], [-84.0729581, 33.7513554]]}}, {"type": "Feature", "properties": {"power": "line", "name": "", "voltage": "115000", "operator": "Georgia Power"}, "geometry": {"type": "LineString", "coordinates": [[-84.1720434, 33.8237222], [-84.1707839, 33.8226744], [-84.1697585, 33.8229871], [-84.1687865, 33.8232786], [-84.1676722, 33.8236151], [-84.1663639, 33.8240168], [-84.1652005, 33.8243675], [-84.1642163, 33.8246448], [-84.1620416, 33.8253565], [-84.1607628, 33.8257602], [-84.1590618, 33.8256868], [-84.1582126, 33.8256643], [-84.1572799, 33.8258152], [-84.1563398, 33.8259824], [-84.1545186, 33.8255033], [-84.1530827, 33.825383], [-84.1520862, 33.8253157], [-84.1502159, 33.8252178], [-84.1485836, 33.8251566], [-84.1465292, 33.8250873], [-84.1452504, 33.8250486], [-84.1437998, 33.8249874], [-84.1414681, 33.8248895], [-84.1393351, 33.824812], [-84.1376489, 33.8247488], [-84.136294, 33.8246897], [-84.1346569, 33.8246285], [-84.1333216, 33.8245877], [-84.1316698, 33.8245143], [-84.1300817, 33.8244674], [-84.1287244, 33.825073], [-84.127345, 33.8257031], [-84.1258256, 33.8263923], [-84.1246769, 33.8269897], [-84.1239782, 33.8272358]]}}, {"type": "Feature", "properties": {"power": "substation", "name": "", "voltage": "115000", "operator": "Georgia Power"}, "geometry": {"type": "Point", "coordinates": [-84.12405801999999, 33.82718846]}}, {"type": "Feature", "properties": {"power": "line", "name": "", "voltage": "115000", "operator": "Georgia Power"}, "geometry": {"type": "LineString", "coordinates": [[-84.1720434, 33.8237222], [-84.1734164, 33.825385], [-84.1745324, 33.826838], [-84.1749129, 33.8277833], [-84.1754069, 33.8292331], [-84.177218, 33.8291997], [-84.178323, 33.829306], [-84.178345, 33.8282513], [-84.1780523, 33.8271054], [-84.1787365, 33.826069], [-84.1792597, 33.8252513], [-84.1798269, 33.8242634], [-84.1796805, 33.8233333], [-84.1796805, 33.8223302], [-84.1798525, 33.8212815], [-84.1800281, 33.8203483], [-84.180233, 33.8193451], [-84.1804964, 33.8181626], [-84.1807818, 33.8174543], [-84.1811953, 33.8168707], [-84.182271, 33.8159556], [-84.1828747, 33.8164572], [-84.1836943, 33.8172142], [-84.1843895, 33.8179164], [-84.1850957, 33.8186156], [-84.1856994, 33.8192418], [-84.1863983, 33.8199683], [-84.1870715, 33.8206127], [-84.1879204, 33.8214517], [-84.1887912, 33.8222572], [-84.1897535, 33.823002], [-84.1908219, 33.8236555], [-84.1919782, 33.8241965], [-84.1931014, 33.824613], [-84.1943199, 33.8249717], [-84.1955639, 33.8252057], [-84.1959261, 33.8241692], [-84.1958164, 33.8235187], [-84.1963945, 33.823312], [-84.1968994, 33.8232998], [-84.1969289, 33.8237117], [-84.1969362, 33.8239972], [-84.1967834, 33.8244212]]}}, {"type": "Feature", "properties": {"power": "line", "name": "", "voltage": "230000", "operator": "Georgia Power"}, "geometry": {"type": "LineString", "coordinates": [[-84.196496, 33.8236359], [-84.1960721, 33.8237657], [-84.1961216, 33.8249224], [-84.1954619, 33.8255685], [-84.195142, 33.8258631], [-84.1943385, 33.8256046], [-84.1937408, 33.825398], [-84.1937001, 33.8264039], [-84.1937086, 33.8278158], [-84.1937151, 33.8291241], [-84.1922218, 33.8291259], [-84.190649, 33.8291259], [-84.1889688, 33.8290937], [-84.1889709, 33.8308429], [-84.1890203, 33.8323618], [-84.1877268, 33.8321547], [-84.1853225, 33.8315211], [-84.1840956, 33.8311106], [-84.1828924, 33.8306608], [-84.181904, 33.8302093], [-84.1808362, 33.8296702], [-84.1796995, 33.829183], [-84.1783652, 33.829506], [-84.1771921, 33.8293882], [-84.175471, 33.8294239], [-84.1756451, 33.8298577], [-84.176324, 33.8318067], [-84.1766463, 33.8327223], [-84.1775015, 33.8350443], [-84.1780021, 33.8362579], [-84.1786188, 33.837957], [-84.1790786, 33.8393151], [-84.1795921, 33.8407428], [-84.1801464, 33.8422758], [-84.1804752, 33.8435268], [-84.1808362, 33.8449027], [-84.1811241, 33.8460894], [-84.1813518, 33.8469264], [-84.1816462, 33.8476402], [-84.1818997, 33.8485895], [-84.1824584, 33.8496495], [-84.1830364, 33.8508825], [-84.1835757, 33.852087], [-84.1840806, 33.8530256], [-84.1844136, 33.853932], [-84.1849529, 33.8553006], [-84.1854514, 33.8566728], [-84.1860165, 33.8582447], [-84.1864742, 33.859524], [-84.1867814, 33.8603162], [-84.1869533, 33.8607962], [-84.1868201, 33.8614064]]}}, {"type": "Feature", "properties": {"power": "substation", "name": "", "voltage": "230000", "operator": "Georgia Power"}, "geometry": {"type": "Point", "coordinates": [-84.18698432, 33.8612346]}}, {"type": "Feature", "properties": {"power": "line", "name": "", "voltage": "230000", "operator": "Georgia Power"}, "geometry": {"type": "LineString", "coordinates": [[-84.1868201, 33.8614064], [-84.186814, 33.8613022], [-84.1868096, 33.8612285], [-84.1867984, 33.8611082]]}}, {"type": "Feature", "properties": {"power": "line", "name": "", "voltage": "", "operator": "Georgia Power"}, "geometry": {"type": "LineString", "coordinates": [[-84.1867984, 33.8611082], [-84.1867984, 33.8610254], [-84.1868444, 33.8610227], [-84.1868905, 33.86102], [-84.1869507, 33.8610145]]}}, {"type": "Feature", "properties": {"power": "line", "name": "", "voltage": "230000", "operator": "Georgia Power"}, "geometry": {"type": "LineString", "coordinates": [[-84.1870937, 33.8613628], [-84.1870861, 33.8612863], [-84.186814, 33.8613022]]}}, {"type": "Feature", "properties": {"power": "line", "name": "", "voltage": "230000", "operator": "Georgia Power"}, "geometry": {"type": "LineString", "coordinates": [[-84.1870937, 33.8613628], [-84.1873269, 33.8619407], [-84.1875909, 33.8627019], [-84.1880442, 33.8637842], [-84.1883282, 33.864498], [-84.1887721, 33.8657006], [-84.1891596, 33.8667641], [-84.1893288, 33.8673326], [-84.1903953, 33.8675122], [-84.1909784, 33.8676075], [-84.1913207, 33.8681291], [-84.191806, 33.8689787], [-84.1924605, 33.8696581], [-84.1930342, 33.870264], [-84.1932355, 33.8714072], [-84.1933521, 33.872252], [-84.1933483, 33.8728455], [-84.193337, 33.8738715], [-84.1931678, 33.8749256], [-84.1927257, 33.8758548], [-84.1931884, 33.8770947], [-84.1935853, 33.8780753], [-84.1939164, 33.8789217], [-84.1942925, 33.8798399], [-84.1947082, 33.8808752], [-84.1950938, 33.8818433], [-84.1954869, 33.882838], [-84.1959327, 33.8838327], [-84.1962129, 33.8845697], [-84.1964687, 33.8853176], [-84.1967358, 33.8860671], [-84.1977308, 33.8884186], [-84.1980506, 33.8892227], [-84.1985923, 33.8905732], [-84.1990136, 33.8916131], [-84.199497, 33.8928075], [-84.199954, 33.8939675], [-84.2002625, 33.894706], [-84.2005127, 33.8954866], [-84.2007892, 33.8961486], [-84.2014287, 33.8977051], [-84.2016243, 33.8981407], [-84.2018519, 33.8977161]]}}, {"type": "Feature", "properties": {"power": "line", "name": "", "voltage": "230000", "operator": "Georgia Power"}, "geometry": {"type": "LineString", "coordinates": [[-84.2020437, 33.8978051], [-84.2016581, 33.8982032], [-84.2018293, 33.8987246], [-84.2023661, 33.9000538], [-84.2027671, 33.9010428], [-84.2031148, 33.9018411], [-84.2034456, 33.9026579], [-84.203869, 33.9036539], [-84.2027923, 33.9044522], [-84.2032802, 33.9050781], [-84.2037653, 33.9056879], [-84.2039896, 33.9062603], [-84.2044242, 33.9072586], [-84.2049597, 33.9080801], [-84.2054084, 33.9088014], [-84.2059074, 33.9095182], [-84.2061121, 33.9105537], [-84.2070486, 33.9116334], [-84.2074916, 33.9129737], [-84.2079991, 33.91309], [-84.2083973, 33.9142511], [-84.2087394, 33.9154564], [-84.2090646, 33.9163732], [-84.2093646, 33.917383], [-84.209631, 33.9181113], [-84.2101581, 33.9195841], [-84.2104444, 33.9201931], [-84.210646, 33.9206218], [-84.2114086, 33.9220341], [-84.2113862, 33.9230299], [-84.2117647, 33.9250866], [-84.2119666, 33.9261662], [-84.2123227, 33.9268944], [-84.2128302, 33.9274876], [-84.2137274, 33.9287462], [-84.2146303, 33.9301747], [-84.2149774, 33.9306827], [-84.2151249, 33.9316055], [-84.2146083, 33.9316346]]}}, {"type": "Feature", "properties": {"power": "substation", "name": "", "voltage": "230000", "operator": "Georgia Power"}, "geometry": {"type": "Point", "coordinates": [-84.20195004, 33.89784267]}}, {"type": "Feature", "properties": {"power": "line", "name": "", "voltage": "115000", "operator": "Georgia Power"}, "geometry": {"type": "LineString", "coordinates": [[-84.1967672, 33.8240377], [-84.1967819, 33.8242949], [-84.1966812, 33.824298], [-84.1965708, 33.8243013], [-84.1964665, 33.8243044], [-84.196227, 33.8243116], [-84.1962241, 33.8242567], [-84.196219, 33.8241597]]}}, {"type": "Feature", "properties": {"power": "line", "name": "", "voltage": "115000", "operator": "Georgia Power"}, "geometry": {"type": "LineString", "coordinates": [[-84.1964665, 33.8243044], [-84.196464, 33.8242498], [-84.1964602, 33.8241647]]}}, {"type": "Feature", "properties": {"power": "line", "name": "", "voltage": "115000", "operator": "Georgia Power"}, "geometry": {"type": "LineString", "coordinates": [[-84.1964665, 33.8243044], [-84.1964723, 33.8244338]]}}, {"type": "Feature", "properties": {"power": "line", "name": "", "voltage": "115000", "operator": "Georgia Power"}, "geometry": {"type": "LineString", "coordinates": [[-84.1965708, 33.8243013], [-84.1965768, 33.8244286]]}}, {"type": "Feature", "properties": {"power": "line", "name": "", "voltage": "115000", "operator": "Georgia Power"}, "geometry": {"type": "LineString", "coordinates": [[-84.1966812, 33.824298], [-84.1966854, 33.8244235]]}}, {"type": "Feature", "properties": {"power": "line", "name": "", "voltage": "115000", "operator": "Georgia Power"}, "geometry": {"type": "LineString", "coordinates": [[-84.1967834, 33.8244212], [-84.1967819, 33.8242949]]}}, {"type": "Feature", "properties": {"power": "line", "name": "", "voltage": "230000", "operator": "Georgia Power"}, "geometry": {"type": "LineString", "coordinates": [[-84.196496, 33.8236359], [-84.1967437, 33.8236269], [-84.1967611, 33.8239308], [-84.1967672, 33.8240377]]}}, {"type": "Feature", "properties": {"power": "line", "name": "", "voltage": "115000", "operator": "Georgia Power"}, "geometry": {"type": "LineString", "coordinates": [[-84.1965768, 33.8244286], [-84.1967162, 33.8250783], [-84.1969595, 33.8259835], [-84.1964348, 33.8259835], [-84.1956809, 33.8259918], [-84.195691, 33.8265613], [-84.195695, 33.8271308], [-84.1960387, 33.829098], [-84.196288, 33.8296307], [-84.1966237, 33.8303755], [-84.1970861, 33.8310469], [-84.1978038, 33.8314493], [-84.1983205, 33.8320288], [-84.1989135, 33.8326617], [-84.1994362, 33.8333029], [-84.2001056, 33.8341262], [-84.2005097, 33.8345971], [-84.2007992, 33.8353485], [-84.2007931, 33.8360866], [-84.2009298, 33.8367361], [-84.2006826, 33.8374274], [-84.200757, 33.8381672], [-84.2007549, 33.8386531], [-84.200765, 33.8393176], [-84.200759, 33.8398269], [-84.200763, 33.8406401], [-84.2007509, 33.8413564], [-84.2016214, 33.8413247], [-84.2023913, 33.8413213], [-84.2032095, 33.841303], [-84.2044278, 33.8412262], [-84.2051857, 33.8412145], [-84.207009, 33.8412395], [-84.2080966, 33.8410241], [-84.2090234, 33.8407019], [-84.2097471, 33.8406601], [-84.2105552, 33.8406568], [-84.2117735, 33.8407703], [-84.2121896, 33.8413581], [-84.2125374, 33.8417505], [-84.2131103, 33.842395], [-84.2137758, 33.8429577], [-84.2148131, 33.8439311], [-84.2154503, 33.844407], [-84.2159891, 33.8450331], [-84.2163992, 33.8456392], [-84.2167711, 33.8463621], [-84.2169118, 33.8468513], [-84.2172295, 33.8474858], [-84.2176114, 33.848172], [-84.2181401, 33.84896], [-84.2181663, 33.8495694], [-84.2181904, 33.8501588], [-84.2187071, 33.8510453], [-84.218882, 33.8515829], [-84.2193918, 33.851536]]}}, {"type": "Feature", "properties": {"power": "substation", "name": "", "voltage": "115000", "operator": "Georgia Power"}, "geometry": {"type": "Point", "coordinates": [-84.2192741, 33.85157603333334]}}, {"type": "Feature", "properties": {"power": "line", "name": "", "voltage": "115000", "operator": "Georgia Power"}, "geometry": {"type": "LineString", "coordinates": [[-84.2193942, 33.8516089], [-84.2189177, 33.8517959], [-84.2186803, 33.8526218], [-84.2186969, 33.8531404], [-84.2185198, 33.8535081], [-84.2178327, 33.854063], [-84.2171622, 33.8545982], [-84.2175128, 33.8555168], [-84.2179024, 33.8563443], [-84.2180771, 33.856807], [-84.2179626, 33.8576569], [-84.2182376, 33.8585863], [-84.2187748, 33.8592627], [-84.2190522, 33.859796], [-84.2191632, 33.8605038], [-84.2191207, 33.8609351], [-84.2188669, 33.8617997], [-84.2186815, 33.8623653], [-84.2184419, 33.8631094], [-84.2182105, 33.8638201], [-84.2180334, 33.8644141], [-84.2179165, 33.8654169], [-84.217939, 33.8658962], [-84.217939, 33.8663138], [-84.2181644, 33.8667735], [-84.2179909, 33.8676587], [-84.2176568, 33.868485], [-84.2173798, 33.8691402], [-84.217357, 33.869227], [-84.2170241, 33.8700357], [-84.2168246, 33.8707718], [-84.2164916, 33.8713893], [-84.2166841, 33.8723205], [-84.2169945, 33.8728968], [-84.2178079, 33.8742798], [-84.2178858, 33.8747885], [-84.218181, 33.8752834], [-84.2182341, 33.8757892], [-84.2183049, 33.8765468], [-84.2184584, 33.8780787], [-84.218541, 33.8786756], [-84.2186969, 33.8792196], [-84.2186473, 33.8797988], [-84.2188586, 33.8804397], [-84.2190841, 33.8810954], [-84.2193095, 33.8817864], [-84.2195421, 33.8825126], [-84.2200863, 33.8841973], [-84.219463, 33.8848558], [-84.2188669, 33.8854164], [-84.2182471, 33.886022], [-84.21756, 33.8867022], [-84.2170158, 33.887347], [-84.2167325, 33.8878154], [-84.2164362, 33.8885779], [-84.2150313, 33.8893383], [-84.2139476, 33.8898616], [-84.2132145, 33.8902203], [-84.2126467, 33.8905701], [-84.2118404, 33.8910552], [-84.2111486, 33.8915609], [-84.2101145, 33.8920097], [-84.2096411, 33.8926094], [-84.209804, 33.8932777], [-84.2099433, 33.8938441], [-84.2101723, 33.8944144], [-84.210445, 33.8950847], [-84.2102632, 33.8957598], [-84.2098689, 33.8964046], [-84.2093814, 33.897015], [-84.2089599, 33.8975471], [-84.2085432, 33.8980576], [-84.2079718, 33.8986593], [-84.2074359, 33.8992374], [-84.2067465, 33.8996685], [-84.2063108, 33.9003681], [-84.2058504, 33.9011932], [-84.2055919, 33.902172], [-84.2056875, 33.9027168], [-84.205769, 33.9033429], [-84.2058811, 33.9041208], [-84.2059874, 33.9048988], [-84.2060936, 33.9057346], [-84.2061763, 33.9063048], [-84.206312, 33.907166], [-84.206469, 33.9080968], [-84.2067229, 33.9090785], [-84.2066461, 33.9099877], [-84.2069035, 33.9106343], [-84.207286, 33.9113946], [-84.2073863, 33.9119001], [-84.2076472, 33.912581], [-84.2080332, 33.9130747], [-84.2087203, 33.9139467], [-84.2088761, 33.9144326], [-84.2092728, 33.9156915], [-84.2094463, 33.9162881], [-84.2097178, 33.9170032], [-84.2100507, 33.9180368], [-84.2105796, 33.9180681], [-84.211426, 33.9181357], [-84.2118829, 33.918075], [-84.2117932, 33.9173784]]}}, {"type": "Feature", "properties": {"power": "line", "name": "", "voltage": "115000", "operator": "Georgia Power"}, "geometry": {"type": "LineString", "coordinates": [[-84.2119296, 33.917352], [-84.212037, 33.9179099], [-84.2144955, 33.9175813], [-84.2168818, 33.9172557], [-84.2197397, 33.9168687], [-84.2196323, 33.9161721]]}}, {"type": "Feature", "properties": {"power": "line", "name": "", "voltage": "115000", "operator": "Georgia Power"}, "geometry": {"type": "LineString", "coordinates": [[-84.2197854, 33.9161458], [-84.2199051, 33.9168453], [-84.2200001, 33.9172498], [-84.2215928, 33.9170278], [-84.2236061, 33.9155595], [-84.2252182, 33.9154452], [-84.2270439, 33.9150507], [-84.2290946, 33.9146047], [-84.2317057, 33.9140501], [-84.2338208, 33.9140654], [-84.2362743, 33.9143829]]}}, {"type": "Feature", "properties": {"power": "line", "name": "", "voltage": "115000", "operator": "Georgia Power"}, "geometry": {"type": "LineString", "coordinates": [[-84.2515694, 33.9015755], [-84.2511617, 33.9011342], [-84.2509436, 33.9006291], [-84.2509114, 33.9001259], [-84.2508678, 33.8995903], [-84.250877, 33.8990527], [-84.2506643, 33.8980453], [-84.2504848, 33.8966021], [-84.2503916, 33.8957812], [-84.2505711, 33.8946491], [-84.2505922, 33.8937245], [-84.2507224, 33.8928188], [-84.2505763, 33.8918736], [-84.2504479, 33.8912791], [-84.2497404, 33.8899483], [-84.2493691, 33.8888877], [-84.2488535, 33.8877526], [-84.2484487, 33.8867534], [-84.2481091, 33.8856913], [-84.2461311, 33.885627], [-84.2452142, 33.885627], [-84.2450427, 33.8849954]]}}, {"type": "Feature", "properties": {"power": "line", "name": "", "voltage": "115000", "operator": "Georgia Power"}, "geometry": {"type": "LineString", "coordinates": [[-84.2450427, 33.8849954], [-84.2450506, 33.8851154]]}}, {"type": "Feature", "properties": {"power": "line", "name": "", "voltage": "115000", "operator": "Georgia Power"}, "geometry": {"type": "LineString", "coordinates": [[-84.1966854, 33.8244235], [-84.1970767, 33.8259751], [-84.1981462, 33.8258382], [-84.1996158, 33.8256228], [-84.2008804, 33.8254038], [-84.2020631, 33.8249388], [-84.203258, 33.8241837], [-84.2042775, 33.823646], [-84.2051217, 33.8230993], [-84.206334, 33.8222982], [-84.2073913, 33.8215946], [-84.2084701, 33.820881], [-84.2093993, 33.8202547], [-84.2102948, 33.8196934], [-84.2114019, 33.8189887], [-84.2109461, 33.8183926], [-84.2119076, 33.8179344], [-84.2131146, 33.8175266], [-84.214447, 33.8172644], [-84.2162797, 33.8170291], [-84.2175123, 33.8171803], [-84.2188069, 33.8173193], [-84.2202687, 33.8174918], [-84.2216928, 33.8176498], [-84.2232221, 33.8178335], [-84.2246313, 33.8179814], [-84.2261174, 33.8181641], [-84.2271518, 33.818312], [-84.22812, 33.8184285], [-84.2296102, 33.8185091], [-84.2309655, 33.8184038], [-84.2321981, 33.8179904], [-84.2330693, 33.817568], [-84.2339094, 33.8171445], [-84.2347496, 33.8162235], [-84.2353133, 33.8153888], [-84.2358554, 33.8145787], [-84.2364717, 33.8136824], [-84.2366632, 33.8126213], [-84.2370111, 33.8114694], [-84.2374845, 33.8109002], [-84.237916, 33.810294], [-84.2373024, 33.8096341], [-84.2375842, 33.8097002]]}}, {"type": "Feature", "properties": {"power": "substation", "name": "", "voltage": "115000", "operator": "Georgia Power"}, "geometry": {"type": "Point", "coordinates": [-84.23784306, 33.80973057999999]}}, {"type": "Feature", "properties": {"power": "line", "name": "", "voltage": "115000", "operator": "Georgia Power"}, "geometry": {"type": "LineString", "coordinates": [[-84.2375842, 33.8097002], [-84.2376445, 33.8097303], [-84.2377366, 33.8097764]]}}, {"type": "Feature", "properties": {"power": "line", "name": "", "voltage": "115000", "operator": "Georgia Power"}, "geometry": {"type": "LineString", "coordinates": [[-84.2376445, 33.8097303], [-84.2376962, 33.8096554], [-84.2376476, 33.8096329]]}}, {"type": "Feature", "properties": {"power": "line", "name": "", "voltage": "115000", "operator": "Georgia Power"}, "geometry": {"type": "LineString", "coordinates": [[-84.2376962, 33.8096554], [-84.2378688, 33.809736]]}}, {"type": "Feature", "properties": {"power": "line", "name": "", "voltage": "115000", "operator": "Georgia Power"}, "geometry": {"type": "LineString", "coordinates": [[-84.2376962, 33.8096554], [-84.2377469, 33.8095749], [-84.2379152, 33.8096598]]}}, {"type": "Feature", "properties": {"power": "substation", "name": "", "voltage": "115000", "operator": "Georgia Power"}, "geometry": {"type": "Point", "coordinates": [-84.25953054, 33.851218419999995]}}, {"type": "Feature", "properties": {"power": "line", "name": "", "voltage": "115000", "operator": "Georgia Power"}, "geometry": {"type": "LineString", "coordinates": [[-84.2595374, 33.8512566], [-84.2599327, 33.8511537], [-84.2599169, 33.8507533], [-84.2605333, 33.8507597], [-84.2607351, 33.8506983], [-84.2612126, 33.8509375], [-84.2617688, 33.8514186], [-84.2620568, 33.8519367], [-84.262311, 33.8528886], [-84.2625051, 33.8535858], [-84.2626808, 33.8541935], [-84.263297, 33.8552068], [-84.2636713, 33.855469], [-84.2643907, 33.8556213], [-84.2651595, 33.8557082], [-84.2653751, 33.8564068], [-84.2656232, 33.8572716], [-84.2658928, 33.8581389], [-84.2661993, 33.8590881], [-84.2664936, 33.8599056], [-84.2672284, 33.8605439], [-84.2681111, 33.8612718], [-84.2690308, 33.8620522], [-84.2699089, 33.8628005], [-84.2709934, 33.8636026], [-84.2717622, 33.864072], [-84.2724554, 33.864475], [-84.2737772, 33.8652501], [-84.274797, 33.8657107], [-84.2756058, 33.8658565], [-84.2762851, 33.866679], [-84.2764238, 33.8672597], [-84.2788023, 33.8673377], [-84.2794648, 33.8682996], [-84.2800733, 33.8692053], [-84.2800548, 33.8701275], [-84.2800656, 33.870799], [-84.2800486, 33.8718415], [-84.2800363, 33.8725897], [-84.2800301, 33.8737588], [-84.2800147, 33.8747884], [-84.2800086, 33.8757592], [-84.2800147, 33.8770727], [-84.2800055, 33.8777532], [-84.2797991, 33.8779463], [-84.2787038, 33.878894], [-84.2777779, 33.879678], [-84.2771586, 33.8801973], [-84.2765486, 33.8807037], [-84.2760725, 33.8811117], [-84.2752453, 33.8817806], [-84.2743872, 33.8824904], [-84.2735106, 33.8832143], [-84.2727804, 33.8838397], [-84.2718423, 33.8846121], [-84.2698781, 33.8862376], [-84.2687319, 33.8872287], [-84.268165, 33.8877172], [-84.2666707, 33.8888784], [-84.2658773, 33.8896495], [-84.2641083, 33.8911078], [-84.2626661, 33.8922986]]}}, {"type": "Feature", "properties": {"power": "line", "name": "", "voltage": "115000", "operator": "Georgia Power"}, "geometry": {"type": "LineString", "coordinates": [[-84.2595374, 33.8512566], [-84.2594842, 33.8512574], [-84.2593193, 33.8512599]]}}, {"type": "Feature", "properties": {"power": "line", "name": "", "voltage": "115000", "operator": "Georgia Power"}, "geometry": {"type": "LineString", "coordinates": [[-84.2595407, 33.8511674], [-84.259481, 33.8511689], [-84.2593147, 33.8511729]]}}, {"type": "Feature", "properties": {"power": "substation", "name": "", "voltage": "115000", "operator": "Georgia Power"}, "geometry": {"type": "Point", "coordinates": [-84.25285656, 33.76623738]}}, {"type": "Feature", "properties": {"power": "line", "name": "", "voltage": "230000", "operator": "Georgia Power"}, "geometry": {"type": "LineString", "coordinates": [[-84.4989562, 33.7478235], [-84.498677, 33.7484733]]}}, {"type": "Feature", "properties": {"power": "line", "name": "", "voltage": "115000", "operator": "Georgia Power"}, "geometry": {"type": "LineString", "coordinates": [[-84.4989562, 33.7478235], [-84.498779, 33.7495808]]}}, {"type": "Feature", "properties": {"power": "line", "name": "", "voltage": "115000", "operator": "Georgia Power"}, "geometry": {"type": "LineString", "coordinates": [[-84.498779, 33.7495808], [-84.4984965, 33.7495181], [-84.4983654, 33.749489]]}}, {"type": "Feature", "properties": {"power": "line", "name": "", "voltage": "115000", "operator": "Georgia Power"}, "geometry": {"type": "LineString", "coordinates": [[-84.4984965, 33.7495181], [-84.4984475, 33.7496638], [-84.4984123, 33.7497688]]}}, {"type": "Feature", "properties": {"power": "line", "name": "", "voltage": "230000", "operator": "Georgia Power"}, "geometry": {"type": "LineString", "coordinates": [[-84.498677, 33.7484733], [-84.4986199, 33.7486246]]}}, {"type": "Feature", "properties": {"power": "substation", "name": "", "voltage": "230000", "operator": "Georgia Power"}, "geometry": {"type": "Point", "coordinates": [-84.54719912, 33.74746014]}}, {"type": "Feature", "properties": {"power": "line", "name": "", "voltage": "230000", "operator": "Georgia Power"}, "geometry": {"type": "LineString", "coordinates": [[-84.5507082, 33.7491525], [-84.5510928, 33.7500486], [-84.5519487, 33.7492597], [-84.5530835, 33.7484672], [-84.5541929, 33.7476027], [-84.5553636, 33.7467593], [-84.5564794, 33.7459405], [-84.5575465, 33.7454344], [-84.5590807, 33.7448792], [-84.5601922, 33.7444768], [-84.5616694, 33.743737], [-84.5628274, 33.7427389], [-84.5635501, 33.7415634], [-84.5641228, 33.7403122], [-84.5646553, 33.7390646], [-84.5651223, 33.7380137], [-84.56564, 33.7368363], [-84.566162, 33.7356325], [-84.566684, 33.7344867], [-84.5674785, 33.7332724], [-84.568514, 33.7321705], [-84.5695283, 33.731413], [-84.5706758, 33.7307663], [-84.572081, 33.7301108], [-84.5743992, 33.729051], [-84.5757791, 33.728413], [-84.5770344, 33.7278454], [-84.5785009, 33.727174], [-84.5797561, 33.7265958], [-84.5805845, 33.7262197], [-84.5820046, 33.7260492], [-84.5831563, 33.7251036], [-84.5835049, 33.7237239], [-84.5845193, 33.7227748], [-84.5853519, 33.7228785]]}}, {"type": "Feature", "properties": {"power": "substation", "name": "", "voltage": "230000", "operator": "Georgia Power"}, "geometry": {"type": "Point", "coordinates": [-84.5852553, 33.722801079999996]}}, {"type": "Feature", "properties": {"power": "line", "name": "", "voltage": "230000", "operator": "Georgia Power"}, "geometry": {"type": "LineString", "coordinates": [[-84.5853519, 33.7228785], [-84.5852529, 33.7228555], [-84.5851661, 33.7228354], [-84.5850793, 33.7228152]]}}, {"type": "Feature", "properties": {"power": "line", "name": "", "voltage": "230000", "operator": "Georgia Power"}, "geometry": {"type": "LineString", "coordinates": [[-84.5854385, 33.7226571], [-84.5853274, 33.7226362], [-84.5852529, 33.7228555]]}}, {"type": "Feature", "properties": {"power": "line", "name": "", "voltage": "230000", "operator": ""}, "geometry": {"type": "LineString", "coordinates": [[-84.6171497, 33.7268925], [-84.6175712, 33.7266814]]}}, {"type": "Feature", "properties": {"power": "substation", "name": "", "voltage": "230000", "operator": "Georgia Power"}, "geometry": {"type": "Point", "coordinates": [-84.61100191, 33.7237391]}}, {"type": "Feature", "properties": {"power": "line", "name": "", "voltage": "230000", "operator": "Georgia Power"}, "geometry": {"type": "LineString", "coordinates": [[-84.6108221, 33.7239606], [-84.6104048, 33.7241949], [-84.6090544, 33.7241658], [-84.6080354, 33.7249647], [-84.6071438, 33.7260787], [-84.6068839, 33.7273956], [-84.6068319, 33.7284198], [-84.606588, 33.7295438], [-84.605963, 33.7305852], [-84.6049497, 33.7315595], [-84.6033691, 33.7329715], [-84.6019036, 33.7341868], [-84.6009828, 33.7347902], [-84.5999674, 33.7353406], [-84.5985492, 33.7359764], [-84.5973365, 33.736414], [-84.5960478, 33.7367695], [-84.5946933, 33.736908], [-84.5929071, 33.7369165], [-84.5908127, 33.7369832], [-84.5897603, 33.7370311], [-84.5884654, 33.7375131], [-84.5874932, 33.7385506], [-84.5866073, 33.7397385], [-84.5858735, 33.7408324], [-84.5850329, 33.7419228], [-84.5839456, 33.7428646], [-84.5831542, 33.7439499], [-84.5826692, 33.7448027], [-84.5823197, 33.7459427], [-84.5820772, 33.7470741], [-84.5818511, 33.7479645], [-84.5816332, 33.748843], [-84.582293, 33.7496821], [-84.5832531, 33.7508773]]}}, {"type": "Feature", "properties": {"power": "line", "name": "", "voltage": "", "operator": ""}, "geometry": {"type": "LineString", "coordinates": [[-84.5832531, 33.7508773], [-84.5833876, 33.7510356], [-84.5834867, 33.7509803], [-84.5835299, 33.7509563], [-84.5836522, 33.7508881], [-84.5837977, 33.750807], [-84.5838224, 33.7507933], [-84.5840728, 33.7511207], [-84.5841153, 33.7512254], [-84.5841846, 33.7513184], [-84.5840511, 33.7513922], [-84.583835, 33.7515116], [-84.5836964, 33.7515882], [-84.5835534, 33.7514099], [-84.583511, 33.751357], [-84.5833467, 33.7511521]]}}, {"type": "Feature", "properties": {"power": "line", "name": "", "voltage": "", "operator": ""}, "geometry": {"type": "LineString", "coordinates": [[-84.583835, 33.7515116], [-84.5836915, 33.7513351], [-84.5836477, 33.7512812], [-84.5834853, 33.7510814]]}}, {"type": "Feature", "properties": {"power": "line", "name": "", "voltage": "", "operator": ""}, "geometry": {"type": "LineString", "coordinates": [[-84.5840511, 33.7513922], [-84.5839082, 33.751211], [-84.5838655, 33.751157], [-84.5836964, 33.7509426]]}}, {"type": "Feature", "properties": {"power": "line", "name": "", "voltage": "", "operator": ""}, "geometry": {"type": "LineString", "coordinates": [[-84.5838655, 33.751157], [-84.5836477, 33.7512812], [-84.583511, 33.751357]]}}, {"type": "Feature", "properties": {"power": "line", "name": "", "voltage": "", "operator": ""}, "geometry": {"type": "LineString", "coordinates": [[-84.5837977, 33.750807], [-84.5836522, 33.7506204]]}}, {"type": "Feature", "properties": {"power": "line", "name": "", "voltage": "", "operator": ""}, "geometry": {"type": "LineString", "coordinates": [[-84.5835299, 33.7509563], [-84.583375, 33.7507815]]}}, {"type": "Feature", "properties": {"power": "line", "name": "", "voltage": "", "operator": ""}, "geometry": {"type": "LineString", "coordinates": [[-84.5840511, 33.7513922], [-84.584109, 33.7514612]]}}, {"type": "Feature", "properties": {"power": "line", "name": "", "voltage": "", "operator": ""}, "geometry": {"type": "LineString", "coordinates": [[-84.583835, 33.7515116], [-84.5838964, 33.7515777]]}}, {"type": "Feature", "properties": {"power": "line", "name": "", "voltage": "230000", "operator": "Georgia Power"}, "geometry": {"type": "LineString", "coordinates": [[-84.5838964, 33.7515777], [-84.5842362, 33.7519948], [-84.5855126, 33.7533432], [-84.5862237, 33.7540302], [-84.5882625, 33.7535189], [-84.5896683, 33.7531664], [-84.5898034, 33.7540301], [-84.5899704, 33.7550979], [-84.5903844, 33.756407], [-84.5910513, 33.7576466], [-84.5921102, 33.7587359], [-84.5931856, 33.7599208], [-84.5941788, 33.7610022], [-84.5947892, 33.7618104], [-84.5961816, 33.7638599], [-84.5958913, 33.7641119], [-84.595559, 33.7638744]]}}, {"type": "Feature", "properties": {"power": "substation", "name": "", "voltage": "230000", "operator": "Georgia Power"}, "geometry": {"type": "Point", "coordinates": [-84.59359491428572, 33.76507592857143]}}, {"type": "Feature", "properties": {"power": "substation", "name": "", "voltage": "23470", "operator": "Georgia Power"}, "geometry": {"type": "Point", "coordinates": [-84.59444162, 33.764742739999996]}}, {"type": "Feature", "properties": {"power": "line", "name": "", "voltage": "115000", "operator": "Georgia Power"}, "geometry": {"type": "LineString", "coordinates": [[-84.5934623, 33.7652555], [-84.5938208, 33.7656538], [-84.5936353, 33.765886], [-84.594274, 33.7671236], [-84.5947295, 33.7679863], [-84.5954397, 33.7680091], [-84.5972689, 33.7670429], [-84.5983039, 33.7681357], [-84.5992681, 33.7681795], [-84.6009517, 33.7680702], [-84.6021914, 33.7680585], [-84.6033536, 33.7680624], [-84.6044713, 33.7681366], [-84.6057838, 33.7681698], [-84.6073757, 33.7682068], [-84.6101393, 33.7682342], [-84.6122595, 33.7682595], [-84.6139336, 33.7682478], [-84.6160844, 33.7682127], [-84.6187423, 33.7683005], [-84.619219, 33.7692257], [-84.6196416, 33.7700611], [-84.6201628, 33.7710721], [-84.6206958, 33.7720968], [-84.621783, 33.7716889], [-84.6226001, 33.7713668], [-84.6234453, 33.7710468], [-84.6242765, 33.7707267], [-84.625096, 33.7704202], [-84.62596, 33.7700845], [-84.6270894, 33.7698464], [-84.6282634, 33.7691164], [-84.6288396, 33.7687097], [-84.6296741, 33.7681937], [-84.6306915, 33.7682279], [-84.6315671, 33.7682176], [-84.6324859, 33.768233], [-84.6339, 33.7686551], [-84.6347941, 33.7686397], [-84.6356923, 33.7686346], [-84.6366748, 33.7686328], [-84.6382575, 33.7686243], [-84.640056, 33.7686619], [-84.6402122, 33.7692121], [-84.6402943, 33.7694583]]}}, {"type": "Feature", "properties": {"power": "substation", "name": "", "voltage": "115000;12470", "operator": "Georgia Power"}, "geometry": {"type": "Point", "coordinates": [-84.64054847999999, 33.76961274]}}, {"type": "Feature", "properties": {"power": "line", "name": "", "voltage": "115000", "operator": "Georgia Power"}, "geometry": {"type": "LineString", "coordinates": [[-84.6402943, 33.7694583], [-84.64031, 33.7695131], [-84.6403267, 33.7695712], [-84.6403434, 33.7696293], [-84.6403591, 33.7696838]]}}, {"type": "Feature", "properties": {"power": "line", "name": "", "voltage": "115000", "operator": "Georgia Power"}, "geometry": {"type": "LineString", "coordinates": [[-84.6404757, 33.7694769], [-84.6403998, 33.7694935], [-84.64031, 33.7695131]]}}, {"type": "Feature", "properties": {"power": "line", "name": "", "voltage": "115000", "operator": "Georgia Power"}, "geometry": {"type": "LineString", "coordinates": [[-84.6403434, 33.7696293], [-84.6404378, 33.7696112], [-84.6405122, 33.769597]]}}, {"type": "Feature", "properties": {"power": "line", "name": "", "voltage": "230000", "operator": "Georgia Power"}, "geometry": {"type": "LineString", "coordinates": [[-84.5936481, 33.7647774], [-84.5935287, 33.7648473]]}}, {"type": "Feature", "properties": {"power": "line", "name": "", "voltage": "115000", "operator": "Georgia Power"}, "geometry": {"type": "LineString", "coordinates": [[-84.5935411, 33.765211], [-84.5942736, 33.7653728], [-84.5953928, 33.7648582], [-84.5957311, 33.7651484], [-84.5962115, 33.7655987], [-84.5968556, 33.7662583], [-84.5973864, 33.7668476], [-84.5978146, 33.7673233], [-84.5983544, 33.7679066], [-84.5987934, 33.7683598], [-84.5995833, 33.7692213], [-84.6000637, 33.7698226], [-84.6005927, 33.7704299], [-84.6009346, 33.7708576], [-84.6014276, 33.7713123], [-84.6016543, 33.7715621], [-84.6018684, 33.7717909], [-84.6026043, 33.7726001], [-84.6031639, 33.7732701], [-84.6036461, 33.7740673], [-84.6042399, 33.7749288], [-84.6045817, 33.7755869], [-84.6050405, 33.7763855], [-84.6056235, 33.7774414], [-84.6061147, 33.7783148], [-84.6066329, 33.779254], [-84.6071079, 33.7800751], [-84.6076171, 33.7809933], [-84.6081605, 33.7817635], [-84.6085545, 33.7822495], [-84.6089972, 33.7827909], [-84.6079668, 33.7828957], [-84.6068107, 33.7828499], [-84.6053537, 33.7827557], [-84.6045142, 33.7827151], [-84.6035455, 33.782685], [-84.6024351, 33.7826496], [-84.6010144, 33.7826431], [-84.5998095, 33.7826431], [-84.5985305, 33.7825514], [-84.5964309, 33.7821233], [-84.5959096, 33.7820396], [-84.5948653, 33.7816926], [-84.5938856, 33.7821181], [-84.5925326, 33.7827413], [-84.5914631, 33.7832112], [-84.590274, 33.7839614], [-84.5895841, 33.7845046], [-84.5884374, 33.7854131], [-84.5878909, 33.7859459], [-84.587316, 33.7863374], [-84.5863048, 33.7867275], [-84.5854196, 33.7870076], [-84.5841469, 33.7874906], [-84.5831546, 33.7879946], [-84.5819576, 33.7885209], [-84.5810094, 33.7890471], [-84.5803415, 33.7890916], [-84.5794437, 33.7892657], [-84.5784766, 33.7897212], [-84.5769142, 33.7895314], [-84.5759581, 33.7894882], [-84.5757581, 33.7903509], [-84.5755848, 33.7915185], [-84.5754556, 33.7920421], [-84.5745941, 33.7928943], [-84.5742806, 33.7932058], [-84.573753, 33.7937215], [-84.5730568, 33.7943865], [-84.5725339, 33.7948734], [-84.5717211, 33.7956208], [-84.5710533, 33.796524], [-84.5705556, 33.7971679], [-84.5701209, 33.7975658], [-84.5697728, 33.7978368], [-84.5690152, 33.7984192], [-84.5686608, 33.7989507], [-84.5684245, 33.7995383], [-84.5680276, 33.8004833], [-84.5676417, 33.8014964], [-84.5672337, 33.8018053], [-84.5675976, 33.8025382], [-84.5680591, 33.8034308], [-84.5686718, 33.8045656], [-84.569694, 33.8058848], [-84.5706422, 33.8070234], [-84.5714959, 33.8078872], [-84.5716707, 33.809425], [-84.5719353, 33.8113946], [-84.5720929, 33.8127739], [-84.5723827, 33.8142606], [-84.5730993, 33.8156569], [-84.5745941, 33.8170597], [-84.5735088, 33.8171775], [-84.5724583, 33.817307], [-84.5716503, 33.8173986], [-84.570869, 33.8174902], [-84.5709446, 33.8179247], [-84.5709194, 33.8183552]]}}, {"type": "Feature", "properties": {"power": "substation", "name": "", "voltage": "230000", "operator": "Georgia Power"}, "geometry": {"type": "Point", "coordinates": [-84.59876019999999, 33.70528188]}}, {"type": "Feature", "properties": {"power": "line", "name": "", "voltage": "115000", "operator": "Georgia Power"}, "geometry": {"type": "LineString", "coordinates": [[-84.6173231, 33.6866644], [-84.6177161, 33.6867069], [-84.6186948, 33.6868113], [-84.6204571, 33.6868508], [-84.6241517, 33.687191], [-84.6266668, 33.6874021], [-84.6313596, 33.6878545], [-84.634602, 33.6881469], [-84.6377444, 33.6884305], [-84.6408203, 33.6887314], [-84.6439586, 33.6890116], [-84.6477702, 33.6893505], [-84.652143, 33.6897275], [-84.6550943, 33.6900145], [-84.6579748, 33.6902566], [-84.6594255, 33.6903708], [-84.6626635, 33.6906959], [-84.6656147, 33.6909483], [-84.6669324, 33.6910936], [-84.6697465, 33.6905679], [-84.6718123, 33.6910694], [-84.6751958, 33.6919029], [-84.6779746, 33.6925404], [-84.6779522, 33.6934429], [-84.6774503, 33.6945402], [-84.6769596, 33.6953708], [-84.6770404, 33.6965214]]}}, {"type": "Feature", "properties": {"power": "substation", "name": "", "voltage": "115000", "operator": "Georgia Power"}, "geometry": {"type": "Point", "coordinates": [-84.5508985, 33.68097128]}}, {"type": "Feature", "properties": {"power": "line", "name": "", "voltage": "115000", "operator": "Georgia Power"}, "geometry": {"type": "LineString", "coordinates": [[-84.5561381, 33.682836], [-84.551057, 33.681609], [-84.5510643, 33.6812024]]}}, {"type": "Feature", "properties": {"power": "line", "name": "", "voltage": "115000", "operator": "Georgia Power"}, "geometry": {"type": "LineString", "coordinates": [[-84.5508969, 33.6811972], [-84.5509042, 33.6815757], [-84.5500885, 33.6814647]]}}, {"type": "Feature", "properties": {"power": "line", "name": "", "voltage": "230000;115000", "operator": "Georgia Power"}, "geometry": {"type": "LineString", "coordinates": [[-84.5561381, 33.682836], [-84.5590229, 33.6834936], [-84.5619821, 33.684169], [-84.5638804, 33.684179], [-84.5675805, 33.6841888], [-84.5688687, 33.6842035], [-84.5733487, 33.6842311], [-84.5765089, 33.6842328], [-84.5799359, 33.6842623]]}}, {"type": "Feature", "properties": {"power": "line", "name": "", "voltage": "230000", "operator": "Georgia Power"}, "geometry": {"type": "LineString", "coordinates": [[-84.5500885, 33.6814647], [-84.5561381, 33.682836]]}}, {"type": "Feature", "properties": {"power": "line", "name": "", "voltage": "", "operator": ""}, "geometry": {"type": "LineString", "coordinates": [[-84.5510643, 33.6812024], [-84.5510616, 33.6811185], [-84.5508943, 33.6811161], [-84.5508969, 33.6811972]]}}, {"type": "Feature", "properties": {"power": "line", "name": "", "voltage": "115000", "operator": "Georgia Power"}, "geometry": {"type": "LineString", "coordinates": [[-84.5508943, 33.6811161], [-84.5508943, 33.6810222], [-84.5508943, 33.6809282]]}}, {"type": "Feature", "properties": {"power": "line", "name": "", "voltage": "115000", "operator": "Georgia Power"}, "geometry": {"type": "LineString", "coordinates": [[-84.5036373, 33.6737915], [-84.5026168, 33.6738969], [-84.5023747, 33.6739048], [-84.5018364, 33.673934], [-84.4995549, 33.6739694]]}}, {"type": "Feature", "properties": {"power": "line", "name": "", "voltage": "230000;115000", "operator": "Georgia Power"}, "geometry": {"type": "LineString", "coordinates": [[-84.4679507, 33.6754914], [-84.4713248, 33.6753406], [-84.4758933, 33.6751143], [-84.4798302, 33.6749308], [-84.484554, 33.6746973], [-84.4897915, 33.6744428], [-84.4927486, 33.6743031], [-84.494606, 33.6742118], [-84.4965226, 33.6741175], [-84.4995549, 33.6739694]]}}, {"type": "Feature", "properties": {"power": "line", "name": "", "voltage": "230000", "operator": "Georgia Power"}, "geometry": {"type": "LineString", "coordinates": [[-84.4995549, 33.6739694], [-84.5036373, 33.6737915]]}}, {"type": "Feature", "properties": {"power": "line", "name": "", "voltage": "115000", "operator": "Georgia Power"}, "geometry": {"type": "LineString", "coordinates": [[-84.5023747, 33.6739048], [-84.5032188, 33.6746205], [-84.5039836, 33.6753709], [-84.5045613, 33.676136], [-84.5049036, 33.676975], [-84.5057042, 33.6778187], [-84.5069481, 33.6790032], [-84.5074082, 33.6797892], [-84.5079899, 33.680801], [-84.5084127, 33.681587], [-84.508985, 33.6826112], [-84.5094283, 33.6832976], [-84.5099334, 33.683942], [-84.5103299, 33.6844525], [-84.5112371, 33.6855498], [-84.5114578, 33.685212]]}}, {"type": "Feature", "properties": {"power": "substation", "name": "", "voltage": "115000", "operator": "Georgia Power"}, "geometry": {"type": "Point", "coordinates": [-84.5115185375, 33.6853798]}}, {"type": "Feature", "properties": {"power": "substation", "name": "UPS Substation", "voltage": "115000", "operator": "Georgia Power"}, "geometry": {"type": "Point", "coordinates": [-84.50696898, 33.79176502]}}, {"type": "Feature", "properties": {"power": "line", "name": "", "voltage": "115000", "operator": "Georgia Power"}, "geometry": {"type": "LineString", "coordinates": [[-84.5049047, 33.7931904], [-84.505486, 33.7930729], [-84.5072913, 33.7924116], [-84.5069814, 33.7918966]]}}, {"type": "Feature", "properties": {"power": "line", "name": "", "voltage": "115000", "operator": "Georgia Power"}, "geometry": {"type": "LineString", "coordinates": [[-84.5071873, 33.7918351], [-84.5074812, 33.7923153], [-84.5086508, 33.7918933], [-84.5102744, 33.7926357], [-84.5124211, 33.7936473], [-84.513806, 33.795291], [-84.5150757, 33.7961185], [-84.5157111, 33.7961696], [-84.5175707, 33.7961226], [-84.5200138, 33.7961474], [-84.5235668, 33.7962256], [-84.5271757, 33.7962843], [-84.5294616, 33.7963139], [-84.5314757, 33.7963385], [-84.5332836, 33.7963472], [-84.5372171, 33.7964165], [-84.5403769, 33.7964618], [-84.5446632, 33.7964639], [-84.5460303, 33.7964856], [-84.5460694, 33.7950265], [-84.5461033, 33.7938233], [-84.5461268, 33.7931338], [-84.5471964, 33.7931506], [-84.549188, 33.7931959], [-84.5498417, 33.7932043], [-84.549903, 33.7927319], [-84.5500036, 33.7921094], [-84.5504065, 33.7918089]]}}, {"type": "Feature", "properties": {"power": "line", "name": "", "voltage": "115000", "operator": "Georgia Power"}, "geometry": {"type": "LineString", "coordinates": [[-84.5071434, 33.791747], [-84.5070272, 33.7917899], [-84.5069417, 33.7918215]]}}, {"type": "Feature", "properties": {"power": "line", "name": "", "voltage": "115000", "operator": "Georgia Power"}, "geometry": {"type": "LineString", "coordinates": [[-84.5069814, 33.7918966], [-84.5069417, 33.7918215], [-84.5069022, 33.7917468], [-84.5068739, 33.7916913]]}}, {"type": "Feature", "properties": {"power": "line", "name": "", "voltage": "115000", "operator": "Georgia Power"}, "geometry": {"type": "LineString", "coordinates": [[-84.5070739, 33.7916075], [-84.5071103, 33.7916807], [-84.5071434, 33.791747], [-84.5071873, 33.7918351]]}}, {"type": "Feature", "properties": {"power": "line", "name": "", "voltage": "115000", "operator": "Georgia Power"}, "geometry": {"type": "LineString", "coordinates": [[-84.550477, 33.7918879], [-84.5501752, 33.7921705], [-84.5508738, 33.7923259], [-84.5518231, 33.7907016], [-84.5527174, 33.7909309], [-84.5536974, 33.7911491], [-84.5550292, 33.7912829], [-84.5566883, 33.7915781], [-84.5580936, 33.7920494], [-84.5592207, 33.792589], [-84.5598315, 33.792954], [-84.5601202, 33.7931445], [-84.5606523, 33.794055], [-84.5620138, 33.7955326], [-84.5629571, 33.796622], [-84.5643239, 33.7981941], [-84.5655507, 33.7995946], [-84.566431, 33.8006475], [-84.5672337, 33.8018053]]}}, {"type": "Feature", "properties": {"power": "substation", "name": "", "voltage": "115000", "operator": "Georgia Power"}, "geometry": {"type": "Point", "coordinates": [-84.55053244000001, 33.7918368]}}, {"type": "Feature", "properties": {"power": "line", "name": "", "voltage": "115000", "operator": "Georgia Power"}, "geometry": {"type": "LineString", "coordinates": [[-84.5504065, 33.7918089], [-84.5505585, 33.7916566]]}}, {"type": "Feature", "properties": {"power": "line", "name": "", "voltage": "115000", "operator": "Georgia Power"}, "geometry": {"type": "LineString", "coordinates": [[-84.550477, 33.7918879], [-84.55065, 33.7917629]]}}, {"type": "Feature", "properties": {"power": "line", "name": "", "voltage": "", "operator": "Georgia Power"}, "geometry": {"type": "LineString", "coordinates": [[-84.55065, 33.7917629], [-84.5507111, 33.7917258], [-84.5506729, 33.7916776], [-84.550623, 33.7916146], [-84.5505585, 33.7916566]]}}, {"type": "Feature", "properties": {"power": "line", "name": "", "voltage": "115000", "operator": "Georgia Power"}, "geometry": {"type": "LineString", "coordinates": [[-84.4917454, 33.8162339], [-84.4916981, 33.8162698], [-84.4916515, 33.8163052]]}}, {"type": "Feature", "properties": {"power": "line", "name": "", "voltage": "115000", "operator": "Georgia Power"}, "geometry": {"type": "LineString", "coordinates": [[-84.4916981, 33.8162698], [-84.4917688, 33.8163265], [-84.4918394, 33.8163832], [-84.4919321, 33.8163042]]}}, {"type": "Feature", "properties": {"power": "line", "name": "", "voltage": "115000", "operator": "Georgia Power"}, "geometry": {"type": "LineString", "coordinates": [[-84.4993164, 33.80992], [-84.4999688, 33.811516], [-84.500861, 33.8137487], [-84.5054239, 33.8167421], [-84.5083093, 33.8186364], [-84.5115104, 33.8207475], [-84.5135844, 33.8221281], [-84.5153976, 33.8233072], [-84.5186665, 33.8254506], [-84.5214058, 33.8272278], [-84.5241112, 33.8289789], [-84.5274084, 33.8311223], [-84.5286571, 33.8319346], [-84.5317308, 33.8339111], [-84.5340752, 33.8354139], [-84.5359768, 33.8364325], [-84.5365566, 33.8367421], [-84.5377606, 33.8373691], [-84.5388946, 33.8379724], [-84.5416435, 33.839454], [-84.5442044, 33.8408377], [-84.5455486, 33.8415335], [-84.5488517, 33.8433166], [-84.5493881, 33.843594], [-84.5496958, 33.8437531], [-84.5521931, 33.8451315], [-84.5536934, 33.8459066], [-84.5546139, 33.8463987], [-84.5589714, 33.8483199], [-84.5613625, 33.8493843], [-84.5654614, 33.852485], [-84.5667246, 33.8533835], [-84.5688019, 33.8549304], [-84.5704944, 33.8560627], [-84.5717632, 33.856938], [-84.5731267, 33.8569657], [-84.5741333, 33.8585565], [-84.5757477, 33.859624], [-84.5758927, 33.8584014], [-84.5763221, 33.8584477]]}}, {"type": "Feature", "properties": {"power": "line", "name": "", "voltage": "115000", "operator": "Georgia Power"}, "geometry": {"type": "LineString", "coordinates": [[-84.5763054, 33.858538], [-84.5761242, 33.8585172], [-84.5759262, 33.8596101], [-84.5783502, 33.8596393], [-84.5803523, 33.8596485], [-84.5823822, 33.8596763], [-84.5842002, 33.8596972], [-84.5841807, 33.860922], [-84.5841695, 33.8615889], [-84.5840887, 33.8640177], [-84.5840301, 33.8659394], [-84.5839897, 33.8671689], [-84.5840215, 33.8681349], [-84.584029, 33.8708668], [-84.5840181, 33.8729385], [-84.5840181, 33.8744361], [-84.5856852, 33.8744483], [-84.5879699, 33.8744645], [-84.590611, 33.8744746], [-84.5951877, 33.8745111], [-84.5973675, 33.8745091], [-84.5973528, 33.8759763], [-84.5973309, 33.8769187], [-84.597326, 33.878852], [-84.5972918, 33.8808805], [-84.5972796, 33.8824023], [-84.5972674, 33.8837134], [-84.5973102, 33.8853407], [-84.5973392, 33.8864179], [-84.5978746, 33.8864225]]}}, {"type": "Feature", "properties": {"power": "substation", "name": "", "voltage": "115000", "operator": "Georgia Power"}, "geometry": {"type": "Point", "coordinates": [-84.57668094, 33.85858978]}}, {"type": "Feature", "properties": {"power": "line", "name": "", "voltage": "115000", "operator": "Georgia Power"}, "geometry": {"type": "LineString", "coordinates": [[-84.5763221, 33.8584477], [-84.5764143, 33.8584554], [-84.5764047, 33.8585475]]}}, {"type": "Feature", "properties": {"power": "line", "name": "", "voltage": "115000", "operator": "Georgia Power"}, "geometry": {"type": "LineString", "coordinates": [[-84.5763054, 33.858538], [-84.5764047, 33.8585475], [-84.5764606, 33.8585528], [-84.5765407, 33.8585604]]}}, {"type": "Feature", "properties": {"power": "line", "name": "", "voltage": "230000", "operator": ""}, "geometry": {"type": "LineString", "coordinates": [[-84.5984107, 33.8854759], [-84.5982273, 33.8854735], [-84.5981077, 33.885472], [-84.5979866, 33.8854704], [-84.5979845, 33.8856023], [-84.5979833, 33.8856797], [-84.5979669, 33.8857042], [-84.5979617, 33.8858667], [-84.5979588, 33.8859557]]}}, {"type": "Feature", "properties": {"power": "line", "name": "", "voltage": "230000", "operator": ""}, "geometry": {"type": "LineString", "coordinates": [[-84.5984155, 33.8856068], [-84.5982256, 33.8856048], [-84.5981028, 33.8856035], [-84.5979845, 33.8856023], [-84.5977934, 33.885605]]}}, {"type": "Feature", "properties": {"power": "line", "name": "", "voltage": "230000", "operator": ""}, "geometry": {"type": "LineString", "coordinates": [[-84.5982273, 33.8854735], [-84.5982256, 33.8856048]]}}, {"type": "Feature", "properties": {"power": "line", "name": "", "voltage": "230000", "operator": ""}, "geometry": {"type": "LineString", "coordinates": [[-84.5981077, 33.885472], [-84.5981028, 33.8856035], [-84.5980981, 33.8858667], [-84.5980963, 33.8859693]]}}, {"type": "Feature", "properties": {"power": "line", "name": "", "voltage": "115000", "operator": ""}, "geometry": {"type": "LineString", "coordinates": [[-84.5980963, 33.8859693], [-84.5980226, 33.886237], [-84.5979866, 33.8862969], [-84.5979837, 33.8864233], [-84.5979787, 33.8866461], [-84.5979768, 33.8867318], [-84.5983272, 33.8867359]]}}, {"type": "Feature", "properties": {"power": "line", "name": "", "voltage": "115000", "operator": ""}, "geometry": {"type": "LineString", "coordinates": [[-84.5979588, 33.8859557], [-84.5979489, 33.886218], [-84.5979866, 33.8862969]]}}, {"type": "Feature", "properties": {"power": "line", "name": "", "voltage": "115000", "operator": ""}, "geometry": {"type": "LineString", "coordinates": [[-84.5979837, 33.8864233], [-84.5983075, 33.8864287]]}}, {"type": "Feature", "properties": {"power": "line", "name": "", "voltage": "115000", "operator": ""}, "geometry": {"type": "LineString", "coordinates": [[-84.5979837, 33.8864233], [-84.5978746, 33.8864225]]}}, {"type": "Feature", "properties": {"power": "line", "name": "", "voltage": "115000", "operator": ""}, "geometry": {"type": "LineString", "coordinates": [[-84.5980713, 33.8865372], [-84.5978622, 33.8865334]]}}, {"type": "Feature", "properties": {"power": "line", "name": "", "voltage": "115000", "operator": ""}, "geometry": {"type": "LineString", "coordinates": [[-84.5983272, 33.8866503], [-84.5979787, 33.8866461]]}}, {"type": "Feature", "properties": {"power": "line", "name": "", "voltage": "230000", "operator": "Georgia Power"}, "geometry": {"type": "LineString", "coordinates": [[-84.5977934, 33.885605], [-84.5971231, 33.8855946], [-84.5971044, 33.8871903]]}}, {"type": "Feature", "properties": {"power": "line", "name": "", "voltage": "115000", "operator": "Georgia Power"}, "geometry": {"type": "LineString", "coordinates": [[-84.5978622, 33.8865334], [-84.5973105, 33.8865331], [-84.5973251, 33.8869931], [-84.5971044, 33.8871903]]}}, {"type": "Feature", "properties": {"power": "line", "name": "", "voltage": "230000;115000", "operator": "Georgia Power"}, "geometry": {"type": "LineString", "coordinates": [[-84.5971044, 33.8871903], [-84.5957689, 33.8881375], [-84.5940535, 33.8893402], [-84.5925239, 33.8903857], [-84.5906867, 33.8916348], [-84.5890323, 33.8927803], [-84.5873946, 33.8939007], [-84.5855188, 33.8951875], [-84.5840759, 33.8961856], [-84.5824518, 33.8973188], [-84.5807203, 33.8984918], [-84.5792145, 33.8995329], [-84.5780923, 33.9003259]]}}, {"type": "Feature", "properties": {"power": "line", "name": "", "voltage": "230000", "operator": "Georgia Power"}, "geometry": {"type": "LineString", "coordinates": [[-84.5780923, 33.9003259], [-84.5773515, 33.8995812], [-84.5764368, 33.9002123], [-84.575172, 33.8994958], [-84.5739087, 33.8989025], [-84.5724618, 33.8986244], [-84.5709777, 33.8986017], [-84.5702803, 33.8985935], [-84.5692031, 33.8985811], [-84.5692106, 33.8972421], [-84.5692379, 33.8962842], [-84.5692552, 33.8951367], [-84.5682228, 33.8951161], [-84.5670886, 33.8950914], [-84.5660983, 33.8948133], [-84.5651279, 33.8947947], [-84.56382, 33.8947721], [-84.5622514, 33.894735], [-84.5607797, 33.8947082], [-84.5591615, 33.8946897], [-84.5575483, 33.8946897], [-84.5561932, 33.8946917], [-84.5548356, 33.8946691], [-84.553416, 33.8946361], [-84.5521528, 33.8948771], [-84.5510731, 33.8948545], [-84.549244, 33.8948421], [-84.5478393, 33.8948092], [-84.5463849, 33.894768], [-84.5450571, 33.8947371], [-84.5434042, 33.8947082], [-84.5412499, 33.8946773], [-84.5400115, 33.8946835], [-84.5392247, 33.8943787], [-84.5378073, 33.8943838], [-84.5360866, 33.894364], [-84.5345397, 33.8943441], [-84.5331167, 33.8943189], [-84.5319109, 33.8943153], [-84.5306899, 33.8942954], [-84.5294299, 33.8942711], [-84.5280614, 33.8942434], [-84.5266828, 33.8942268], [-84.5254209, 33.8942199], [-84.5245749, 33.8942131], [-84.524049, 33.8942089], [-84.522196, 33.8941937], [-84.520626, 33.8942338], [-84.5192491, 33.8941812], [-84.5181403, 33.8947243], [-84.5169083, 33.8947174], [-84.5152451, 33.8947009], [-84.5139015, 33.8946746], [-84.5121068, 33.8946566], [-84.5104519, 33.8946373], [-84.5093014, 33.8946276], [-84.5082842, 33.8946331], [-84.5070405, 33.8946414], [-84.5059067, 33.8946456], [-84.5048512, 33.8946787], [-84.5037158, 33.8948142], [-84.5024871, 33.8950602], [-84.5012318, 33.8954139], [-84.5000464, 33.8958949], [-84.4992339, 33.8962846], [-84.4981217, 33.8968733], [-84.4967116, 33.8977342], [-84.4959374, 33.8982441], [-84.493863, 33.8996011], [-84.4927841, 33.9002575], [-84.4916304, 33.9008669], [-84.4904581, 33.9014532], [-84.4902365, 33.9011895], [-84.4895501, 33.9004613]]}}, {"type": "Feature", "properties": {"power": "line", "name": "", "voltage": "115000", "operator": "Georgia Power"}, "geometry": {"type": "LineString", "coordinates": [[-84.5780923, 33.9003259], [-84.5775819, 33.9006207], [-84.5775134, 33.9006872]]}}, {"type": "Feature", "properties": {"power": "line", "name": "", "voltage": "115000", "operator": "Georgia Power"}, "geometry": {"type": "LineString", "coordinates": [[-84.5775134, 33.9006872], [-84.5774658, 33.9007216], [-84.5773006, 33.9008408]]}}, {"type": "Feature", "properties": {"power": "line", "name": "", "voltage": "115000", "operator": "Georgia Power"}, "geometry": {"type": "LineString", "coordinates": [[-84.5774658, 33.9007216], [-84.5774048, 33.9006642], [-84.5773236, 33.9005878]]}}, {"type": "Feature", "properties": {"power": "substation", "name": "", "voltage": "12000", "operator": "Georgia Power"}, "geometry": {"type": "Point", "coordinates": [-84.57675352, 33.9003508]}}, {"type": "Feature", "properties": {"power": "substation", "name": "", "voltage": "115000", "operator": "Georgia Power"}, "geometry": {"type": "Point", "coordinates": [-84.5773421, 33.9006327]}}, {"type": "Feature", "properties": {"power": "line", "name": "", "voltage": "230000", "operator": "Georgia Power"}, "geometry": {"type": "LineString", "coordinates": [[-84.4895501, 33.9004613], [-84.4894656, 33.9003363], [-84.4893959, 33.9003671], [-84.4893086, 33.9004058], [-84.4892003, 33.9004536], [-84.4893315, 33.900652]]}}, {"type": "Feature", "properties": {"power": "line", "name": "", "voltage": "230000", "operator": "Georgia Power"}, "geometry": {"type": "LineString", "coordinates": [[-84.4894612, 33.9006194], [-84.4893086, 33.9004058]]}}, {"type": "Feature", "properties": {"power": "line", "name": "", "voltage": "230000", "operator": ""}, "geometry": {"type": "LineString", "coordinates": [[-84.4893959, 33.9003671], [-84.489322, 33.9002247]]}}, {"type": "Feature", "properties": {"power": "line", "name": "", "voltage": "115000", "operator": ""}, "geometry": {"type": "LineString", "coordinates": [[-84.4894612, 33.9006194], [-84.4895604, 33.9007747], [-84.4894718, 33.9008151], [-84.4894461, 33.9008268], [-84.4893792, 33.9008573], [-84.4892734, 33.9009055], [-84.4891975, 33.9009416]]}}, {"type": "Feature", "properties": {"power": "line", "name": "", "voltage": "115000", "operator": ""}, "geometry": {"type": "LineString", "coordinates": [[-84.4892151, 33.900819], [-84.4892734, 33.9009055], [-84.4893039, 33.9009525]]}}, {"type": "Feature", "properties": {"power": "line", "name": "", "voltage": "115000", "operator": ""}, "geometry": {"type": "LineString", "coordinates": [[-84.4891975, 33.9009416], [-84.4891305, 33.9008521]]}}, {"type": "Feature", "properties": {"power": "line", "name": "", "voltage": "115000", "operator": ""}, "geometry": {"type": "LineString", "coordinates": [[-84.4894718, 33.9008151], [-84.4895211, 33.9008848]]}}, {"type": "Feature", "properties": {"power": "line", "name": "", "voltage": "115000", "operator": ""}, "geometry": {"type": "LineString", "coordinates": [[-84.4893792, 33.9008573], [-84.4894394, 33.9009416], [-84.4895313, 33.9010928]]}}, {"type": "Feature", "properties": {"power": "line", "name": "", "voltage": "115000", "operator": ""}, "geometry": {"type": "LineString", "coordinates": [[-84.4895604, 33.9007747], [-84.4897149, 33.901007]]}}, {"type": "Feature", "properties": {"power": "line", "name": "", "voltage": "115000", "operator": ""}, "geometry": {"type": "LineString", "coordinates": [[-84.4893792, 33.9008573], [-84.4893152, 33.9007739]]}}, {"type": "Feature", "properties": {"power": "line", "name": "", "voltage": "115000", "operator": ""}, "geometry": {"type": "LineString", "coordinates": [[-84.4893315, 33.900652], [-84.4894461, 33.9008268]]}}, {"type": "Feature", "properties": {"power": "line", "name": "", "voltage": "115000", "operator": "Georgia Power"}, "geometry": {"type": "LineString", "coordinates": [[-84.4893152, 33.9007739], [-84.4889275, 33.9001968], [-84.4888114, 33.8993203]]}}, {"type": "Feature", "properties": {"power": "line", "name": "", "voltage": "230000", "operator": "Georgia Power"}, "geometry": {"type": "LineString", "coordinates": [[-84.4827222, 33.8940265], [-84.4816139, 33.8945609], [-84.4806954, 33.8952501], [-84.4797665, 33.8943313], [-84.4783742, 33.8935217], [-84.4766369, 33.8916222], [-84.4759097, 33.8908661], [-84.4743581, 33.8891811], [-84.4738313, 33.888668], [-84.4731752, 33.8879418], [-84.4725533, 33.8873576], [-84.4718819, 33.8866377], [-84.4723669, 33.8855262], [-84.4737318, 33.8846971], [-84.4747807, 33.8840323], [-84.4754683, 33.88359], [-84.4756215, 33.8827137], [-84.4752102, 33.8816951], [-84.4768221, 33.880934], [-84.4763008, 33.8795389]]}}, {"type": "Feature", "properties": {"power": "line", "name": "", "voltage": "230000", "operator": "Georgia Power"}, "geometry": {"type": "LineString", "coordinates": [[-84.4718819, 33.8866377], [-84.4707076, 33.8856047], [-84.4705494, 33.8854692], [-84.4702445, 33.8857064]]}}, {"type": "Feature", "properties": {"power": "line", "name": "", "voltage": "115000", "operator": "Georgia Power"}, "geometry": {"type": "LineString", "coordinates": [[-84.4763008, 33.8795389], [-84.4767351, 33.8808823], [-84.4758069, 33.8808864]]}}, {"type": "Feature", "properties": {"power": "line", "name": "", "voltage": "115000", "operator": "Georgia Power"}, "geometry": {"type": "LineString", "coordinates": [[-84.4757708, 33.8819108], [-84.4757969, 33.8817874], [-84.4768676, 33.8810469], [-84.477536, 33.8828305], [-84.4781707, 33.8844921], [-84.4784428, 33.8852046], [-84.4788055, 33.8860811], [-84.4793626, 33.887584], [-84.4798937, 33.8886756], [-84.4806775, 33.8901758], [-84.4812767, 33.8913049], [-84.4818402, 33.8923749], [-84.482122, 33.8929422], [-84.4827222, 33.8940265]]}}, {"type": "Feature", "properties": {"power": "line", "name": "", "voltage": "115000", "operator": "Georgia Power"}, "geometry": {"type": "LineString", "coordinates": [[-84.4756601, 33.8819086], [-84.4756462, 33.8817079], [-84.4756439, 33.8811929]]}}, {"type": "Feature", "properties": {"power": "line", "name": "", "voltage": "230000", "operator": "Georgia Power"}, "geometry": {"type": "LineString", "coordinates": [[-84.4758069, 33.8808864], [-84.4756105, 33.8808853], [-84.4756129, 33.8809986], [-84.4756139, 33.8810456], [-84.4756438, 33.8810705], [-84.4756438, 33.8811161], [-84.4755365, 33.8811181], [-84.4754291, 33.88112]]}}, {"type": "Feature", "properties": {"power": "line", "name": "", "voltage": "230000", "operator": "Georgia Power"}, "geometry": {"type": "LineString", "coordinates": [[-84.4756105, 33.8808853], [-84.4755339, 33.880886], [-84.4754208, 33.8808871]]}}, {"type": "Feature", "properties": {"power": "line", "name": "", "voltage": "230000", "operator": "Georgia Power"}, "geometry": {"type": "LineString", "coordinates": [[-84.4756438, 33.8811161], [-84.4756439, 33.8811929]]}}, {"type": "Feature", "properties": {"power": "line", "name": "", "voltage": "115000", "operator": ""}, "geometry": {"type": "LineString", "coordinates": [[-84.4757698, 33.8819676], [-84.4756615, 33.8819665]]}}, {"type": "Feature", "properties": {"power": "substation", "name": "", "voltage": "115000", "operator": "Georgia Power"}, "geometry": {"type": "Point", "coordinates": [-84.47565992, 33.881078880000004]}}, {"type": "Feature", "properties": {"power": "line", "name": "", "voltage": "230000;115000", "operator": "Georgia Power"}, "geometry": {"type": "LineString", "coordinates": [[-84.4763008, 33.8795389], [-84.475842, 33.878291], [-84.4752427, 33.8768504], [-84.4744879, 33.8749675], [-84.4737887, 33.8733487], [-84.4731708, 33.8720523], [-84.472331, 33.8702277], [-84.4718056, 33.8690296], [-84.4713506, 33.8680527], [-84.4709362, 33.8672509], [-84.4704068, 33.8660082]]}}, {"type": "Feature", "properties": {"power": "line", "name": "", "voltage": "230000", "operator": "Georgia Power"}, "geometry": {"type": "LineString", "coordinates": [[-84.4701223, 33.86444], [-84.4702339, 33.8644384], [-84.4702253, 33.8643152], [-84.4702168, 33.864192], [-84.4703376, 33.8641888], [-84.4704584, 33.8641855]]}}, {"type": "Feature", "properties": {"power": "line", "name": "", "voltage": "230000", "operator": "Georgia Power"}, "geometry": {"type": "LineString", "coordinates": [[-84.4702168, 33.864192], [-84.4701261, 33.8641925]]}}, {"type": "Feature", "properties": {"power": "line", "name": "", "voltage": "230000", "operator": "Georgia Power"}, "geometry": {"type": "LineString", "coordinates": [[-84.4704068, 33.8660082], [-84.4697966, 33.864611], [-84.4699027, 33.8644505], [-84.4701223, 33.86444]]}}, {"type": "Feature", "properties": {"power": "line", "name": "", "voltage": "115000", "operator": "Georgia Power"}, "geometry": {"type": "LineString", "coordinates": [[-84.4704068, 33.8660082], [-84.4697508, 33.86462], [-84.4695663, 33.864222], [-84.468992, 33.8628702]]}}, {"type": "Feature", "properties": {"power": "line", "name": "", "voltage": "230000", "operator": "Georgia Power"}, "geometry": {"type": "LineString", "coordinates": [[-84.4701261, 33.8641925], [-84.4696299, 33.8641736], [-84.468992, 33.8628702]]}}, {"type": "Feature", "properties": {"power": "line", "name": "", "voltage": "115000", "operator": "Georgia Power"}, "geometry": {"type": "LineString", "coordinates": [[-84.4709362, 33.8672509], [-84.4700691, 33.8671512], [-84.4688271, 33.8670549], [-84.466763, 33.8685772], [-84.4653477, 33.8696341], [-84.4646811, 33.8705546], [-84.4642271, 33.8711615], [-84.4615325, 33.8705295], [-84.4604411, 33.8698492], [-84.4598484, 33.869505], [-84.4578971, 33.8704217], [-84.4573301, 33.8705696], [-84.4562568, 33.8697975], [-84.455353, 33.8689442], [-84.4540398, 33.869879], [-84.4528435, 33.8707175], [-84.4529177, 33.8730025], [-84.4531535, 33.8746605], [-84.4534654, 33.8768996], [-84.4521474, 33.8784028], [-84.4534635, 33.8796154], [-84.4523015, 33.8817928], [-84.4513106, 33.8834838], [-84.4518108, 33.8841595], [-84.4531383, 33.8853563], [-84.4546469, 33.8867589], [-84.4562273, 33.887794]]}}, {"type": "Feature", "properties": {"power": "substation", "name": "", "voltage": "115000", "operator": "Georgia Power"}, "geometry": {"type": "Point", "coordinates": [-84.45648237, 33.88810027]}}, {"type": "Feature", "properties": {"power": "line", "name": "", "voltage": "115000", "operator": "Georgia Power"}, "geometry": {"type": "LineString", "coordinates": [[-84.4562273, 33.887794], [-84.456289, 33.8878451], [-84.4564007, 33.8879376], [-84.4564729, 33.8879974]]}}, {"type": "Feature", "properties": {"power": "line", "name": "", "voltage": "115000", "operator": "Georgia Power"}, "geometry": {"type": "LineString", "coordinates": [[-84.4561187, 33.8878801], [-84.4561758, 33.8879318], [-84.4562851, 33.8880311], [-84.4563519, 33.8880918]]}}, {"type": "Feature", "properties": {"power": "line", "name": "", "voltage": "115000", "operator": "Georgia Power"}, "geometry": {"type": "LineString", "coordinates": [[-84.456289, 33.8878451], [-84.4562324, 33.8878885], [-84.4561758, 33.8879318]]}}, {"type": "Feature", "properties": {"power": "line", "name": "", "voltage": "115000", "operator": "Georgia Power"}, "geometry": {"type": "LineString", "coordinates": [[-84.4561187, 33.8878801], [-84.4546469, 33.8867589], [-84.4531383, 33.8853563], [-84.4518108, 33.8841595], [-84.4511153, 33.8835133], [-84.4520016, 33.881695], [-84.4532624, 33.8796263], [-84.4519396, 33.8784126], [-84.4532847, 33.8768652], [-84.4530018, 33.8746645], [-84.452766, 33.8730222], [-84.4526692, 33.8706566], [-84.4539377, 33.8697561], [-84.4552637, 33.868826], [-84.454512, 33.8680007], [-84.4536862, 33.8670897], [-84.4525941, 33.8660045], [-84.4514836, 33.8649553], [-84.4501433, 33.8643041], [-84.4491111, 33.8641147], [-84.4476543, 33.8639958], [-84.4470839, 33.8639422], [-84.4462858, 33.8638673], [-84.44547, 33.8637912], [-84.4442849, 33.8636535], [-84.4435725, 33.8635707], [-84.4424904, 33.8634759], [-84.441597, 33.8633955], [-84.4406836, 33.8632986], [-84.4398224, 33.8632162], [-84.4382266, 33.8621981], [-84.437631, 33.8618498], [-84.4360287, 33.8621814], [-84.4355298, 33.8615388], [-84.434879, 33.8606777], [-84.4342064, 33.8597998], [-84.4335654, 33.8589966], [-84.4329843, 33.8582071], [-84.4324666, 33.8575214], [-84.432047, 33.8569794], [-84.4315825, 33.8563351], [-84.4313344, 33.8556978], [-84.4311713, 33.8549954], [-84.4309399, 33.8540857], [-84.4306535, 33.8530487], [-84.4304454, 33.8519066], [-84.4303122, 33.8511171], [-84.4304953, 33.8504783], [-84.4303588, 33.8495602], [-84.430179, 33.848891], [-84.4299093, 33.8480655], [-84.4294132, 33.8472248], [-84.4289254, 33.8467187], [-84.4293616, 33.846633]]}}, {"type": "Feature", "properties": {"power": "line", "name": "", "voltage": "115000", "operator": "Georgia Power"}, "geometry": {"type": "LineString", "coordinates": [[-84.4892151, 33.900819], [-84.4885737, 33.899902], [-84.4872805, 33.9007509], [-84.4857209, 33.9015087], [-84.4850575, 33.9008317], [-84.4842186, 33.8999192], [-84.4835138, 33.8991755], [-84.4827494, 33.8983165], [-84.4819055, 33.8974369], [-84.4809178, 33.898094], [-84.479791, 33.898848], [-84.4786965, 33.8995649], [-84.4775896, 33.900255], [-84.47719, 33.9008688], [-84.4762717, 33.9007761], [-84.4753385, 33.900805], [-84.4750442, 33.9008748], [-84.4746089, 33.900978], [-84.4738196, 33.9011737], [-84.4727351, 33.9018947], [-84.4722784, 33.9022346], [-84.4717746, 33.9027866], [-84.4713179, 33.903316], [-84.4697196, 33.9039587], [-84.4692778, 33.9044366], [-84.4693842, 33.9050403]]}}, {"type": "Feature", "properties": {"power": "line", "name": "", "voltage": "115000", "operator": "Georgia Power"}, "geometry": {"type": "LineString", "coordinates": [[-84.4691841, 33.9050623], [-84.4690707, 33.9044623], [-84.4680416, 33.9046693], [-84.4672609, 33.9048662], [-84.4658014, 33.9053518], [-84.4647583, 33.9056927], [-84.4643847, 33.9067721], [-84.4650618, 33.9075415], [-84.4652136, 33.9083225], [-84.465349, 33.9088941], [-84.4654471, 33.9094832], [-84.4654471, 33.9101247], [-84.4649591, 33.9111188], [-84.4649451, 33.9120799], [-84.4649567, 33.9129132], [-84.4650174, 33.9135992], [-84.4652393, 33.9143471], [-84.4654961, 33.914973], [-84.46576, 33.915626], [-84.4658697, 33.9159651], [-84.466227, 33.9170018], [-84.4664768, 33.9178563], [-84.467259, 33.9187535], [-84.4674528, 33.9195886], [-84.4675789, 33.9204218], [-84.4684219, 33.9204721], [-84.4692858, 33.9204993], [-84.4692741, 33.9207337], [-84.4689772, 33.9207218]]}}, {"type": "Feature", "properties": {"power": "line", "name": "", "voltage": "115000", "operator": "Georgia Power"}, "geometry": {"type": "LineString", "coordinates": [[-84.4689789, 33.9210039], [-84.4692634, 33.9210128], [-84.4692599, 33.9211524], [-84.4682652, 33.9211248], [-84.46746, 33.9211055], [-84.4677928, 33.922035], [-84.4682115, 33.9230194], [-84.4687572, 33.9241463], [-84.4700187, 33.9242369], [-84.4708436, 33.9241775], [-84.4720424, 33.9236222], [-84.4728977, 33.9230461], [-84.4738568, 33.9227744], [-84.4745278, 33.9226408], [-84.4757929, 33.9224715], [-84.4763905, 33.9226452], [-84.4768897, 33.9226289], [-84.4775607, 33.9223958], [-84.4796328, 33.922427], [-84.4809157, 33.9224492], [-84.481653, 33.9224671], [-84.4824349, 33.9225071], [-84.483224, 33.9225057], [-84.4839558, 33.922476], [-84.4847592, 33.9224492], [-84.4859169, 33.9224359], [-84.4867758, 33.922424], [-84.4876257, 33.9224166], [-84.4881697, 33.9224151], [-84.4888228, 33.9224062], [-84.4894759, 33.9223913], [-84.4901469, 33.922378], [-84.4908251, 33.922378], [-84.4914585, 33.9223661], [-84.4922655, 33.9223587], [-84.4929705, 33.9223587], [-84.4937023, 33.9223483], [-84.4937363, 33.922274], [-84.4938598, 33.9220023]]}}, {"type": "Feature", "properties": {"power": "line", "name": "", "voltage": "", "operator": "Georgia Power"}, "geometry": {"type": "LineString", "coordinates": [[-84.4689772, 33.9207218], [-84.4688555, 33.9207159], [-84.4688545, 33.920796], [-84.4688538, 33.920848], [-84.4688528, 33.9209222], [-84.4688519, 33.9209965], [-84.4687662, 33.9209947], [-84.4687195, 33.9209938]]}}, {"type": "Feature", "properties": {"power": "line", "name": "", "voltage": "", "operator": "Georgia Power"}, "geometry": {"type": "LineString", "coordinates": [[-84.4687213, 33.9208456], [-84.4686659, 33.9208446], [-84.4685531, 33.9208426], [-84.4684967, 33.9208416], [-84.4684404, 33.9208406]]}}, {"type": "Feature", "properties": {"power": "line", "name": "", "voltage": "", "operator": "Georgia Power"}, "geometry": {"type": "LineString", "coordinates": [[-84.4687265, 33.9207127], [-84.4686659, 33.9207111], [-84.4685656, 33.9207086], [-84.4685137, 33.9207073], [-84.4684654, 33.9207061], [-84.4684224, 33.9207051], [-84.4683795, 33.920704]]}}, {"type": "Feature", "properties": {"power": "line", "name": "", "voltage": "", "operator": "Georgia Power"}, "geometry": {"type": "LineString", "coordinates": [[-84.4686659, 33.9207111], [-84.4686659, 33.9208446]]}}, {"type": "Feature", "properties": {"power": "line", "name": "", "voltage": "", "operator": "Georgia Power"}, "geometry": {"type": "LineString", "coordinates": [[-84.4689789, 33.9210039], [-84.4688519, 33.9209965]]}}, {"type": "Feature", "properties": {"power": "line", "name": "", "voltage": "", "operator": "Georgia Power"}, "geometry": {"type": "LineString", "coordinates": [[-84.4688538, 33.920848], [-84.468766, 33.9208464], [-84.4687213, 33.9208456]]}}, {"type": "Feature", "properties": {"power": "line", "name": "", "voltage": "", "operator": "Georgia Power"}, "geometry": {"type": "LineString", "coordinates": [[-84.4688555, 33.9207159], [-84.468775, 33.9207139], [-84.4687265, 33.9207127]]}}, {"type": "Feature", "properties": {"power": "line", "name": "", "voltage": "", "operator": "Georgia Power"}, "geometry": {"type": "LineString", "coordinates": [[-84.4687195, 33.9209938], [-84.4685479, 33.9209902], [-84.4684922, 33.9209891]]}}, {"type": "Feature", "properties": {"power": "line", "name": "", "voltage": "115000", "operator": "Georgia Power"}, "geometry": {"type": "LineString", "coordinates": [[-84.5023207, 33.9248227], [-84.5023385, 33.9241349], [-84.5023533, 33.9235614]]}}, {"type": "Feature", "properties": {"power": "line", "name": "", "voltage": "115000", "operator": "Georgia Power"}, "geometry": {"type": "LineString", "coordinates": [[-84.5021018, 33.9235776], [-84.5021011, 33.9241291], [-84.5020999, 33.924996]]}}, {"type": "Feature", "properties": {"power": "line", "name": "", "voltage": "115000", "operator": "Georgia Power"}, "geometry": {"type": "LineString", "coordinates": [[-84.5098135, 33.9283858], [-84.5105758, 33.9293792], [-84.5110983, 33.9300512], [-84.5123398, 33.9316895], [-84.5132175, 33.9329235]]}}, {"type": "Feature", "properties": {"power": "line", "name": "", "voltage": "115000", "operator": "Georgia Power"}, "geometry": {"type": "LineString", "coordinates": [[-84.5140483, 33.9344993], [-84.5142796, 33.9343712], [-84.515289, 33.9356524], [-84.5165048, 33.9372273]]}}, {"type": "Feature", "properties": {"power": "line", "name": "", "voltage": "115000", "operator": "Georgia Power"}, "geometry": {"type": "LineString", "coordinates": [[-84.5132175, 33.9329235], [-84.5142313, 33.9342999], [-84.514011, 33.9344206]]}}, {"type": "Feature", "properties": {"power": "line", "name": "", "voltage": "115000", "operator": "Georgia Power"}, "geometry": {"type": "LineString", "coordinates": [[-84.5132175, 33.9329235], [-84.5143236, 33.9342673], [-84.5152093, 33.9352798], [-84.5153478, 33.9354671], [-84.5154761, 33.9356624], [-84.5165048, 33.9372273]]}}, {"type": "Feature", "properties": {"power": "line", "name": "", "voltage": "115000", "operator": "Georgia Power"}, "geometry": {"type": "LineString", "coordinates": [[-84.5140483, 33.9344993], [-84.514018, 33.9345098], [-84.5139788, 33.9344318], [-84.514011, 33.9344206]]}}, {"type": "Feature", "properties": {"power": "line", "name": "", "voltage": "115000", "operator": "Georgia Power"}, "geometry": {"type": "LineString", "coordinates": [[-84.5139788, 33.9344318], [-84.5138486, 33.9344756]]}}, {"type": "Feature", "properties": {"power": "line", "name": "", "voltage": "115000", "operator": "Georgia Power"}, "geometry": {"type": "LineString", "coordinates": [[-84.515289, 33.9356524], [-84.5155603, 33.9355163], [-84.5164568, 33.9350857], [-84.5182454, 33.9342283], [-84.518936, 33.9338943], [-84.520423, 33.9335068], [-84.5224771, 33.9331193], [-84.5239605, 33.9325403], [-84.5248283, 33.9322493], [-84.526063, 33.9318158], [-84.5272654, 33.9313868], [-84.5278723, 33.9311833]]}}, {"type": "Feature", "properties": {"power": "line", "name": "", "voltage": "115000", "operator": "Georgia Power"}, "geometry": {"type": "LineString", "coordinates": [[-84.5153478, 33.9354671], [-84.5159742, 33.9351642], [-84.5172052, 33.9345609], [-84.5183307, 33.9340071], [-84.519372, 33.9335187], [-84.5206979, 33.9332856], [-84.5224246, 33.9329931], [-84.5239134, 33.9324602], [-84.5254343, 33.9319183], [-84.5272218, 33.931271], [-84.5278249, 33.931078], [-84.5290613, 33.9306579], [-84.529616, 33.9307796]]}}, {"type": "Feature", "properties": {"power": "line", "name": "", "voltage": "115000", "operator": "Georgia Power"}, "geometry": {"type": "LineString", "coordinates": [[-84.5336726, 33.9572867], [-84.5340075, 33.957592]]}}, {"type": "Feature", "properties": {"power": "line", "name": "", "voltage": "115000", "operator": "Georgia Power"}, "geometry": {"type": "LineString", "coordinates": [[-84.5336726, 33.9572867], [-84.5337889, 33.9574573], [-84.5339162, 33.957644]]}}, {"type": "Feature", "properties": {"power": "line", "name": "", "voltage": "115000", "operator": "Georgia Power"}, "geometry": {"type": "LineString", "coordinates": [[-84.536367, 33.9615195], [-84.5361472, 33.9608605], [-84.5357811, 33.9605318], [-84.5355192, 33.9598805], [-84.53523, 33.959013], [-84.5342781, 33.9578936]]}}, {"type": "Feature", "properties": {"power": "line", "name": "", "voltage": "115000", "operator": "Georgia Power"}, "geometry": {"type": "LineString", "coordinates": [[-84.5362307, 33.9615572], [-84.5360992, 33.9608821], [-84.5357221, 33.9605375], [-84.5355192, 33.9598805], [-84.5351628, 33.9590443], [-84.5341893, 33.9579456]]}}, {"type": "Feature", "properties": {"power": "line", "name": "", "voltage": "115000", "operator": "Georgia Power"}, "geometry": {"type": "LineString", "coordinates": [[-84.5342781, 33.9578936], [-84.5341833, 33.9577879], [-84.5340075, 33.957592]]}}, {"type": "Feature", "properties": {"power": "line", "name": "", "voltage": "115000", "operator": "Georgia Power"}, "geometry": {"type": "LineString", "coordinates": [[-84.5341893, 33.9579456], [-84.5340932, 33.9578443], [-84.5339162, 33.957644]]}}, {"type": "Feature", "properties": {"power": "line", "name": "", "voltage": "115000", "operator": "Georgia Power"}, "geometry": {"type": "LineString", "coordinates": [[-84.5341833, 33.9577879], [-84.5340932, 33.9578443], [-84.5340218, 33.9578881], [-84.5338609, 33.9579867], [-84.5337648, 33.9580457]]}}, {"type": "Feature", "properties": {"power": "line", "name": "", "voltage": "46000", "operator": "Georgia Power"}, "geometry": {"type": "LineString", "coordinates": [[-84.5337648, 33.9580457], [-84.5335565, 33.9581652]]}}, {"type": "Feature", "properties": {"power": "line", "name": "", "voltage": "115000", "operator": "Georgia Power"}, "geometry": {"type": "LineString", "coordinates": [[-84.5340218, 33.9578881], [-84.5341392, 33.9580262], [-84.5340733, 33.958067], [-84.5340074, 33.9581078]]}}, {"type": "Feature", "properties": {"power": "line", "name": "", "voltage": "115000", "operator": "Georgia Power"}, "geometry": {"type": "LineString", "coordinates": [[-84.5365092, 33.9614916], [-84.5362797, 33.9610627], [-84.5362927, 33.9604722], [-84.5368262, 33.9604739], [-84.5385166, 33.9604891], [-84.5394671, 33.9607248], [-84.5399805, 33.9608179], [-84.5406004, 33.9609304], [-84.5415918, 33.9609088], [-84.5431179, 33.9608849], [-84.5442889, 33.9608838], [-84.5443506, 33.9602367], [-84.544363, 33.959734], [-84.5450444, 33.9590118], [-84.5462209, 33.9590482], [-84.5473878, 33.9590721], [-84.5485958, 33.9587946], [-84.5495831, 33.9588901]]}}, {"type": "Feature", "properties": {"power": "line", "name": "", "voltage": "115000", "operator": "Georgia Power"}, "geometry": {"type": "LineString", "coordinates": [[-84.5213491, 33.9031733], [-84.5224921, 33.9030309], [-84.5237003, 33.9029639], [-84.5246504, 33.9025941], [-84.5250993, 33.9032765], [-84.5255332, 33.9039448], [-84.5260044, 33.9046655], [-84.5274341, 33.9059141], [-84.5263856, 33.906645], [-84.5252852, 33.907435], [-84.5241365, 33.9081761], [-84.5239861, 33.9081701]]}}, {"type": "Feature", "properties": {"power": "line", "name": "", "voltage": "115000", "operator": "Georgia Power"}, "geometry": {"type": "LineString", "coordinates": [[-84.5213165, 33.9030771], [-84.5213192, 33.9031735]]}}, {"type": "Feature", "properties": {"power": "line", "name": "", "voltage": "115000", "operator": "Georgia Power"}, "geometry": {"type": "LineString", "coordinates": [[-84.5213509, 33.9030768], [-84.5213165, 33.9030771], [-84.521145, 33.9030788]]}}, {"type": "Feature", "properties": {"power": "line", "name": "", "voltage": "115000", "operator": "Georgia Power"}, "geometry": {"type": "LineString", "coordinates": [[-84.5211423, 33.9031744], [-84.5213192, 33.9031735], [-84.5213491, 33.9031733]]}}, {"type": "Feature", "properties": {"power": "line", "name": "", "voltage": "115000", "operator": "Georgia Power"}, "geometry": {"type": "LineString", "coordinates": [[-84.5239936, 33.9082492], [-84.5241582, 33.9082708], [-84.5252852, 33.907435], [-84.5264101, 33.9067017], [-84.5268682, 33.9063988], [-84.5273567, 33.907474], [-84.5282925, 33.908215], [-84.5295343, 33.9090199], [-84.5302214, 33.9095441], [-84.5311984, 33.9102925], [-84.5318586, 33.9107855], [-84.5324563, 33.9103697], [-84.5328606, 33.9101114], [-84.5336963, 33.9098129], [-84.5347323, 33.9094268], [-84.5354606, 33.909161], [-84.5361477, 33.9089724], [-84.5368795, 33.9089783], [-84.5379978, 33.9089991], [-84.5391072, 33.9090035], [-84.5400198, 33.9090719], [-84.5400037, 33.9100282], [-84.5400019, 33.9108019], [-84.540995, 33.9108702], [-84.5424354, 33.9108925], [-84.5435304, 33.9108984], [-84.5446559, 33.9109103], [-84.5455792, 33.910934], [-84.5452464, 33.9104366], [-84.5447669, 33.9096079], [-84.5442855, 33.9086813], [-84.543904, 33.9077764], [-84.543542, 33.9067567], [-84.5432008, 33.905916], [-84.5428458, 33.9050175], [-84.5424487, 33.9039138], [-84.5419819, 33.9027183], [-84.5416698, 33.9018814], [-84.5413124, 33.9009671], [-84.541067, 33.9002896], [-84.5408536, 33.8996918], [-84.5406002, 33.8990675], [-84.5403628, 33.8984564], [-84.5400347, 33.8975708], [-84.5400374, 33.8964439], [-84.5400374, 33.8957841], [-84.5400536, 33.8949371], [-84.5405173, 33.8950256]]}}, {"type": "Feature", "properties": {"power": "line", "name": "", "voltage": "115000", "operator": "Georgia Power"}, "geometry": {"type": "LineString", "coordinates": [[-84.5447669, 33.9096079], [-84.5449154, 33.9095485], [-84.5465222, 33.9093496], [-84.5479394, 33.908319], [-84.5499112, 33.9067879], [-84.5515932, 33.906871], [-84.5531785, 33.9069364], [-84.5554474, 33.9070463], [-84.557489, 33.9071413], [-84.5596004, 33.9072453], [-84.5615669, 33.9073418], [-84.5632395, 33.9074124], [-84.5652054, 33.907512], [-84.5674433, 33.9075961], [-84.5694545, 33.906228], [-84.5697319, 33.9060775], [-84.571271, 33.9050171], [-84.5723646, 33.9042533], [-84.5739837, 33.9031087], [-84.5752534, 33.902263], [-84.576315, 33.901559], [-84.5773006, 33.9008408]]}}, {"type": "Feature", "properties": {"power": "line", "name": "", "voltage": "115000", "operator": "Georgia Power"}, "geometry": {"type": "LineString", "coordinates": [[-84.5739837, 33.9031087], [-84.5747753, 33.9040862], [-84.5759943, 33.9054986], [-84.5759276, 33.9068579], [-84.575901, 33.9075441], [-84.5758956, 33.9081109], [-84.575973, 33.9085071], [-84.5763037, 33.9091225], [-84.5772095, 33.9093112], [-84.57793, 33.9092839]]}}, {"type": "Feature", "properties": {"power": "line", "name": "", "voltage": "115000", "operator": "Georgia Power"}, "geometry": {"type": "LineString", "coordinates": [[-84.5697319, 33.9060775], [-84.5703124, 33.9066811], [-84.5702462, 33.9078019], [-84.5692255, 33.9087023], [-84.5687288, 33.9092214], [-84.5673061, 33.9105615], [-84.5644567, 33.9132502], [-84.5633698, 33.9145439], [-84.5618601, 33.9163524], [-84.5613479, 33.9180767], [-84.5599716, 33.9193716], [-84.559022, 33.9196217], [-84.558088, 33.9198611]]}}, {"type": "Feature", "properties": {"power": "substation", "name": "", "voltage": "115000", "operator": "Georgia Power"}, "geometry": {"type": "Point", "coordinates": [-84.5579336, 33.91981244]}}, {"type": "Feature", "properties": {"power": "line", "name": "", "voltage": "115000", "operator": "Georgia Power"}, "geometry": {"type": "LineString", "coordinates": [[-84.558088, 33.9198611], [-84.5579285, 33.9199044], [-84.5578488, 33.919926]]}}, {"type": "Feature", "properties": {"power": "line", "name": "", "voltage": "115000", "operator": "Georgia Power"}, "geometry": {"type": "LineString", "coordinates": [[-84.5405173, 33.8950256], [-84.5405173, 33.8949371], [-84.5405173, 33.8948435], [-84.5403966, 33.8948435]]}}, {"type": "Feature", "properties": {"power": "line", "name": "", "voltage": "115000", "operator": "Georgia Power"}, "geometry": {"type": "LineString", "coordinates": [[-84.5405173, 33.8948435], [-84.5400115, 33.8946835], [-84.5389149, 33.8946459], [-84.5381689, 33.8943968], [-84.5380383, 33.8940269], [-84.5378898, 33.8936363], [-84.5375248, 33.8926872], [-84.5372922, 33.8920708], [-84.5368896, 33.8910237], [-84.5365084, 33.8899706], [-84.536147, 33.8890556], [-84.5356191, 33.8876385], [-84.5350269, 33.8860878], [-84.5346261, 33.8850153], [-84.5340606, 33.8835106], [-84.5334684, 33.8819731], [-84.5330443, 33.8808382], [-84.5322963, 33.8788654], [-84.5317309, 33.8773635], [-84.5312603, 33.8761424], [-84.5305356, 33.8742438], [-84.5297609, 33.8730984], [-84.5292885, 33.8725829], [-84.5283043, 33.8715815], [-84.5272182, 33.870439], [-84.5266832, 33.8698552], [-84.526082, 33.8692327], [-84.5253949, 33.8685195], [-84.5237093, 33.8667515], [-84.522752, 33.865762], [-84.5215788, 33.8644954], [-84.5206249, 33.8635096], [-84.5196725, 33.8624898], [-84.5185917, 33.8614038], [-84.5177161, 33.860492], [-84.5165946, 33.8593291], [-84.5154276, 33.8580583], [-84.5149468, 33.8584759]]}}, {"type": "Feature", "properties": {"power": "line", "name": "", "voltage": "115000", "operator": "Georgia Power"}, "geometry": {"type": "LineString", "coordinates": [[-84.5405173, 33.8949371], [-84.5403967, 33.8949355]]}}, {"type": "Feature", "properties": {"power": "line", "name": "", "voltage": "115000", "operator": "Georgia Power"}, "geometry": {"type": "LineString", "coordinates": [[-84.5403967, 33.8949355], [-84.5403283, 33.8949346]]}}, {"type": "Feature", "properties": {"power": "substation", "name": "", "voltage": "115000", "operator": "Georgia Power"}, "geometry": {"type": "Point", "coordinates": [-84.54045053333333, 33.8949249]}}, {"type": "Feature", "properties": {"power": "line", "name": "", "voltage": "115000", "operator": "Georgia Power"}, "geometry": {"type": "LineString", "coordinates": [[-84.5148262, 33.8583835], [-84.5153728, 33.8579829], [-84.5143115, 33.856937], [-84.5129031, 33.8554721], [-84.5121795, 33.8547048], [-84.5110022, 33.8534979], [-84.5097395, 33.8521724], [-84.5089454, 33.8513347], [-84.5079194, 33.8502484], [-84.5068966, 33.8491882], [-84.5063875, 33.848651], [-84.505927, 33.8481761], [-84.5055103, 33.8476597], [-84.505468, 33.84703], [-84.5044045, 33.846109], [-84.5035022, 33.8454104], [-84.5024857, 33.8446923], [-84.5013031, 33.8438076], [-84.5001721, 33.8429802], [-84.4994391, 33.8423701], [-84.498222, 33.8413436], [-84.4968233, 33.8401415], [-84.495542, 33.83902], [-84.4949311, 33.8383942], [-84.4944909, 33.8377515], [-84.4941714, 33.8370216], [-84.493996, 33.8363749], [-84.4937359, 33.8349971], [-84.4934869, 33.8336634], [-84.4932613, 33.8325419], [-84.4930452, 33.8313617], [-84.4927742, 33.8298862], [-84.4924813, 33.8289299], [-84.4921617, 33.8279865], [-84.491496, 33.8268779], [-84.4909071, 33.8261414], [-84.4903792, 33.8255662], [-84.4889476, 33.8243756], [-84.4879529, 33.8235259], [-84.4867343, 33.8225044], [-84.4860514, 33.8219331], [-84.4851397, 33.821151], [-84.4838459, 33.8216429], [-84.4819428, 33.8215831], [-84.4794867, 33.8215011], [-84.4776055, 33.8214529], [-84.4754408, 33.8213319], [-84.4752741, 33.8215322], [-84.4752023, 33.8216184], [-84.4751323, 33.8217025], [-84.4750367, 33.8218173], [-84.4745668, 33.8223469], [-84.4755379, 33.8232331]]}}, {"type": "Feature", "properties": {"power": "line", "name": "", "voltage": "230000", "operator": ""}, "geometry": {"type": "LineString", "coordinates": [[-84.4742915, 33.8262233], [-84.4743791, 33.8261597], [-84.4745143, 33.8260614], [-84.4747553, 33.8262979], [-84.4750521, 33.8265891]]}}, {"type": "Feature", "properties": {"power": "line", "name": "", "voltage": "230000", "operator": ""}, "geometry": {"type": "LineString", "coordinates": [[-84.4747553, 33.8262979], [-84.4746112, 33.8263917], [-84.4745056, 33.8264604]]}}, {"type": "Feature", "properties": {"power": "line", "name": "", "voltage": "230000", "operator": ""}, "geometry": {"type": "LineString", "coordinates": [[-84.4750521, 33.8265891], [-84.4749147, 33.8266802], [-84.4748014, 33.8267554]]}}, {"type": "Feature", "properties": {"power": "line", "name": "", "voltage": "230000", "operator": "Georgia Power"}, "geometry": {"type": "LineString", "coordinates": [[-84.4750521, 33.8265891], [-84.4767319, 33.8257515], [-84.4774577, 33.824498], [-84.4773045, 33.8231346], [-84.4768468, 33.8227268]]}}, {"type": "Feature", "properties": {"power": "line", "name": "", "voltage": "230000", "operator": "Georgia Power"}, "geometry": {"type": "LineString", "coordinates": [[-84.4780076, 33.82192], [-84.4778336, 33.8217596], [-84.4777135, 33.8218476], [-84.4774749, 33.8220225], [-84.4772927, 33.8221561], [-84.4767028, 33.8225885], [-84.4764207, 33.8227953], [-84.4762951, 33.8228873]]}}, {"type": "Feature", "properties": {"power": "line", "name": "", "voltage": "230000", "operator": "Georgia Power"}, "geometry": {"type": "LineString", "coordinates": [[-84.4777135, 33.8218476], [-84.4780094, 33.8221311], [-84.4778899, 33.822219], [-84.4774243, 33.8225614], [-84.4772846, 33.8226641], [-84.4771472, 33.8227652], [-84.476869, 33.8229698], [-84.4765203, 33.8232262]]}}, {"type": "Feature", "properties": {"power": "line", "name": "", "voltage": "115000", "operator": ""}, "geometry": {"type": "LineString", "coordinates": [[-84.4765203, 33.8232262], [-84.4763264, 33.8233688], [-84.4759679, 33.8230464], [-84.4758368, 33.8231373], [-84.475604, 33.8232986], [-84.4755236, 33.8233544], [-84.475391, 33.8234463], [-84.4751481, 33.8236146]]}}, {"type": "Feature", "properties": {"power": "line", "name": "", "voltage": "230000", "operator": ""}, "geometry": {"type": "LineString", "coordinates": [[-84.4774749, 33.8220225], [-84.4776125, 33.8221584]]}}, {"type": "Feature", "properties": {"power": "line", "name": "", "voltage": "230000", "operator": ""}, "geometry": {"type": "LineString", "coordinates": [[-84.4774554, 33.8223077], [-84.4772927, 33.8221561]]}}, {"type": "Feature", "properties": {"power": "line", "name": "", "voltage": "230000", "operator": "Georgia Power"}, "geometry": {"type": "LineString", "coordinates": [[-84.4778899, 33.822219], [-84.4777431, 33.8220762]]}}, {"type": "Feature", "properties": {"power": "line", "name": "", "voltage": "230000", "operator": "Georgia Power"}, "geometry": {"type": "LineString", "coordinates": [[-84.4774243, 33.8225614], [-84.4772839, 33.822449]]}}, {"type": "Feature", "properties": {"power": "line", "name": "", "voltage": "230000", "operator": "Georgia Power"}, "geometry": {"type": "LineString", "coordinates": [[-84.4772846, 33.8226641], [-84.4771339, 33.8225331]]}}, {"type": "Feature", "properties": {"power": "line", "name": "", "voltage": "230000", "operator": "Georgia Power"}, "geometry": {"type": "LineString", "coordinates": [[-84.4771472, 33.8227652], [-84.4769964, 33.82263]]}}, {"type": "Feature", "properties": {"power": "line", "name": "", "voltage": "230000", "operator": "Georgia Power"}, "geometry": {"type": "LineString", "coordinates": [[-84.4767028, 33.8225885], [-84.4768468, 33.8227268]]}}, {"type": "Feature", "properties": {"power": "line", "name": "", "voltage": "230000", "operator": "Georgia Power"}, "geometry": {"type": "LineString", "coordinates": [[-84.476869, 33.8229698], [-84.4767249, 33.822844]]}}, {"type": "Feature", "properties": {"power": "line", "name": "", "voltage": "230000", "operator": "Georgia Power"}, "geometry": {"type": "LineString", "coordinates": [[-84.4764207, 33.8227953], [-84.4765788, 33.8229264]]}}, {"type": "Feature", "properties": {"power": "line", "name": "", "voltage": "230000", "operator": "Georgia Power"}, "geometry": {"type": "LineString", "coordinates": [[-84.4776125, 33.8221584], [-84.4779646, 33.822474], [-84.479264, 33.821851]]}}, {"type": "Feature", "properties": {"power": "line", "name": "", "voltage": "230000", "operator": "Georgia Power"}, "geometry": {"type": "LineString", "coordinates": [[-84.479264, 33.821851], [-84.4780032, 33.8223036], [-84.4777431, 33.8220762]]}}, {"type": "Feature", "properties": {"power": "line", "name": "", "voltage": "115000", "operator": "Georgia Power"}, "geometry": {"type": "LineString", "coordinates": [[-84.472365, 33.825888], [-84.4713791, 33.8252174], [-84.47009, 33.826024], [-84.4709668, 33.8279533], [-84.4714634, 33.8288619], [-84.471084, 33.8296577], [-84.4708589, 33.8305786], [-84.4706878, 33.8315335], [-84.4694873, 33.832474]]}}, {"type": "Feature", "properties": {"power": "line", "name": "", "voltage": "230000", "operator": "Georgia Power"}, "geometry": {"type": "LineString", "coordinates": [[-84.4694873, 33.832474], [-84.4713369, 33.8311316], [-84.4744202, 33.8288878], [-84.4765686, 33.8277739], [-84.4783196, 33.8268459], [-84.4801641, 33.8258749], [-84.4799639, 33.8245102], [-84.4797484, 33.8230573], [-84.4793656, 33.8223291], [-84.478282, 33.8228227], [-84.4774554, 33.8223077]]}}, {"type": "Feature", "properties": {"power": "line", "name": "", "voltage": "115000", "operator": "Georgia Power"}, "geometry": {"type": "LineString", "coordinates": [[-84.4667565, 33.8361758], [-84.4667039, 33.8359453], [-84.4665752, 33.8351025], [-84.4662281, 33.8348021], [-84.4656067, 33.8342173], [-84.4639876, 33.8337334], [-84.4624292, 33.8330317], [-84.4614485, 33.8322534], [-84.4606329, 33.8311787], [-84.4602348, 33.8303761], [-84.4600409, 33.8298894], [-84.4599204, 33.8299206]]}}, {"type": "Feature", "properties": {"power": "line", "name": "", "voltage": "115000", "operator": "Georgia Power"}, "geometry": {"type": "LineString", "coordinates": [[-84.4598701, 33.8298282], [-84.4599912, 33.8297794], [-84.4598427, 33.829511], [-84.4594465, 33.8285994], [-84.4589918, 33.8276303], [-84.4587835, 33.8271608], [-84.4582565, 33.8260416], [-84.457789, 33.8250601], [-84.4573067, 33.8240698], [-84.4568009, 33.8228341], [-84.456121, 33.8222851], [-84.4549841, 33.8216089], [-84.4544092, 33.821332]]}}, {"type": "Feature", "properties": {"power": "line", "name": "", "voltage": "115000", "operator": "Georgia Power"}, "geometry": {"type": "LineString", "coordinates": [[-84.4598701, 33.8298282], [-84.459744, 33.8298619], [-84.4596703, 33.8298816]]}}, {"type": "Feature", "properties": {"power": "line", "name": "", "voltage": "115000", "operator": "Georgia Power"}, "geometry": {"type": "LineString", "coordinates": [[-84.4597138, 33.8299806], [-84.459786, 33.8299596], [-84.4599204, 33.8299206]]}}, {"type": "Feature", "properties": {"power": "line", "name": "", "voltage": "230000", "operator": "Georgia Power"}, "geometry": {"type": "LineString", "coordinates": [[-84.4693623, 33.8283894], [-84.471068, 33.828297], [-84.4720517, 33.8282632], [-84.4741115, 33.828176], [-84.4755666, 33.8273706], [-84.4769497, 33.8266016], [-84.4773413, 33.8257441], [-84.4778206, 33.8246822], [-84.4775747, 33.8228696], [-84.4771339, 33.8225331]]}}, {"type": "Feature", "properties": {"power": "line", "name": "", "voltage": "230000", "operator": "Georgia Power"}, "geometry": {"type": "LineString", "coordinates": [[-84.4769964, 33.82263], [-84.477476, 33.8230062], [-84.4776061, 33.824612], [-84.4772442, 33.8254318], [-84.4767258, 33.8264832], [-84.4752878, 33.8272574], [-84.4740394, 33.8279379], [-84.4717212, 33.828042], [-84.4709584, 33.8280758], [-84.4691696, 33.8281136], [-84.4678633, 33.8283946]]}}, {"type": "Feature", "properties": {"power": "line", "name": "", "voltage": "230000", "operator": "Georgia Power"}, "geometry": {"type": "LineString", "coordinates": [[-84.4693623, 33.8283894], [-84.4692523, 33.8283902], [-84.4689155, 33.8283924], [-84.4689148, 33.828516], [-84.468914, 33.8286396]]}}, {"type": "Feature", "properties": {"power": "line", "name": "", "voltage": "230000", "operator": "Georgia Power"}, "geometry": {"type": "LineString", "coordinates": [[-84.4692523, 33.8283902], [-84.4692531, 33.8285149], [-84.4692539, 33.8286396]]}}, {"type": "Feature", "properties": {"power": "line", "name": "", "voltage": "230000", "operator": "Georgia Power"}, "geometry": {"type": "LineString", "coordinates": [[-84.4678633, 33.8283946], [-84.4677617, 33.8283954], [-84.4674135, 33.8283979], [-84.4674128, 33.8285215], [-84.4674121, 33.828645]]}}, {"type": "Feature", "properties": {"power": "line", "name": "", "voltage": "230000", "operator": "Georgia Power"}, "geometry": {"type": "LineString", "coordinates": [[-84.4677617, 33.8283954], [-84.4677617, 33.8285179], [-84.4677617, 33.8286405]]}}, {"type": "Feature", "properties": {"power": "line", "name": "", "voltage": "115000", "operator": "Georgia Power"}, "geometry": {"type": "LineString", "coordinates": [[-84.4757846, 33.8230905], [-84.4759527, 33.8232021], [-84.4760139, 33.8228093], [-84.4747992, 33.8223266], [-84.4752599, 33.8218111], [-84.4755331, 33.8215027], [-84.4776043, 33.8216036], [-84.4787064, 33.8216424], [-84.4801237, 33.8216928], [-84.4822813, 33.8217782], [-84.4841858, 33.8218475]]}}, {"type": "Feature", "properties": {"power": "line", "name": "", "voltage": "115000", "operator": "Georgia Power"}, "geometry": {"type": "LineString", "coordinates": [[-84.4758368, 33.8231373], [-84.4757846, 33.8230905]]}}, {"type": "Feature", "properties": {"power": "line", "name": "", "voltage": "115000", "operator": "Georgia Power"}, "geometry": {"type": "LineString", "coordinates": [[-84.4755379, 33.8232331], [-84.475604, 33.8232986]]}}, {"type": "Feature", "properties": {"power": "line", "name": "", "voltage": "115000", "operator": "Georgia Power"}, "geometry": {"type": "LineString", "coordinates": [[-84.4754568, 33.8232974], [-84.4755236, 33.8233544]]}}, {"type": "Feature", "properties": {"power": "line", "name": "", "voltage": "115000", "operator": "Georgia Power"}, "geometry": {"type": "LineString", "coordinates": [[-84.4753401, 33.8234021], [-84.475391, 33.8234463]]}}, {"type": "Feature", "properties": {"power": "line", "name": "", "voltage": "115000", "operator": "Georgia Power"}, "geometry": {"type": "LineString", "coordinates": [[-84.4841858, 33.8218475], [-84.4841874, 33.8217701], [-84.4841893, 33.8216736], [-84.4843413, 33.8216796]]}}, {"type": "Feature", "properties": {"power": "line", "name": "", "voltage": "115000", "operator": "Georgia Power"}, "geometry": {"type": "LineString", "coordinates": [[-84.4843306, 33.8217731], [-84.4841874, 33.8217701]]}}, {"type": "Feature", "properties": {"power": "line", "name": "", "voltage": "115000", "operator": "Georgia Power"}, "geometry": {"type": "LineString", "coordinates": [[-84.614842, 33.5317867], [-84.6146494, 33.5315419], [-84.6133118, 33.5319708], [-84.6125486, 33.5322015], [-84.6115804, 33.5319488], [-84.6103033, 33.5316048], [-84.6085676, 33.531138], [-84.6070874, 33.530764], [-84.6058135, 33.5314219], [-84.6045756, 33.5320935], [-84.6034327, 33.532765], [-84.6032067, 33.5343783], [-84.6030167, 33.5359943], [-84.6028759, 33.5371435], [-84.6025976, 33.5393327], [-84.6024797, 33.5403372], [-84.6014907, 33.5413171], [-84.5993457, 33.5435416], [-84.5994321, 33.5444921], [-84.598422, 33.5453679], [-84.5974119, 33.5462436], [-84.5974459, 33.5464106], [-84.5980104, 33.5471622], [-84.59741, 33.5476619], [-84.5966888, 33.5482526], [-84.595316, 33.5493737], [-84.5925907, 33.5516241], [-84.5908189, 33.5531173], [-84.5891275, 33.5545206], [-84.5877272, 33.5556897], [-84.5862014, 33.5569633], [-84.5853005, 33.5577224], [-84.5842615, 33.5586049], [-84.5842841, 33.5592407], [-84.5842791, 33.5598053], [-84.5846505, 33.5600542], [-84.5841611, 33.5606815], [-84.5850119, 33.5612503], [-84.5851802, 33.5623268], [-84.5853423, 33.5626792]]}}, {"type": "Feature", "properties": {"power": "line", "name": "", "voltage": "115000", "operator": "Georgia Power"}, "geometry": {"type": "LineString", "coordinates": [[-84.5853423, 33.5626792], [-84.5852368, 33.5626176], [-84.5851662, 33.5625764], [-84.5850962, 33.5625355], [-84.585063, 33.5625754], [-84.5850299, 33.5626154]]}}, {"type": "Feature", "properties": {"power": "line", "name": "", "voltage": "115000", "operator": "Georgia Power"}, "geometry": {"type": "LineString", "coordinates": [[-84.5850962, 33.5625355], [-84.5851294, 33.562495], [-84.5851625, 33.5624545]]}}, {"type": "Feature", "properties": {"power": "substation", "name": "", "voltage": "115000", "operator": "Georgia Power"}, "geometry": {"type": "Point", "coordinates": [-84.5851941, 33.56270971428571]}}, {"type": "Feature", "properties": {"power": "line", "name": "", "voltage": "115000", "operator": "Georgia Power"}, "geometry": {"type": "LineString", "coordinates": [[-84.6163545, 33.5336067], [-84.6165523, 33.5337815], [-84.6167427, 33.5339045], [-84.618167, 33.5344433], [-84.6196878, 33.5355723], [-84.6213937, 33.536793], [-84.6214393, 33.5377142], [-84.6214205, 33.5390377], [-84.6214124, 33.5402024], [-84.6219221, 33.540692], [-84.6228126, 33.541555], [-84.6250093, 33.5436966], [-84.6267205, 33.5453621], [-84.6293223, 33.5479239], [-84.6305668, 33.5491042], [-84.6322459, 33.5518716], [-84.633477, 33.5538811], [-84.6346089, 33.5557229], [-84.6357971, 33.5576564], [-84.6371248, 33.5597887], [-84.6386, 33.5622182], [-84.6390024, 33.5622137], [-84.6398365, 33.5636062], [-84.6406197, 33.5649025], [-84.6416202, 33.566487], [-84.6432108, 33.5669497], [-84.6449649, 33.5674391], [-84.6456867, 33.5681306]]}}, {"type": "Feature", "properties": {"power": "substation", "name": "", "voltage": "115000", "operator": "Georgia Power"}, "geometry": {"type": "Point", "coordinates": [-84.64589246, 33.56821546]}}, {"type": "Feature", "properties": {"power": "line", "name": "", "voltage": "115000", "operator": ""}, "geometry": {"type": "LineString", "coordinates": [[-84.6456867, 33.5681306], [-84.6457737, 33.5682305], [-84.6458119, 33.5682744]]}}, {"type": "Feature", "properties": {"power": "substation", "name": "", "voltage": "12000", "operator": "Georgia Power"}, "geometry": {"type": "Point", "coordinates": [-84.64640756666667, 33.569029883333336]}}, {"type": "Feature", "properties": {"power": "line", "name": "", "voltage": "115000", "operator": ""}, "geometry": {"type": "LineString", "coordinates": [[-84.2716173, 33.7912157], [-84.2717119, 33.7914788], [-84.2708096, 33.7917044], [-84.2707645, 33.7923359], [-84.2707156, 33.7928333], [-84.2706532, 33.7936272], [-84.2701378, 33.7936012], [-84.2694417, 33.7935849], [-84.26853, 33.793573], [-84.2677141, 33.7935598], [-84.2664727, 33.7935232], [-84.2653775, 33.7935194], [-84.2644898, 33.7934942], [-84.2638749, 33.7934848], [-84.2631619, 33.79345]]}}, {"type": "Feature", "properties": {"power": "line", "name": "", "voltage": "230000", "operator": "Georgia Power"}, "geometry": {"type": "LineString", "coordinates": [[-84.0013508, 33.9856297], [-84.0024308, 33.987033], [-84.004801, 33.9864334], [-84.0078539, 33.9856427], [-84.0105414, 33.9849356], [-84.0134946, 33.9841619], [-84.0157507, 33.9835654], [-84.0185379, 33.9828353], [-84.0221171, 33.9819237], [-84.0249851, 33.98115], [-84.0278627, 33.9799508], [-84.0308134, 33.9792057], [-84.0329432, 33.9786422], [-84.0370569, 33.9775455], [-84.0415263, 33.9763731], [-84.0462785, 33.9751515], [-84.0499042, 33.9741984], [-84.0519765, 33.9736501], [-84.0529452, 33.9733641]]}}, {"type": "Feature", "properties": {"power": "substation", "name": "", "voltage": "230000", "operator": "Georgia Power"}, "geometry": {"type": "Point", "coordinates": [-84.05336489999999, 33.973443499999995]}}, {"type": "Feature", "properties": {"power": "line", "name": "", "voltage": "230000", "operator": "Georgia Power"}, "geometry": {"type": "LineString", "coordinates": [[-84.0534788, 33.9732144], [-84.0550369, 33.9727591], [-84.0557856, 33.9725404], [-84.0595716, 33.9714496], [-84.0622346, 33.9706844], [-84.0652088, 33.9698294], [-84.0679767, 33.9690091], [-84.0715449, 33.9679802], [-84.0751376, 33.966928], [-84.0794713, 33.9656962], [-84.0840006, 33.9645425], [-84.0858668, 33.9641165], [-84.0893862, 33.9623889], [-84.0925805, 33.9608439], [-84.0957747, 33.9592873], [-84.0955726, 33.9585587]]}}, {"type": "Feature", "properties": {"power": "line", "name": "", "voltage": "230000", "operator": ""}, "geometry": {"type": "LineString", "coordinates": [[-84.0529452, 33.9733641], [-84.0530848, 33.973325], [-84.0534788, 33.9732144]]}}, {"type": "Feature", "properties": {"power": "line", "name": "", "voltage": "", "operator": ""}, "geometry": {"type": "LineString", "coordinates": [[-84.0531467, 33.9734942], [-84.0531956, 33.9736279], [-84.0531402, 33.973645]]}}, {"type": "Feature", "properties": {"power": "line", "name": "", "voltage": "230000", "operator": ""}, "geometry": {"type": "LineString", "coordinates": [[-84.0530848, 33.973325], [-84.0531467, 33.9734942]]}}, {"type": "Feature", "properties": {"power": "line", "name": "", "voltage": "230000", "operator": "Georgia Power"}, "geometry": {"type": "LineString", "coordinates": [[-84.0957142, 33.9585025], [-84.095981, 33.9591886], [-84.0995109, 33.9575067], [-84.1018785, 33.9563631], [-84.1043378, 33.9552007], [-84.1075828, 33.9536489], [-84.1088871, 33.9530002], [-84.109803, 33.9525715], [-84.1112974, 33.9518628], [-84.1127811, 33.9511675], [-84.1147201, 33.951534], [-84.116493, 33.9518806], [-84.1174143, 33.9520694], [-84.1202638, 33.9526892], [-84.1219645, 33.953058], [-84.1234963, 33.9534423], [-84.1248622, 33.9537755], [-84.1257594, 33.9550529], [-84.1266083, 33.9562791], [-84.1271949, 33.955997], [-84.1288339, 33.9552284], [-84.1304488, 33.9544509], [-84.1320343, 33.9537356], [-84.1328993, 33.9532824], [-84.1346428, 33.9524537], [-84.1371067, 33.9512694], [-84.1382187, 33.950718], [-84.1397386, 33.9500623], [-84.1408725, 33.9497329], [-84.1422346, 33.949379], [-84.1437139, 33.949027], [-84.1445532, 33.9488247], [-84.1470008, 33.9482374], [-84.1488365, 33.9477706], [-84.1493171, 33.9476578]]}}, {"type": "Feature", "properties": {"power": "substation", "name": "", "voltage": "230000", "operator": "Georgia Power"}, "geometry": {"type": "Point", "coordinates": [-84.09532928, 33.95851696]}}, {"type": "Feature", "properties": {"power": "line", "name": "", "voltage": "230000", "operator": ""}, "geometry": {"type": "LineString", "coordinates": [[-84.0955726, 33.9585587], [-84.0955022, 33.958459], [-84.0954243, 33.9583484], [-84.0953256, 33.9582086], [-84.0951447, 33.9583054]]}}, {"type": "Feature", "properties": {"power": "line", "name": "", "voltage": "230000", "operator": ""}, "geometry": {"type": "LineString", "coordinates": [[-84.0957142, 33.9585025], [-84.0956364, 33.9583924], [-84.0955022, 33.958459], [-84.095316, 33.9585476]]}}, {"type": "Feature", "properties": {"power": "line", "name": "", "voltage": "230000", "operator": ""}, "geometry": {"type": "LineString", "coordinates": [[-84.0954243, 33.9583484], [-84.0952388, 33.9584338]]}}, {"type": "Feature", "properties": {"power": "line", "name": "", "voltage": "", "operator": ""}, "geometry": {"type": "LineString", "coordinates": [[-84.095316, 33.9585476], [-84.0952221, 33.9585923], [-84.0952551, 33.9586436]]}}, {"type": "Feature", "properties": {"power": "line", "name": "", "voltage": "", "operator": ""}, "geometry": {"type": "LineString", "coordinates": [[-84.0952388, 33.9584338], [-84.0950935, 33.9585006]]}}, {"type": "Feature", "properties": {"power": "line", "name": "", "voltage": "", "operator": ""}, "geometry": {"type": "LineString", "coordinates": [[-84.0951447, 33.9583054], [-84.0950134, 33.9583756], [-84.0950338, 33.9584074], [-84.0950542, 33.9584391], [-84.0950767, 33.9584743], [-84.0950935, 33.9585006], [-84.0951216, 33.9585443]]}}, {"type": "Feature", "properties": {"power": "line", "name": "", "voltage": "230000", "operator": ""}, "geometry": {"type": "LineString", "coordinates": [[-84.1493171, 33.9476578], [-84.1494506, 33.9476267], [-84.1496092, 33.9475897], [-84.1499123, 33.9475191], [-84.150018, 33.9474945]]}}, {"type": "Feature", "properties": {"power": "line", "name": "", "voltage": "230000", "operator": "Georgia Power"}, "geometry": {"type": "LineString", "coordinates": [[-84.150018, 33.9474945], [-84.1514786, 33.9471366], [-84.1548473, 33.9463024], [-84.1561061, 33.9459959], [-84.1591206, 33.9452771], [-84.160653, 33.9449063], [-84.162719, 33.9443993], [-84.1645615, 33.9439491], [-84.1681872, 33.9430638], [-84.1720159, 33.9420981], [-84.1758419, 33.9411684], [-84.1770868, 33.940863], [-84.1797009, 33.9403029], [-84.1828916, 33.9396105], [-84.1848797, 33.9391904], [-84.1868045, 33.93878], [-84.1886987, 33.9383812], [-84.1896928, 33.9381342], [-84.1923232, 33.9375916], [-84.1946934, 33.937082], [-84.1965807, 33.9366715], [-84.1983882, 33.9362572], [-84.2002474, 33.9358488], [-84.2020526, 33.9354695], [-84.2039938, 33.9350513], [-84.2057099, 33.9346817], [-84.2086005, 33.9340379], [-84.2106402, 33.9336041], [-84.2125544, 33.9341755], [-84.2138617, 33.9339184], [-84.2148817, 33.9337055]]}}, {"type": "Feature", "properties": {"power": "line", "name": "", "voltage": "230000", "operator": ""}, "geometry": {"type": "LineString", "coordinates": [[-84.1494506, 33.9476267], [-84.1495175, 33.9478275]]}}, {"type": "Feature", "properties": {"power": "line", "name": "", "voltage": "230000", "operator": ""}, "geometry": {"type": "LineString", "coordinates": [[-84.1499123, 33.9475191], [-84.1499852, 33.9477108]]}}, {"type": "Feature", "properties": {"power": "line", "name": "", "voltage": "230000", "operator": ""}, "geometry": {"type": "LineString", "coordinates": [[-84.149678, 33.9477843], [-84.1496092, 33.9475897]]}}, {"type": "Feature", "properties": {"power": "line", "name": "", "voltage": "230000", "operator": ""}, "geometry": {"type": "LineString", "coordinates": [[-84.2135578, 33.9332772], [-84.2141819, 33.9331023], [-84.2142165, 33.9332004], [-84.2142517, 33.9332998], [-84.2143871, 33.9332623], [-84.2145226, 33.9332249], [-84.2146765, 33.9336114], [-84.2150603, 33.9335041], [-84.2151145, 33.9336407], [-84.2151326, 33.9336864], [-84.2151744, 33.9337917], [-84.2152285, 33.9339281], [-84.2150168, 33.9339812]]}}, {"type": "Feature", "properties": {"power": "line", "name": "", "voltage": "230000", "operator": ""}, "geometry": {"type": "LineString", "coordinates": [[-84.2150603, 33.9335041], [-84.2150057, 33.9333669], [-84.2149485, 33.9332228], [-84.2145139, 33.9321288], [-84.21446, 33.9319933], [-84.2143892, 33.931815], [-84.2146455, 33.9317492]]}}, {"type": "Feature", "properties": {"power": "line", "name": "", "voltage": "230000", "operator": ""}, "geometry": {"type": "LineString", "coordinates": [[-84.2150057, 33.9333669], [-84.2147799, 33.9334286]]}}, {"type": "Feature", "properties": {"power": "line", "name": "", "voltage": "230000", "operator": ""}, "geometry": {"type": "LineString", "coordinates": [[-84.2147207, 33.9332835], [-84.2148393, 33.9332519], [-84.2149485, 33.9332228]]}}, {"type": "Feature", "properties": {"power": "line", "name": "", "voltage": "230000", "operator": ""}, "geometry": {"type": "LineString", "coordinates": [[-84.2148393, 33.9332519], [-84.2147855, 33.9331327], [-84.2147516, 33.9330466], [-84.2147174, 33.9329597], [-84.2145984, 33.9326572], [-84.2145565, 33.9325508], [-84.2143496, 33.932025], [-84.2142292, 33.931719], [-84.2141549, 33.9315302], [-84.2145087, 33.9314411]]}}, {"type": "Feature", "properties": {"power": "line", "name": "", "voltage": "230000", "operator": ""}, "geometry": {"type": "LineString", "coordinates": [[-84.2142292, 33.931719], [-84.2146083, 33.9316346]]}}, {"type": "Feature", "properties": {"power": "line", "name": "", "voltage": "230000", "operator": ""}, "geometry": {"type": "LineString", "coordinates": [[-84.2143496, 33.932025], [-84.21446, 33.9319933], [-84.2147474, 33.9319238]]}}, {"type": "Feature", "properties": {"power": "line", "name": "", "voltage": "230000", "operator": ""}, "geometry": {"type": "LineString", "coordinates": [[-84.2147833, 33.9320534], [-84.2145139, 33.9321288]]}}, {"type": "Feature", "properties": {"power": "line", "name": "", "voltage": "230000", "operator": ""}, "geometry": {"type": "LineString", "coordinates": [[-84.2138454, 33.9324567], [-84.2139467, 33.9327156], [-84.2144196, 33.9325878], [-84.2145565, 33.9325508]]}}, {"type": "Feature", "properties": {"power": "line", "name": "", "voltage": "230000", "operator": ""}, "geometry": {"type": "LineString", "coordinates": [[-84.2145984, 33.9326572], [-84.2144563, 33.932695], [-84.2141018, 33.9327892], [-84.2139619, 33.9328264], [-84.2140032, 33.9329326], [-84.214368, 33.9328332], [-84.2144479, 33.9330297], [-84.2143149, 33.933066], [-84.2141819, 33.9331023]]}}, {"type": "Feature", "properties": {"power": "line", "name": "", "voltage": "", "operator": ""}, "geometry": {"type": "LineString", "coordinates": [[-84.2144479, 33.9330297], [-84.2147174, 33.9329597]]}}, {"type": "Feature", "properties": {"power": "line", "name": "", "voltage": "230000", "operator": ""}, "geometry": {"type": "LineString", "coordinates": [[-84.2142165, 33.9332004], [-84.2143497, 33.9331621], [-84.2144829, 33.9331238], [-84.2147516, 33.9330466]]}}, {"type": "Feature", "properties": {"power": "line", "name": "", "voltage": "230000", "operator": ""}, "geometry": {"type": "LineString", "coordinates": [[-84.2144479, 33.9330297], [-84.2144829, 33.9331238], [-84.2145226, 33.9332249]]}}, {"type": "Feature", "properties": {"power": "line", "name": "", "voltage": "230000", "operator": ""}, "geometry": {"type": "LineString", "coordinates": [[-84.2151744, 33.9337917], [-84.2149372, 33.9338561]]}}, {"type": "Feature", "properties": {"power": "line", "name": "", "voltage": "115000", "operator": ""}, "geometry": {"type": "LineString", "coordinates": [[-84.215273, 33.9332966], [-84.2154357, 33.9332538], [-84.2154867, 33.9333821], [-84.2155646, 33.9335779], [-84.2156505, 33.933794]]}}, {"type": "Feature", "properties": {"power": "line", "name": "", "voltage": "230000", "operator": ""}, "geometry": {"type": "LineString", "coordinates": [[-84.2151326, 33.9336864], [-84.2154007, 33.9336191]]}}, {"type": "Feature", "properties": {"power": "line", "name": "", "voltage": "230000", "operator": ""}, "geometry": {"type": "LineString", "coordinates": [[-84.2150603, 33.9335041], [-84.21533, 33.9334269]]}}, {"type": "Feature", "properties": {"power": "line", "name": "", "voltage": "230000", "operator": ""}, "geometry": {"type": "LineString", "coordinates": [[-84.2150057, 33.9333669], [-84.215273, 33.9332966]]}}, {"type": "Feature", "properties": {"power": "line", "name": "", "voltage": "115000", "operator": ""}, "geometry": {"type": "LineString", "coordinates": [[-84.21533, 33.9334269], [-84.2154867, 33.9333821]]}}, {"type": "Feature", "properties": {"power": "line", "name": "", "voltage": "115000", "operator": ""}, "geometry": {"type": "LineString", "coordinates": [[-84.2154007, 33.9336191], [-84.2155646, 33.9335779]]}}, {"type": "Feature", "properties": {"power": "line", "name": "", "voltage": "115000", "operator": ""}, "geometry": {"type": "LineString", "coordinates": [[-84.2154357, 33.9332538], [-84.2154329, 33.9329739], [-84.2154072, 33.9329065], [-84.2153749, 33.9328221], [-84.215326, 33.9326942], [-84.2153082, 33.9326476], [-84.215293, 33.9326079], [-84.2152622, 33.9325274], [-84.2152288, 33.9324399], [-84.2151876, 33.932332], [-84.2151727, 33.932285], [-84.2150697, 33.9323176]]}}, {"type": "Feature", "properties": {"power": "line", "name": "", "voltage": "115000", "operator": ""}, "geometry": {"type": "LineString", "coordinates": [[-84.2154937, 33.932885], [-84.2154072, 33.9329065]]}}, {"type": "Feature", "properties": {"power": "line", "name": "", "voltage": "115000", "operator": ""}, "geometry": {"type": "LineString", "coordinates": [[-84.2153749, 33.9328221], [-84.2154573, 33.9327996]]}}, {"type": "Feature", "properties": {"power": "line", "name": "", "voltage": "115000", "operator": ""}, "geometry": {"type": "LineString", "coordinates": [[-84.215257, 33.9327165], [-84.215326, 33.9326942]]}}, {"type": "Feature", "properties": {"power": "line", "name": "", "voltage": "115000", "operator": ""}, "geometry": {"type": "LineString", "coordinates": [[-84.2153082, 33.9326476], [-84.2153903, 33.9326266]]}}, {"type": "Feature", "properties": {"power": "line", "name": "", "voltage": "115000", "operator": ""}, "geometry": {"type": "LineString", "coordinates": [[-84.2152622, 33.9325274], [-84.2153445, 33.9325076]]}}, {"type": "Feature", "properties": {"power": "line", "name": "", "voltage": "115000", "operator": ""}, "geometry": {"type": "LineString", "coordinates": [[-84.2152288, 33.9324399], [-84.2153047, 33.9324206]]}}, {"type": "Feature", "properties": {"power": "line", "name": "", "voltage": "115000", "operator": ""}, "geometry": {"type": "LineString", "coordinates": [[-84.2151876, 33.932332], [-84.2152746, 33.9323126]]}}, {"type": "Feature", "properties": {"power": "line", "name": "", "voltage": "230000", "operator": ""}, "geometry": {"type": "LineString", "coordinates": [[-84.2148817, 33.9337055], [-84.2151145, 33.9336407]]}}, {"type": "Feature", "properties": {"power": "line", "name": "", "voltage": "115000", "operator": "Georgia Power"}, "geometry": {"type": "LineString", "coordinates": [[-84.2162022, 33.9316847], [-84.2153445, 33.9325076]]}}, {"type": "Feature", "properties": {"power": "line", "name": "", "voltage": "115000", "operator": "Georgia Power"}, "geometry": {"type": "LineString", "coordinates": [[-84.2153903, 33.9326266], [-84.2162022, 33.9316847]]}}, {"type": "Feature", "properties": {"power": "line", "name": "", "voltage": "115000", "operator": ""}, "geometry": {"type": "LineString", "coordinates": [[-84.2706529, 33.8859011], [-84.2708494, 33.8860387], [-84.2709645, 33.8861269], [-84.2710738, 33.8862107], [-84.2711382, 33.8861567]]}}, {"type": "Feature", "properties": {"power": "line", "name": "", "voltage": "115000", "operator": ""}, "geometry": {"type": "LineString", "coordinates": [[-84.2709645, 33.8861269], [-84.2706959, 33.8863457]]}}, {"type": "Feature", "properties": {"power": "line", "name": "", "voltage": "", "operator": ""}, "geometry": {"type": "LineString", "coordinates": [[-84.2711382, 33.8861567], [-84.2712025, 33.8861026], [-84.2711604, 33.8860692], [-84.2711242, 33.8860405], [-84.271088, 33.8860118]]}}, {"type": "Feature", "properties": {"power": "line", "name": "", "voltage": "", "operator": ""}, "geometry": {"type": "LineString", "coordinates": [[-84.2706959, 33.8863457], [-84.2706371, 33.8863935], [-84.2707492, 33.8864801]]}}, {"type": "Feature", "properties": {"power": "line", "name": "", "voltage": "46000", "operator": ""}, "geometry": {"type": "LineString", "coordinates": [[-84.2707492, 33.8864801], [-84.2703245, 33.8868735], [-84.2707229, 33.8872824], [-84.2712389, 33.8878293], [-84.2717651, 33.8883847], [-84.2722189, 33.8888493], [-84.2729266, 33.8896], [-84.2734123, 33.8901693], [-84.2734947, 33.891707], [-84.273525, 33.8924618], [-84.2735351, 33.8933157], [-84.2735939, 33.8939115], [-84.2736616, 33.8941648], [-84.2738134, 33.8947188], [-84.2739303, 33.8951314], [-84.2741258, 33.8958259], [-84.2741444, 33.8961659], [-84.2741706, 33.8966347], [-84.2741816, 33.8971207], [-84.2742089, 33.89773], [-84.2742296, 33.898283], [-84.2742362, 33.8985859], [-84.2742438, 33.8989368], [-84.2742493, 33.8992758], [-84.2742449, 33.8996612], [-84.2742777, 33.9003013], [-84.2743028, 33.9008353], [-84.2743126, 33.9011481], [-84.2743236, 33.9017011], [-84.2746818, 33.9020466], [-84.2752957, 33.9015787], [-84.2758714, 33.9011263], [-84.2762046, 33.9008634], [-84.277014, 33.9003611], [-84.2775525, 33.9010647], [-84.278174, 33.901761], [-84.2784053, 33.9020925], [-84.2786971, 33.902627], [-84.2790358, 33.9030962]]}}, {"type": "Feature", "properties": {"power": "line", "name": "", "voltage": "46000", "operator": ""}, "geometry": {"type": "LineString", "coordinates": [[-84.2706371, 33.8863935], [-84.2701482, 33.8867008], [-84.270068, 33.886628], [-84.2694426, 33.8871557], [-84.2685118, 33.8879293], [-84.2677813, 33.8885897], [-84.2672292, 33.889006], [-84.2663066, 33.8897755], [-84.2655018, 33.8904473], [-84.2650118, 33.890843], [-84.2640589, 33.8912347], [-84.2626661, 33.8922986]]}}, {"type": "Feature", "properties": {"power": "line", "name": "", "voltage": "115000", "operator": "Georgia Power"}, "geometry": {"type": "LineString", "coordinates": [[-84.2831086, 33.9001881], [-84.2824374, 33.899671], [-84.2830103, 33.8989557], [-84.2839738, 33.8975423], [-84.2845426, 33.8967432], [-84.2850466, 33.8958545], [-84.2855765, 33.8949485], [-84.2859646, 33.8942846], [-84.2865994, 33.8926186], [-84.2863268, 33.8918624], [-84.2857236, 33.8899142], [-84.2855152, 33.8893278], [-84.2853391, 33.8884841], [-84.2849625, 33.8864144], [-84.2843242, 33.8850396], [-84.2832691, 33.8841674], [-84.2825738, 33.8835756], [-84.2822019, 33.8833443], [-84.282044, 33.8832462], [-84.2820253, 33.8832345], [-84.2820017, 33.8832198], [-84.2819535, 33.8831898], [-84.2818916, 33.8831513], [-84.2809681, 33.8827543], [-84.2799898, 33.8824757], [-84.2782921, 33.8819567], [-84.2763452, 33.8812882]]}}, {"type": "Feature", "properties": {"power": "line", "name": "", "voltage": "115000", "operator": "Georgia Power"}, "geometry": {"type": "LineString", "coordinates": [[-84.3033341, 33.8586696], [-84.303619, 33.8585095]]}}, {"type": "Feature", "properties": {"power": "line", "name": "", "voltage": "115000", "operator": "Georgia Power"}, "geometry": {"type": "LineString", "coordinates": [[-84.3033341, 33.8586696], [-84.3035381, 33.8584447]]}}, {"type": "Feature", "properties": {"power": "line", "name": "", "voltage": "", "operator": ""}, "geometry": {"type": "LineString", "coordinates": [[-84.3035381, 33.8584447], [-84.3035722, 33.8584132], [-84.3036144, 33.8583743]]}}, {"type": "Feature", "properties": {"power": "line", "name": "", "voltage": "", "operator": ""}, "geometry": {"type": "LineString", "coordinates": [[-84.3036965, 33.8584466], [-84.3036599, 33.8584763], [-84.303619, 33.8585095]]}}, {"type": "Feature", "properties": {"power": "line", "name": "", "voltage": "115000", "operator": ""}, "geometry": {"type": "LineString", "coordinates": [[-84.3036599, 33.8584763], [-84.3035722, 33.8584132], [-84.303443, 33.8585246]]}}, {"type": "Feature", "properties": {"power": "line", "name": "", "voltage": "", "operator": ""}, "geometry": {"type": "LineString", "coordinates": [[-84.3033953, 33.8585657], [-84.3034306, 33.8585938], [-84.303466, 33.8586219]]}}, {"type": "Feature", "properties": {"power": "line", "name": "", "voltage": "", "operator": ""}, "geometry": {"type": "LineString", "coordinates": [[-84.303443, 33.8585246], [-84.3033953, 33.8585657], [-84.3033424, 33.8585241]]}}, {"type": "Feature", "properties": {"power": "line", "name": "", "voltage": "230000", "operator": ""}, "geometry": {"type": "LineString", "coordinates": [[-84.3027765, 33.85868], [-84.3026502, 33.8587868], [-84.3025181, 33.8588987]]}}, {"type": "Feature", "properties": {"power": "line", "name": "", "voltage": "230000", "operator": "Georgia Power"}, "geometry": {"type": "LineString", "coordinates": [[-84.3025181, 33.8588987], [-84.3021686, 33.8592909]]}}, {"type": "Feature", "properties": {"power": "line", "name": "", "voltage": "230000", "operator": ""}, "geometry": {"type": "LineString", "coordinates": [[-84.3026502, 33.8587868], [-84.3028971, 33.8589872], [-84.3030846, 33.8591394]]}}, {"type": "Feature", "properties": {"power": "line", "name": "", "voltage": "230000", "operator": ""}, "geometry": {"type": "LineString", "coordinates": [[-84.3028971, 33.8589872], [-84.3027524, 33.8591123], [-84.3028676, 33.859208]]}}, {"type": "Feature", "properties": {"power": "line", "name": "", "voltage": "230000", "operator": "Georgia Power"}, "geometry": {"type": "LineString", "coordinates": [[-84.3028676, 33.859208], [-84.3030916, 33.8593991], [-84.3035798, 33.8589595], [-84.3046165, 33.8590631], [-84.3059242, 33.8591747], [-84.3071311, 33.8592738], [-84.3084281, 33.859395], [-84.310072, 33.8594248], [-84.3108686, 33.8587891], [-84.3109732, 33.8586884], [-84.3110208, 33.8586481], [-84.3115307, 33.8581604], [-84.3132189, 33.8582773], [-84.3141086, 33.8589786], [-84.3140837, 33.8602038], [-84.3140789, 33.8610885], [-84.3140446, 33.8617884], [-84.3140292, 33.8628136], [-84.3147147, 33.8635375], [-84.3149759, 33.8646169], [-84.3156076, 33.8645276], [-84.3161145, 33.8643427], [-84.3164467, 33.8653727], [-84.3164486, 33.8662608], [-84.3164352, 33.8672796], [-84.3174298, 33.867541], [-84.3188028, 33.867997], [-84.3198377, 33.8683637], [-84.3212049, 33.868842], [-84.3224991, 33.8693028], [-84.3237568, 33.8697939], [-84.3239738, 33.8707441], [-84.3242752, 33.8721008], [-84.3245172, 33.8731722], [-84.3247745, 33.8742467], [-84.3250011, 33.8753866], [-84.3252027, 33.8762283], [-84.3247994, 33.877365], [-84.3238682, 33.8779596], [-84.3231807, 33.8784379], [-84.3223359, 33.8786977], [-84.3218577, 33.8792652], [-84.3211607, 33.8800862], [-84.3201392, 33.8810746], [-84.3191993, 33.881689], [-84.3188715, 33.8819073], [-84.3170953, 33.8830897], [-84.3163635, 33.8842091], [-84.3156825, 33.8852681], [-84.3150768, 33.8861071], [-84.3159785, 33.8864835], [-84.3167992, 33.8868346], [-84.3179818, 33.887363], [-84.318469, 33.8883586], [-84.3190019, 33.8893515], [-84.3211405, 33.8906156], [-84.3223757, 33.8909862], [-84.3239504, 33.8913304], [-84.3242563, 33.8914545], [-84.3251033, 33.8918161], [-84.3265455, 33.8923254], [-84.3277497, 33.8930489], [-84.3290622, 33.8936124], [-84.3300883, 33.8935955], [-84.3317865, 33.8934626], [-84.3319105, 33.8936994], [-84.3320932, 33.8942423]]}}, {"type": "Feature", "properties": {"power": "line", "name": "", "voltage": "230000", "operator": "Georgia Power"}, "geometry": {"type": "LineString", "coordinates": [[-84.3320932, 33.8942423], [-84.3321022, 33.8940747], [-84.3322747, 33.8940879], [-84.3322567, 33.8942563]]}}, {"type": "Feature", "properties": {"power": "line", "name": "", "voltage": "230000", "operator": "Georgia Power"}, "geometry": {"type": "LineString", "coordinates": [[-84.3321022, 33.8940747], [-84.332112, 33.8938959]]}}, {"type": "Feature", "properties": {"power": "line", "name": "", "voltage": "", "operator": ""}, "geometry": {"type": "LineString", "coordinates": [[-84.3321157, 33.8938267], [-84.3321749, 33.8938314], [-84.3322341, 33.8938361]]}}, {"type": "Feature", "properties": {"power": "line", "name": "", "voltage": "", "operator": ""}, "geometry": {"type": "LineString", "coordinates": [[-84.332112, 33.8938959], [-84.3321157, 33.8938267], [-84.3320706, 33.8938234], [-84.3320255, 33.8938202]]}}, {"type": "Feature", "properties": {"power": "substation", "name": "", "voltage": "230000", "operator": "Georgia Power"}, "geometry": {"type": "Point", "coordinates": [-84.33208001666667, 33.89405135]}}, {"type": "Feature", "properties": {"power": "line", "name": "", "voltage": "230000", "operator": ""}, "geometry": {"type": "LineString", "coordinates": [[-84.3344182, 33.9272094], [-84.3341041, 33.9272197], [-84.3341075, 33.9272888], [-84.3341126, 33.9273928], [-84.3341176, 33.9274921], [-84.3341225, 33.9275927]]}}, {"type": "Feature", "properties": {"power": "line", "name": "", "voltage": "230000", "operator": ""}, "geometry": {"type": "LineString", "coordinates": [[-84.3344261, 33.9273875], [-84.3342625, 33.9273902], [-84.3341126, 33.9273928], [-84.3338413, 33.9273982], [-84.3338448, 33.9275002], [-84.3338484, 33.9276023]]}}, {"type": "Feature", "properties": {"power": "line", "name": "", "voltage": "230000", "operator": ""}, "geometry": {"type": "LineString", "coordinates": [[-84.3342713, 33.9275926], [-84.3342669, 33.9274914], [-84.3342625, 33.9273902]]}}, {"type": "Feature", "properties": {"power": "line", "name": "", "voltage": "230000", "operator": "Georgia Power"}, "geometry": {"type": "LineString", "coordinates": [[-84.3021686, 33.8592909], [-84.3007629, 33.8604741], [-84.2993869, 33.8616282], [-84.2985513, 33.862448], [-84.2967451, 33.8639799], [-84.2958075, 33.8647607], [-84.2941391, 33.866169], [-84.2925507, 33.8674856], [-84.2911664, 33.8686442], [-84.2899586, 33.8696699], [-84.2884447, 33.8709407], [-84.2871789, 33.871971], [-84.2851962, 33.8735829], [-84.2841014, 33.8745239], [-84.2826095, 33.8757969], [-84.281501, 33.8767356], [-84.2805024, 33.877654]]}}, {"type": "Feature", "properties": {"power": "line", "name": "", "voltage": "230000", "operator": "Georgia Power"}, "geometry": {"type": "LineString", "coordinates": [[-84.279975, 33.8784702], [-84.2804031, 33.8780088], [-84.2802061, 33.8779076]]}}, {"type": "Feature", "properties": {"power": "line", "name": "", "voltage": "230000", "operator": ""}, "geometry": {"type": "LineString", "coordinates": [[-84.2801111, 33.8785361], [-84.2800643, 33.8786184], [-84.2799226, 33.8785643], [-84.279975, 33.8784702]]}}, {"type": "Feature", "properties": {"power": "line", "name": "", "voltage": "230000", "operator": ""}, "geometry": {"type": "LineString", "coordinates": [[-84.2800643, 33.8786184], [-84.2803289, 33.8787208]]}}, {"type": "Feature", "properties": {"power": "line", "name": "", "voltage": "230000", "operator": "Georgia Power"}, "geometry": {"type": "LineString", "coordinates": [[-84.2805024, 33.877654], [-84.2802061, 33.8779076]]}}, {"type": "Feature", "properties": {"power": "line", "name": "", "voltage": "230000", "operator": "Georgia Power"}, "geometry": {"type": "LineString", "coordinates": [[-84.2805024, 33.877654], [-84.2807816, 33.8778558], [-84.2801111, 33.8785361]]}}, {"type": "Feature", "properties": {"power": "line", "name": "", "voltage": "230000", "operator": "Georgia Power"}, "geometry": {"type": "LineString", "coordinates": [[-84.2428891, 33.9092552], [-84.2430823, 33.9091127]]}}, {"type": "Feature", "properties": {"power": "line", "name": "", "voltage": "230000", "operator": "Georgia Power"}, "geometry": {"type": "LineString", "coordinates": [[-84.2436939, 33.9097197], [-84.2430823, 33.9091127]]}}, {"type": "Feature", "properties": {"power": "line", "name": "", "voltage": "230000", "operator": "Georgia Power"}, "geometry": {"type": "LineString", "coordinates": [[-84.2434674, 33.909854], [-84.2430598, 33.9094657], [-84.2428891, 33.9092552]]}}, {"type": "Feature", "properties": {"power": "line", "name": "", "voltage": "115000", "operator": "Georgia Power"}, "geometry": {"type": "LineString", "coordinates": [[-84.2153047, 33.9324206], [-84.2155762, 33.932108], [-84.2154314, 33.9314993], [-84.2153037, 33.9310109], [-84.2158476, 33.9308028]]}}, {"type": "Feature", "properties": {"power": "line", "name": "", "voltage": "115000", "operator": ""}, "geometry": {"type": "LineString", "coordinates": [[-84.2157849, 33.9306837], [-84.2158476, 33.9308028], [-84.2158861, 33.9308759], [-84.2157986, 33.9309076], [-84.2158229, 33.9309539]]}}, {"type": "Feature", "properties": {"power": "line", "name": "", "voltage": "46000", "operator": ""}, "geometry": {"type": "LineString", "coordinates": [[-84.215785, 33.9310417], [-84.2158923, 33.9312344], [-84.21646, 33.9308048], [-84.216849, 33.9305967], [-84.2171857, 33.9303954], [-84.2177418, 33.9305389], [-84.2178637, 33.9303819], [-84.218313, 33.9299879], [-84.2190236, 33.9293781], [-84.2199548, 33.9285679], [-84.2207837, 33.9278425], [-84.2216418, 33.9271132], [-84.2228434, 33.9260824], [-84.2232997, 33.9256826], [-84.2239894, 33.9250834], [-84.2248811, 33.9243127], [-84.2253664, 33.9238907], [-84.2261269, 33.9232452], [-84.2269988, 33.9225303], [-84.2282005, 33.9215525], [-84.2288588, 33.9210187], [-84.230064, 33.9200437], [-84.2309998, 33.9192884], [-84.2318531, 33.9185966], [-84.2331314, 33.9175271], [-84.2340533, 33.9167515], [-84.2349102, 33.9160385], [-84.2359052, 33.9151878], [-84.2367202, 33.9145075], [-84.2374494, 33.9139005], [-84.2383538, 33.9131499], [-84.2391782, 33.9124629], [-84.2402986, 33.9115138], [-84.2412843, 33.910716], [-84.2421005, 33.9100694], [-84.242789, 33.9096436], [-84.2432859, 33.9101157], [-84.2438676, 33.9096994], [-84.243885, 33.9095896], [-84.2434566, 33.9091675], [-84.2438455, 33.9088139], [-84.2442159, 33.9084805], [-84.2454304, 33.9075911], [-84.2464173, 33.9067605], [-84.2467528, 33.9064695], [-84.2476387, 33.9056495], [-84.2485965, 33.9047562], [-84.2494731, 33.9039207], [-84.2501539, 33.9033851], [-84.2507754, 33.9028], [-84.2510303, 33.9025807], [-84.251587, 33.9022021], [-84.2523065, 33.9014777], [-84.2529986, 33.9008985], [-84.2537585, 33.90026], [-84.2545645, 33.899577], [-84.255615, 33.8987144], [-84.2557458, 33.8985704], [-84.256404, 33.8980556], [-84.257121, 33.8974408], [-84.2577646, 33.896908], [-84.2587813, 33.8956605], [-84.258992, 33.8954061]]}}, {"type": "Feature", "properties": {"power": "line", "name": "", "voltage": "46000", "operator": ""}, "geometry": {"type": "LineString", "coordinates": [[-84.2157145, 33.9310673], [-84.2158668, 33.9313167], [-84.2171629, 33.9304459], [-84.2177085, 33.9305663], [-84.2173997, 33.9309429], [-84.218087, 33.9309564], [-84.2184934, 33.9309709], [-84.218981, 33.9309776], [-84.2195906, 33.9309083], [-84.2200353, 33.9308553], [-84.2209055, 33.9307503], [-84.221634, 33.9306655], [-84.2230575, 33.9305008], [-84.2237901, 33.9304199], [-84.2249233, 33.9302869], [-84.2258672, 33.9307503], [-84.226659, 33.9311366], [-84.227084, 33.9313533], [-84.2277922, 33.931702], [-84.2285074, 33.9320488], [-84.2292785, 33.9323179], [-84.2305676, 33.9327769], [-84.2316092, 33.9331538], [-84.2325566, 33.933491], [-84.2334903, 33.9338317], [-84.2347039, 33.9341385], [-84.2360202, 33.9344793], [-84.2373724, 33.93484], [-84.2392279, 33.9353144], [-84.2405493, 33.9356538], [-84.2415, 33.9359014], [-84.24276, 33.9362315], [-84.2441467, 33.936591], [-84.245929, 33.9370598], [-84.2480046, 33.9375959], [-84.2484639, 33.9377163], [-84.2495215, 33.9379917], [-84.2509391, 33.9383596], [-84.253142, 33.938927], [-84.2548677, 33.9393723], [-84.2570864, 33.9399513], [-84.2583449, 33.9402811], [-84.2593251, 33.9405385], [-84.2603168, 33.940055]]}}, {"type": "Feature", "properties": {"power": "line", "name": "", "voltage": "46000", "operator": ""}, "geometry": {"type": "LineString", "coordinates": [[-84.215644, 33.9310928], [-84.2157583, 33.9313455], [-84.2154314, 33.9314993], [-84.2146334, 33.9310015], [-84.2144079, 33.9308717]]}}, {"type": "Feature", "properties": {"power": "line", "name": "", "voltage": "115000", "operator": "Georgia Power"}, "geometry": {"type": "LineString", "coordinates": [[-84.2152746, 33.9323126], [-84.2153605, 33.9322298], [-84.215195, 33.9318114], [-84.2151249, 33.9316055], [-84.2151328, 33.9313969], [-84.2150687, 33.9309906], [-84.2152389, 33.93087], [-84.2157849, 33.9306837]]}}, {"type": "Feature", "properties": {"power": "line", "name": "", "voltage": "115000", "operator": "Georgia Power"}, "geometry": {"type": "LineString", "coordinates": [[-84.2106078, 33.9321687], [-84.2091674, 33.9326672], [-84.2092775, 33.9334815], [-84.2093438, 33.9340196], [-84.2089074, 33.9341505], [-84.2079551, 33.934364], [-84.2065771, 33.9346941], [-84.2035027, 33.9353544], [-84.202087, 33.9356549], [-84.2008166, 33.9359292], [-84.1995134, 33.9362121], [-84.1984385, 33.9364404], [-84.1967112, 33.9368252], [-84.1951639, 33.9371569], [-84.1935716, 33.9374973], [-84.1923254, 33.9377816], [-84.1910516, 33.9380544], [-84.1897985, 33.9383086], [-84.1883481, 33.9386302], [-84.1869289, 33.9389361], [-84.1856515, 33.9391988], [-84.1842167, 33.9395233], [-84.1827681, 33.9398392], [-84.1800629, 33.9404064], [-84.1786177, 33.9407108], [-84.1784546, 33.9407364]]}}, {"type": "Feature", "properties": {"power": "line", "name": "", "voltage": "115000", "operator": ""}, "geometry": {"type": "LineString", "coordinates": [[-84.1784546, 33.9407364], [-84.1784307, 33.9406494], [-84.1781217, 33.940711], [-84.1781482, 33.9407958], [-84.1782742, 33.9407705]]}}, {"type": "Feature", "properties": {"power": "line", "name": "", "voltage": "115000", "operator": ""}, "geometry": {"type": "LineString", "coordinates": [[-84.1781217, 33.940711], [-84.178065, 33.9407217], [-84.1779639, 33.9407408]]}}, {"type": "Feature", "properties": {"power": "line", "name": "", "voltage": "115000", "operator": "Georgia Power"}, "geometry": {"type": "LineString", "coordinates": [[-84.1576501, 33.935412], [-84.1583828, 33.9350571], [-84.1579447, 33.934661], [-84.1571463, 33.9339331], [-84.1560645, 33.9333511], [-84.1548918, 33.9330092], [-84.1537236, 33.9326861], [-84.1523943, 33.9323387], [-84.1497239, 33.9315809], [-84.1485596, 33.9312679], [-84.1475621, 33.930979], [-84.1469403, 33.9307559], [-84.1458699, 33.9305437], [-84.1450067, 33.9303959], [-84.1433518, 33.9301124], [-84.1426344, 33.9299726], [-84.1416952, 33.9295803], [-84.1407187, 33.9290106], [-84.1397795, 33.9284516], [-84.1391236, 33.928023], [-84.1382054, 33.9275003], [-84.1379431, 33.9270005], [-84.1377763, 33.9263515], [-84.1377326, 33.9259041], [-84.1378298, 33.9251059], [-84.1379107, 33.9248963], [-84.1385212, 33.9240887], [-84.1386751, 33.9235392], [-84.1388483, 33.9229802], [-84.1392499, 33.9219065], [-84.1394038, 33.920849], [-84.1389649, 33.9197847], [-84.1384289, 33.9185095], [-84.1378961, 33.9172678], [-84.1374168, 33.9160852], [-84.1365958, 33.9153408], [-84.1358185, 33.9145721], [-84.1349036, 33.9139714], [-84.134068, 33.9134258], [-84.1330769, 33.9127847], [-84.1323674, 33.9123264], [-84.132047, 33.9121195], [-84.1308584, 33.9113427], [-84.1300601, 33.9108603], [-84.129822, 33.9111143], [-84.1295484, 33.9113373], [-84.129516, 33.911375]]}}, {"type": "Feature", "properties": {"power": "line", "name": "", "voltage": "115000", "operator": ""}, "geometry": {"type": "LineString", "coordinates": [[-84.215293, 33.9326079], [-84.2152009, 33.9326334]]}}, {"type": "Feature", "properties": {"power": "line", "name": "", "voltage": "115000", "operator": "Georgia Power"}, "geometry": {"type": "LineString", "coordinates": [[-84.2152009, 33.9326334], [-84.214907, 33.9326887], [-84.2137146, 33.9329301], [-84.2125146, 33.9331652], [-84.2116858, 33.9336001], [-84.2107389, 33.9338339], [-84.2091299, 33.9342186], [-84.2086041, 33.9343028], [-84.2087284, 33.9343594], [-84.2096738, 33.9347038], [-84.2106253, 33.9350331], [-84.2107616, 33.9346862]]}}, {"type": "Feature", "properties": {"power": "line", "name": "", "voltage": "115000", "operator": ""}, "geometry": {"type": "LineString", "coordinates": [[-84.2107339, 33.9347344], [-84.210928, 33.9347976], [-84.2109585, 33.9347445]]}}, {"type": "Feature", "properties": {"power": "line", "name": "", "voltage": "115000", "operator": ""}, "geometry": {"type": "LineString", "coordinates": [[-84.2107616, 33.9346862], [-84.2107339, 33.9347344], [-84.2106814, 33.9348444]]}}, {"type": "Feature", "properties": {"power": "substation", "name": "", "voltage": "115000", "operator": "Georgia Power"}, "geometry": {"type": "Point", "coordinates": [-84.21074872, 33.93477196]}}, {"type": "Feature", "properties": {"power": "line", "name": "", "voltage": "115000", "operator": ""}, "geometry": {"type": "LineString", "coordinates": [[-84.117419, 33.9425702], [-84.116942, 33.9427356], [-84.1173265, 33.9434599], [-84.1176849, 33.9441457], [-84.1176705, 33.9449635], [-84.1174623, 33.9460378], [-84.1170432, 33.9467812], [-84.1165287, 33.9475941], [-84.1160488, 33.9483662], [-84.1154735, 33.9491432], [-84.1144242, 33.9498625], [-84.1135946, 33.9503205], [-84.1127881, 33.9508816], [-84.1147538, 33.9512845], [-84.1159964, 33.9515525], [-84.1177846, 33.9519531], [-84.1202395, 33.952488], [-84.1219873, 33.9528576], [-84.1231836, 33.9531315], [-84.1251152, 33.9535321], [-84.1260498, 33.9549379], [-84.1270249, 33.956372], [-84.1290375, 33.9554133], [-84.1310376, 33.9544417], [-84.1318849, 33.9540282], [-84.1329566, 33.9534106], [-84.1348103, 33.9525707], [-84.1368634, 33.9516171], [-84.1389258, 33.9506584], [-84.1411377, 33.9499089], [-84.1432375, 33.9493455], [-84.144951, 33.9489346], [-84.147057, 33.9484384], [-84.1490758, 33.9479526], [-84.1492596, 33.9484333], [-84.1506241, 33.9481128], [-84.1504247, 33.9476089], [-84.1510385, 33.9474667], [-84.1540386, 33.9467638], [-84.1558175, 33.9463167], [-84.1582725, 33.9457119], [-84.1606339, 33.945133], [-84.16274, 33.9445825], [-84.1647556, 33.9440914], [-84.1678118, 33.9433497], [-84.1684927, 33.9431822], [-84.1698273, 33.9428771], [-84.170715, 33.9426638], [-84.1722611, 33.9422915], [-84.1735384, 33.9419913], [-84.174695, 33.941701], [-84.1759406, 33.9413812], [-84.1771862, 33.9410859], [-84.1786236, 33.9407792], [-84.1800768, 33.9404561], [-84.1827815, 33.9398787], [-84.1842308, 33.939567], [-84.1856623, 33.9392455], [-84.1869474, 33.9389864], [-84.188365, 33.9386862], [-84.1898123, 33.938363], [-84.1910638, 33.9381055], [-84.192343, 33.9378267], [-84.1935788, 33.9375396], [-84.1951704, 33.9372], [-84.1967343, 33.9368736], [-84.1984544, 33.9364963], [-84.199528, 33.9362618], [-84.2008349, 33.9359796], [-84.2021003, 33.9356975], [-84.2035199, 33.9353956], [-84.2065805, 33.9347428], [-84.2079796, 33.9344257], [-84.2085038, 33.9343214], [-84.2086947, 33.9343868], [-84.2096738, 33.9347038], [-84.2107283, 33.9350935], [-84.2109585, 33.9347445]]}}, {"type": "Feature", "properties": {"power": "line", "name": "", "voltage": "115000", "operator": "Georgia Power"}, "geometry": {"type": "LineString", "coordinates": [[-84.1548918, 33.9330092], [-84.1541876, 33.9321048], [-84.153504, 33.9311675], [-84.1527826, 33.9303172]]}}, {"type": "Feature", "properties": {"power": "substation", "name": "", "voltage": "115000", "operator": "Georgia Power"}, "geometry": {"type": "Point", "coordinates": [-84.1526724, 33.93017624]}}, {"type": "Feature", "properties": {"power": "line", "name": "", "voltage": "115000", "operator": ""}, "geometry": {"type": "LineString", "coordinates": [[-84.1527826, 33.9303172], [-84.1527237, 33.9302115], [-84.1526808, 33.9301346]]}}, {"type": "Feature", "properties": {"power": "line", "name": "", "voltage": "115000", "operator": "Georgia Power"}, "geometry": {"type": "LineString", "coordinates": [[-84.1294188, 33.9113185], [-84.1297896, 33.9106587], [-84.128722, 33.9099493], [-84.1276176, 33.9092493], [-84.1268462, 33.9087426], [-84.1260711, 33.9082253], [-84.1252294, 33.9076864], [-84.1243174, 33.9069924], [-84.1234961, 33.9062202], [-84.1231298, 33.9052268], [-84.1226119, 33.9044116], [-84.1221161, 33.9036301], [-84.1216388, 33.9028839], [-84.1210931, 33.9022068], [-84.1204438, 33.901347], [-84.1199776, 33.9006684], [-84.1195688, 33.9001632], [-84.1188862, 33.9004718], [-84.1182092, 33.9007758], [-84.1186587, 33.9010583]]}}, {"type": "Feature", "properties": {"power": "line", "name": "", "voltage": "115000", "operator": "Georgia Power"}, "geometry": {"type": "LineString", "coordinates": [[-84.129516, 33.911375], [-84.1294188, 33.9113185]]}}, {"type": "Feature", "properties": {"power": "line", "name": "", "voltage": "", "operator": ""}, "geometry": {"type": "LineString", "coordinates": [[-84.1293264, 33.9114166], [-84.1292034, 33.911547], [-84.1292535, 33.9115773], [-84.1292822, 33.9115946], [-84.1293168, 33.9116155]]}}, {"type": "Feature", "properties": {"power": "line", "name": "", "voltage": "115000", "operator": "Georgia Power"}, "geometry": {"type": "LineString", "coordinates": [[-84.1294188, 33.9113185], [-84.1293264, 33.9114166]]}}, {"type": "Feature", "properties": {"power": "line", "name": "", "voltage": "115000", "operator": "Georgia Power"}, "geometry": {"type": "LineString", "coordinates": [[-84.1184904, 33.9011351], [-84.1179816, 33.9007589], [-84.118837, 33.9003727], [-84.1195111, 33.9000668], [-84.1185077, 33.8986409], [-84.1177852, 33.8979327], [-84.1170776, 33.8968843], [-84.1165075, 33.8958157], [-84.1150291, 33.8951234], [-84.1138858, 33.8937309], [-84.1138194, 33.8927079], [-84.1133045, 33.8919995], [-84.1127102, 33.8914121], [-84.1124462, 33.8908798], [-84.1121952, 33.8903744], [-84.1120154, 33.8898313], [-84.111792, 33.8893366], [-84.1116122, 33.8889051], [-84.1117661, 33.8882155], [-84.111941, 33.8874829], [-84.1126794, 33.8869935], [-84.1130891, 33.8867018], [-84.1135344, 33.8863187], [-84.1139749, 33.8859248], [-84.1144558, 33.8854476], [-84.1149028, 33.8849489], [-84.1152299, 33.8842673], [-84.1156995, 33.8833316], [-84.1160088, 33.8827885], [-84.1153821, 33.8821808], [-84.114221, 33.8810677], [-84.1134696, 33.8803847], [-84.1127458, 33.8798967], [-84.1121094, 33.8788965], [-84.1117434, 33.8780979], [-84.1110422, 33.8776502], [-84.1102471, 33.8775386], [-84.1092901, 33.8771326], [-84.1086326, 33.8769215], [-84.1080367, 33.8765693], [-84.1073371, 33.8760584], [-84.1068384, 33.8756792], [-84.1063817, 33.8752987], [-84.1051607, 33.8736195], [-84.1048757, 33.8727644], [-84.1044563, 33.8721889], [-84.1038328, 33.871561], [-84.102811, 33.870601], [-84.1015657, 33.8694864], [-84.1006427, 33.869001], [-84.0998427, 33.8688612], [-84.098591, 33.8688934], [-84.0972971, 33.8692148], [-84.0960955, 33.8691449], [-84.0948438, 33.8687415], [-84.0936989, 33.8683448], [-84.0927062, 33.8679979], [-84.0921848, 33.8677694], [-84.0913184, 33.867253], [-84.0905832, 33.8668228], [-84.0899064, 33.8663965], [-84.0895841, 33.865981], [-84.0890109, 33.8658869], [-84.0881688, 33.8654203], [-84.0876474, 33.8650936], [-84.086734, 33.8642895], [-84.0866174, 33.8635149], [-84.0865284, 33.8628238], [-84.0863162, 33.8622684], [-84.0860086, 33.8618059], [-84.0855972, 33.8613756], [-84.085105, 33.861038], [-84.084258, 33.8605432], [-84.0833528, 33.8599636], [-84.0825658, 33.8594715], [-84.08168, 33.8592146], [-84.0813561, 33.8586673], [-84.0801497, 33.8576641], [-84.0795182, 33.8568573], [-84.0791231, 33.8562548], [-84.0788332, 33.8556806], [-84.0786777, 33.855097], [-84.0777207, 33.8548105], [-84.0765369, 33.8544568], [-84.0766422, 33.8541838], [-84.0759556, 33.8539566], [-84.0745889, 33.8535195], [-84.073248, 33.8531241], [-84.0721987, 33.8527866], [-84.071104, 33.8524746], [-84.0698765, 33.8521303], [-84.0687802, 33.8517699], [-84.0678815, 33.8514632], [-84.066952, 33.8511822], [-84.0658735, 33.8508581], [-84.0645245, 33.8504277], [-84.0641877, 33.8503053], [-84.0641683, 33.8496356], [-84.0639481, 33.8487305], [-84.0639562, 33.8479114], [-84.0636938, 33.8471045], [-84.0631627, 33.8461939], [-84.0622915, 33.8448772], [-84.0617182, 33.8440151], [-84.0613555, 33.8434987], [-84.0605879, 33.8424657], [-84.0601021, 33.8417972], [-84.059477, 33.8412956], [-84.0589734, 33.841235], [-84.0576568, 33.8394327], [-84.056865, 33.8383782], [-84.0559112, 33.8387696], [-84.0539275, 33.8396371], [-84.051913, 33.8393977], [-84.0491892, 33.839052], [-84.0478889, 33.8390857]]}}, {"type": "Feature", "properties": {"power": "line", "name": "Norcross - East Social Circle 230kV", "voltage": "230000", "operator": "Georgia Power"}, "geometry": {"type": "LineString", "coordinates": [[-84.1673071, 33.9105344], [-84.1680721, 33.9116181], [-84.1698404, 33.9141457], [-84.1711004, 33.9159886], [-84.1727434, 33.9183341], [-84.1768159, 33.9182561], [-84.1813618, 33.9179933], [-84.1828969, 33.9202636], [-84.1849923, 33.9233686], [-84.1871609, 33.9263377], [-84.1895765, 33.9298411], [-84.1921767, 33.9334944], [-84.1935725, 33.9355478], [-84.1944462, 33.9367924], [-84.1981707, 33.9360734], [-84.2022888, 33.935215], [-84.2058624, 33.9344399], [-84.208414, 33.9338773], [-84.2106928, 33.9333831], [-84.2125124, 33.9339916], [-84.2147207, 33.9332835]]}}, {"type": "Feature", "properties": {"power": "line", "name": "", "voltage": "230000", "operator": "Georgia Power"}, "geometry": {"type": "LineString", "coordinates": [[-84.1673071, 33.9105344], [-84.1669363, 33.9100002]]}}, {"type": "Feature", "properties": {"power": "line", "name": "Norcross - East Social Circle 230kV", "voltage": "230000", "operator": "Georgia Power"}, "geometry": {"type": "LineString", "coordinates": [[-84.1669363, 33.9100002], [-84.1652638, 33.9075939], [-84.1630545, 33.9043886], [-84.1609337, 33.9013614], [-84.1601719, 33.8996239], [-84.1586697, 33.8962652], [-84.1565459, 33.8931719], [-84.155324, 33.8913862], [-84.1537213, 33.8889959], [-84.1518443, 33.8860136], [-84.1493152, 33.8823154], [-84.146972, 33.8788877], [-84.1453175, 33.8764718], [-84.1443729, 33.8750955], [-84.140433, 33.8734916], [-84.1362524, 33.8718067], [-84.1338971, 33.8708655], [-84.133206, 33.8705806]]}}, {"type": "Feature", "properties": {"power": "line", "name": "", "voltage": "230000", "operator": "Georgia Power"}, "geometry": {"type": "LineString", "coordinates": [[-84.1325498, 33.8703176], [-84.133206, 33.8705806]]}}, {"type": "Feature", "properties": {"power": "line", "name": "", "voltage": "230000", "operator": ""}, "geometry": {"type": "LineString", "coordinates": [[-84.133206, 33.8705806], [-84.1331184, 33.8705446], [-84.133068, 33.8706348], [-84.1328797, 33.8705628]]}}, {"type": "Feature", "properties": {"power": "substation", "name": "Landford Substation", "voltage": "230000", "operator": "Georgia Power"}, "geometry": {"type": "Point", "coordinates": [-84.13294986000001, 33.87053068]}}, {"type": "Feature", "properties": {"power": "line", "name": "", "voltage": "115000", "operator": "Georgia Power"}, "geometry": {"type": "LineString", "coordinates": [[-84.0478974, 33.8389914], [-84.0491895, 33.8389159], [-84.0519115, 33.8392368], [-84.0538886, 33.8394825], [-84.0558413, 33.8386441], [-84.0569447, 33.8381613], [-84.0577801, 33.839364], [-84.0590506, 33.8410813], [-84.0602473, 33.8409539], [-84.060973, 33.8405986], [-84.061082, 33.8418145], [-84.0620225, 33.842338], [-84.0626929, 33.8425449], [-84.0632803, 33.8425579], [-84.0645193, 33.842995], [-84.0661013, 33.8422352], [-84.0680608, 33.8413193], [-84.0699561, 33.8404373], [-84.0713377, 33.8398063], [-84.0733489, 33.8398011], [-84.0753867, 33.8397972], [-84.077199, 33.8397998], [-84.0788437, 33.8398115], [-84.079995, 33.8398089], [-84.0821895, 33.8397946], [-84.0846252, 33.8398011], [-84.0860318, 33.8398167], [-84.0880492, 33.8398063], [-84.0905304, 33.8398076], [-84.0922706, 33.8398128], [-84.0957851, 33.839816], [-84.0967565, 33.8398334], [-84.0987669, 33.8389005], [-84.1010085, 33.8378552], [-84.1044993, 33.8362473], [-84.1065051, 33.8353163], [-84.1080368, 33.8346162], [-84.1099305, 33.8337453], [-84.1119923, 33.8327871], [-84.1139654, 33.8318619], [-84.1160249, 33.830927], [-84.1186657, 33.8296992], [-84.120027, 33.8290843], [-84.1221472, 33.828097], [-84.1234992, 33.8275132], [-84.1239434, 33.8273236]]}}, {"type": "Feature", "properties": {"power": "line", "name": "", "voltage": "115000", "operator": "Georgia Power"}, "geometry": {"type": "LineString", "coordinates": [[-84.1240504, 33.8270896], [-84.1242884, 33.8270019], [-84.124802, 33.8265247], [-84.1238822, 33.8257637], [-84.1221054, 33.8247172], [-84.1204986, 33.8240602], [-84.1189938, 33.8238758], [-84.1174317, 33.823256], [-84.1165549, 33.8222065], [-84.1155225, 33.8222972], [-84.1142216, 33.8220504], [-84.1116557, 33.8208285], [-84.1109543, 33.8199395], [-84.1082524, 33.8186521], [-84.1073685, 33.8176784], [-84.1043053, 33.8166503], [-84.1018774, 33.8151472], [-84.1008123, 33.8141478], [-84.0998427, 33.8130233], [-84.0990611, 33.8120303], [-84.0981667, 33.8108864], [-84.0974931, 33.8098973], [-84.0968306, 33.8089511], [-84.0950324, 33.8080843], [-84.0927471, 33.807073], [-84.0924056, 33.8076977], [-84.0920328, 33.8077693], [-84.0902691, 33.8081168], [-84.0879532, 33.8085622], [-84.0860124, 33.808906], [-84.0854503, 33.8091509], [-84.0851887, 33.8102422], [-84.082718, 33.811355], [-84.0803439, 33.8124527], [-84.0755419, 33.8146894], [-84.0736989, 33.8155117], [-84.0711057, 33.81672], [-84.0675709, 33.8183647], [-84.064549, 33.8197317], [-84.0623193, 33.8207775], [-84.059705, 33.8219944], [-84.0565675, 33.8234225], [-84.0535959, 33.8248017], [-84.0502566, 33.8263275], [-84.0499246, 33.8294105], [-84.0496157, 33.8319173], [-84.0502146, 33.834164], [-84.0482245, 33.8357734], [-84.0472473, 33.8381648], [-84.0470434, 33.8386972], [-84.047454, 33.8388526]]}}, {"type": "Feature", "properties": {"power": "substation", "name": "", "voltage": "115000", "operator": "Georgia Power"}, "geometry": {"type": "Point", "coordinates": [-84.09193782, 33.8076715]}}, {"type": "Feature", "properties": {"power": "line", "name": "", "voltage": "115000", "operator": ""}, "geometry": {"type": "LineString", "coordinates": [[-84.0920328, 33.8077693], [-84.0919327, 33.8077834], [-84.0918678, 33.8075668]]}}, {"type": "Feature", "properties": {"power": "line", "name": "", "voltage": "", "operator": ""}, "geometry": {"type": "LineString", "coordinates": [[-84.0918678, 33.8075668], [-84.091816, 33.8073941], [-84.0918747, 33.8073836], [-84.0919114, 33.807377], [-84.0919625, 33.8073679]]}}, {"type": "Feature", "properties": {"power": "line", "name": "", "voltage": "115000", "operator": "Georgia Power"}, "geometry": {"type": "LineString", "coordinates": [[-84.0474437, 33.8390339], [-84.0471117, 33.8390269], [-84.0472756, 33.839835], [-84.0474185, 33.840617], [-84.0452056, 33.841701], [-84.0439825, 33.8422909], [-84.0428393, 33.8428512], [-84.0436169, 33.8439857], [-84.0444092, 33.8451063], [-84.0451951, 33.8462391], [-84.0458655, 33.8472217], [-84.0463636, 33.8480891], [-84.0470549, 33.8491119], [-84.0474185, 33.8499322], [-84.0478913, 33.8506251], [-84.0485932, 33.8516391], [-84.0491628, 33.8524454], [-84.0498899, 33.8534873], [-84.0502997, 33.8540894], [-84.0506926, 33.8546845], [-84.0512033, 33.8553826], [-84.051674, 33.856051], [-84.0522078, 33.8568939], [-84.0527353, 33.8576478], [-84.0533174, 33.8584889], [-84.0537861, 33.8592097], [-84.0545405, 33.8602777], [-84.0550491, 33.8609844], [-84.0557026, 33.8618901], [-84.056434, 33.8624503], [-84.0570518, 33.863328], [-84.0576886, 33.8642738], [-84.0581278, 33.8649073], [-84.0587435, 33.8657658], [-84.0588381, 33.866373], [-84.0593361, 33.8671565], [-84.0597039, 33.867687], [-84.0600717, 33.8682611], [-84.0606811, 33.8691265], [-84.0612611, 33.8700077], [-84.0617381, 33.8707004], [-84.0623896, 33.8716479], [-84.0630579, 33.8725099], [-84.0635076, 33.8731345], [-84.0641402, 33.8740802], [-84.0639931, 33.8741744], [-84.0623854, 33.8749351], [-84.0615196, 33.8753207], [-84.0605655, 33.8757779], [-84.0595442, 33.8762542], [-84.0586111, 33.8768997], [-84.059023, 33.8775034], [-84.0598153, 33.8786288], [-84.060431, 33.8795273], [-84.061259, 33.8807294], [-84.0614734, 33.8810487], [-84.0618222, 33.881593], [-84.0622992, 33.8813487], [-84.0625094, 33.8816558]]}}, {"type": "Feature", "properties": {"power": "line", "name": "", "voltage": "115000", "operator": ""}, "geometry": {"type": "LineString", "coordinates": [[-84.0625094, 33.8816558], [-84.0625619, 33.8817308], [-84.0626345, 33.8818346]]}}, {"type": "Feature", "properties": {"power": "line", "name": "", "voltage": "115000", "operator": ""}, "geometry": {"type": "LineString", "coordinates": [[-84.0625619, 33.8817308], [-84.0623666, 33.8818241], [-84.062443, 33.8819313]]}}, {"type": "Feature", "properties": {"power": "line", "name": "", "voltage": "115000", "operator": ""}, "geometry": {"type": "LineString", "coordinates": [[-84.0623666, 33.8818241], [-84.0623115, 33.8817533]]}}, {"type": "Feature", "properties": {"power": "line", "name": "", "voltage": "", "operator": ""}, "geometry": {"type": "LineString", "coordinates": [[-84.0626345, 33.8818346], [-84.062722, 33.8819597], [-84.0627545, 33.8820062]]}}, {"type": "Feature", "properties": {"power": "line", "name": "", "voltage": "", "operator": ""}, "geometry": {"type": "LineString", "coordinates": [[-84.062443, 33.8819313], [-84.0625297, 33.882053], [-84.0625584, 33.8820933], [-84.062587, 33.8821335]]}}, {"type": "Feature", "properties": {"power": "line", "name": "", "voltage": "115000", "operator": "Georgia Power"}, "geometry": {"type": "LineString", "coordinates": [[-84.4187086, 33.7762743], [-84.4187066, 33.7756943], [-84.4189298, 33.7756878], [-84.4198522, 33.7756821], [-84.4224251, 33.7756935], [-84.4224389, 33.7758448], [-84.422432, 33.7779066], [-84.4224196, 33.778938], [-84.4223989, 33.7799821], [-84.4213207, 33.7800978]]}}, {"type": "Feature", "properties": {"power": "substation", "name": "QTS Substation #2", "voltage": "115000", "operator": "Georgia Power"}, "geometry": {"type": "Point", "coordinates": [-84.4185684, 33.77653696]}}, {"type": "Feature", "properties": {"power": "line", "name": "", "voltage": "115000", "operator": ""}, "geometry": {"type": "LineString", "coordinates": [[-84.0409492, 34.0342739], [-84.0403433, 34.034654], [-84.0400172, 34.0342933], [-84.0401217, 34.0334639], [-84.0409955, 34.0334622], [-84.0421218, 34.0332097], [-84.043207, 34.0324962], [-84.0444377, 34.0316692], [-84.0445541, 34.030445], [-84.0445478, 34.0292282], [-84.045437, 34.0288921], [-84.0469388, 34.0283551], [-84.0481884, 34.0275976], [-84.0498202, 34.0265818], [-84.0511657, 34.0257621], [-84.0525711, 34.0244288], [-84.0519498, 34.0234755], [-84.0529204, 34.0223855], [-84.0534832, 34.0209488], [-84.0538607, 34.0199176], [-84.0542583, 34.0187475], [-84.0543633, 34.0177034], [-84.0543477, 34.0168091], [-84.0541801, 34.0152928], [-84.0556812, 34.0141819], [-84.0549843, 34.0131599], [-84.0558889, 34.0123544], [-84.056836, 34.0115361], [-84.0573788, 34.010651], [-84.0579037, 34.0094679], [-84.0584934, 34.0086254], [-84.0591747, 34.0078292], [-84.0599542, 34.0070367], [-84.0609058, 34.006096], [-84.0619198, 34.0045869], [-84.0639448, 34.0036517], [-84.0650918, 34.0026913], [-84.0662691, 34.0016109], [-84.0658795, 34.0014942], [-84.0656308, 34.0013029], [-84.0654826, 34.001413]]}}, {"type": "Feature", "properties": {"power": "line", "name": "", "voltage": "230000", "operator": ""}, "geometry": {"type": "LineString", "coordinates": [[-84.0630825, 34.0578065], [-84.0649003, 34.0585387], [-84.0654096, 34.0590161], [-84.0663946, 34.0604021], [-84.0675874, 34.0618622], [-84.0684519, 34.0628725], [-84.0690415, 34.0644158], [-84.0695106, 34.0650541], [-84.0698769, 34.0654871], [-84.0696357, 34.0657702]]}}, {"type": "Feature", "properties": {"power": "line", "name": "", "voltage": "115000", "operator": ""}, "geometry": {"type": "LineString", "coordinates": [[-84.0689154, 34.0660846], [-84.0688216, 34.0661808], [-84.0685178, 34.0659569], [-84.0693577, 34.0651409], [-84.0686429, 34.0643175], [-84.0682573, 34.0629189], [-84.0674311, 34.0619415], [-84.0656262, 34.0599279], [-84.0652017, 34.0592146], [-84.0647874, 34.0586446], [-84.0630825, 34.0578065]]}}, {"type": "Feature", "properties": {"power": "line", "name": "", "voltage": "230000", "operator": ""}, "geometry": {"type": "LineString", "coordinates": [[-84.0516391, 34.043157], [-84.0517548, 34.043093]]}}, {"type": "Feature", "properties": {"power": "line", "name": "", "voltage": "230000", "operator": ""}, "geometry": {"type": "LineString", "coordinates": [[-84.0518903, 34.0432852], [-84.0517548, 34.043093], [-84.051958, 34.0430064]]}}, {"type": "Feature", "properties": {"power": "line", "name": "", "voltage": "230000", "operator": ""}, "geometry": {"type": "LineString", "coordinates": [[-84.0517615, 34.0433567], [-84.0518717, 34.0432955], [-84.0518903, 34.0432852], [-84.0519695, 34.0434041], [-84.0521681, 34.0433109]]}}, {"type": "Feature", "properties": {"power": "line", "name": "", "voltage": "230000", "operator": ""}, "geometry": {"type": "LineString", "coordinates": [[-84.1347143, 34.0550306], [-84.1347107, 34.055311], [-84.1351717, 34.055367], [-84.1351457, 34.0559954], [-84.1352128, 34.0571209], [-84.135727, 34.0569609], [-84.1370346, 34.0564483], [-84.1381873, 34.0559777], [-84.1401976, 34.0553814], [-84.141502, 34.0552032], [-84.1429718, 34.0546891], [-84.1440858, 34.0557058], [-84.1457597, 34.0563912], [-84.1471661, 34.0570332], [-84.1483105, 34.0576432], [-84.1497776, 34.0584679], [-84.1508006, 34.05895], [-84.151843, 34.0593543], [-84.1532273, 34.0599026], [-84.1536134, 34.0584816], [-84.1536465, 34.0567042], [-84.1536575, 34.0551415], [-84.1557478, 34.0551369], [-84.1582269, 34.0551712], [-84.1581552, 34.0532223], [-84.1581166, 34.0515659], [-84.1601931, 34.0515636], [-84.1621979, 34.0516093], [-84.1641585, 34.0516162], [-84.1668003, 34.0516801], [-84.1684549, 34.0516824], [-84.1705148, 34.0517121], [-84.1713918, 34.0515248], [-84.1714855, 34.0515248], [-84.1714883, 34.0512894], [-84.171378, 34.0512917]]}}, {"type": "Feature", "properties": {"power": "line", "name": "", "voltage": "230000", "operator": ""}, "geometry": {"type": "LineString", "coordinates": [[-84.1591935, 33.9976378], [-84.1593991, 33.9979244], [-84.1607227, 33.9972911], [-84.1616134, 33.9977163], [-84.1614066, 33.9985599], [-84.1612301, 33.9996345], [-84.1614711, 34.0007586], [-84.1620924, 34.0016713], [-84.1632673, 34.0020339], [-84.1645625, 34.0026639], [-84.1657187, 34.0031976], [-84.1666676, 34.0036346], [-84.1681753, 34.0041898], [-84.1699863, 34.0047081], [-84.1721099, 34.004156], [-84.1735776, 34.0045771], [-84.1747054, 34.0053501], [-84.1750897, 34.0063685], [-84.1759529, 34.0069744], [-84.1770271, 34.0074147], [-84.178836, 34.0075636], [-84.1801123, 34.0079525], [-84.1812302, 34.0083764], [-84.1823723, 34.0091121], [-84.1832538, 34.0103384], [-84.1839783, 34.0115527], [-84.1846776, 34.0127355], [-84.1853045, 34.0138401], [-84.185566, 34.0149341], [-84.1860835, 34.0153708], [-84.186615, 34.0158193], [-84.1874498, 34.0164303], [-84.1884956, 34.0171431], [-84.189258, 34.0177123], [-84.1901663, 34.0184868], [-84.1896705, 34.0198314], [-84.1895384, 34.0209983], [-84.1895865, 34.0219274], [-84.1896142, 34.0231755], [-84.1891549, 34.0244449], [-84.1885878, 34.0256172], [-84.1879421, 34.0269148], [-84.1875956, 34.0277868], [-84.1872427, 34.028959], [-84.1869025, 34.0303009], [-84.1865907, 34.0315383], [-84.1863418, 34.0326269], [-84.1860457, 34.0339818], [-84.1858448, 34.0349643], [-84.1869508, 34.0351745]]}}, {"type": "Feature", "properties": {"power": "substation", "name": "Johns Creek Substation", "voltage": "230000", "operator": "Georgia Power"}, "geometry": {"type": "Point", "coordinates": [-84.17180617272727, 34.05128238181818]}}, {"type": "Feature", "properties": {"power": "line", "name": "", "voltage": "230000", "operator": ""}, "geometry": {"type": "LineString", "coordinates": [[-84.1588842, 33.9976482], [-84.158764, 33.9974852]]}}, {"type": "Feature", "properties": {"power": "line", "name": "", "voltage": "230000", "operator": ""}, "geometry": {"type": "LineString", "coordinates": [[-84.159119, 33.997534], [-84.1590011, 33.9973628]]}}, {"type": "Feature", "properties": {"power": "line", "name": "", "voltage": "230000", "operator": ""}, "geometry": {"type": "LineString", "coordinates": [[-84.1589603, 33.9977489], [-84.1588842, 33.9976482], [-84.159119, 33.997534], [-84.1591935, 33.9976378]]}}, {"type": "Feature", "properties": {"power": "line", "name": "", "voltage": "230000", "operator": ""}, "geometry": {"type": "LineString", "coordinates": [[-84.3114216, 34.0360605], [-84.3110914, 34.0360617], [-84.3110988, 34.0358517], [-84.3114466, 34.0358455], [-84.3114466, 34.0356785], [-84.3109434, 34.0356386]]}}, {"type": "Feature", "properties": {"power": "line", "name": "", "voltage": "230000", "operator": ""}, "geometry": {"type": "LineString", "coordinates": [[-84.3110988, 34.0358517], [-84.3108324, 34.0358509], [-84.3105882, 34.0358501], [-84.3105864, 34.0356616]]}}, {"type": "Feature", "properties": {"power": "line", "name": "", "voltage": "230000", "operator": ""}, "geometry": {"type": "LineString", "coordinates": [[-84.3108324, 34.0358509], [-84.3108324, 34.0362395]]}}, {"type": "Feature", "properties": {"power": "line", "name": "", "voltage": "230000", "operator": ""}, "geometry": {"type": "LineString", "coordinates": [[-84.3110914, 34.0360617], [-84.3110951, 34.0362487]]}}, {"type": "Feature", "properties": {"power": "line", "name": "", "voltage": "230000", "operator": ""}, "geometry": {"type": "LineString", "coordinates": [[-84.5896683, 33.7531664], [-84.5895403, 33.7514711], [-84.5893356, 33.7493963], [-84.5891747, 33.7473842], [-84.5890793, 33.7460708], [-84.5889661, 33.7450498], [-84.5885012, 33.7437166], [-84.5890018, 33.7425915], [-84.5900867, 33.7426758], [-84.5912132, 33.7427105], [-84.5920417, 33.7425717]]}}, {"type": "Feature", "properties": {"power": "line", "name": "", "voltage": "230000", "operator": ""}, "geometry": {"type": "LineString", "coordinates": [[-84.5977295, 33.7428011], [-84.6005047, 33.7428762], [-84.6020127, 33.7426184], [-84.60423, 33.7426581], [-84.6042292, 33.7406749]]}}, {"type": "Feature", "properties": {"power": "line", "name": "", "voltage": "230000", "operator": ""}, "geometry": {"type": "LineString", "coordinates": [[-84.6077051, 33.7360926], [-84.6073048, 33.7375508], [-84.6069306, 33.7382278], [-84.6041411, 33.7391445], [-84.6041474, 33.7406771], [-84.6040793, 33.7425365], [-84.6019967, 33.7425069], [-84.600498, 33.7427836], [-84.5977295, 33.7428011]]}}, {"type": "Feature", "properties": {"power": "line", "name": "", "voltage": "230000", "operator": ""}, "geometry": {"type": "LineString", "coordinates": [[-84.2587582, 33.9698687], [-84.2592559, 33.9695102], [-84.2596288, 33.9692389], [-84.2608997, 33.9704747], [-84.261708, 33.9716015], [-84.2625515, 33.9728103], [-84.2633288, 33.9740877], [-84.2644781, 33.9756761], [-84.2652103, 33.9767001], [-84.265966, 33.977764], [-84.2667046, 33.9788066], [-84.2671097, 33.9803876], [-84.2672071, 33.9818902], [-84.2673714, 33.9834686], [-84.2681371, 33.9845723], [-84.2688699, 33.9851715], [-84.2693791, 33.9855499], [-84.2708554, 33.9865967], [-84.2721409, 33.987583], [-84.2733251, 33.9887645], [-84.2734004, 33.989878], [-84.2734428, 33.9908912], [-84.273485, 33.9916777], [-84.2735018, 33.991992], [-84.2734857, 33.9930728], [-84.2735809, 33.9946573], [-84.2735173, 33.9963486], [-84.2742542, 33.9978494], [-84.2742339, 33.9988403], [-84.2750947, 33.9997983], [-84.2763693, 34.0016006], [-84.2762942, 34.0027746], [-84.2763975, 34.0042611], [-84.2770063, 34.0058364], [-84.2783863, 34.0069849], [-84.2793586, 34.0078631], [-84.280339, 34.0088048], [-84.2806126, 34.0095774], [-84.2818544, 34.0095874], [-84.283099, 34.0095185], [-84.2839174, 34.0094594], [-84.2842094, 34.0095782]]}}, {"type": "Feature", "properties": {"power": "line", "name": "", "voltage": "115000", "operator": ""}, "geometry": {"type": "LineString", "coordinates": [[-84.0008519, 33.9862527], [-84.0015562, 33.9870865], [-84.0028461, 33.9867436], [-84.0051709, 33.9861555], [-84.0068807, 33.9856985], [-84.0091095, 33.9851257], [-84.0103901, 33.9847829], [-84.0120031, 33.9843419], [-84.013778, 33.9838865], [-84.0157234, 33.9833927], [-84.0171717, 33.9829948], [-84.018828, 33.9825394], [-84.0206983, 33.9820672], [-84.0223865, 33.9816381], [-84.0249187, 33.9809525], [-84.0268006, 33.9804564], [-84.030836, 33.9794232], [-84.0327757, 33.9789006], [-84.0348859, 33.9783541], [-84.0368631, 33.9778339], [-84.0390456, 33.977261], [-84.0408986, 33.9768008], [-84.0430377, 33.9762111], [-84.0457896, 33.9754847], [-84.0489289, 33.9746697], [-84.0502876, 33.9743221], [-84.0517011, 33.9739385], [-84.0527013, 33.97367], [-84.0546352, 33.9730947], [-84.056147, 33.9726656], [-84.0575288, 33.9722556], [-84.0593731, 33.9717258], [-84.0614862, 33.9711313], [-84.0631512, 33.9706422], [-84.0649868, 33.9701244], [-84.0673196, 33.9694627], [-84.0694645, 33.9688298], [-84.0712828, 33.968288], [-84.0720054, 33.9680483], [-84.0733063, 33.9676935], [-84.0778515, 33.9664292], [-84.0795531, 33.965929], [-84.0807123, 33.9655765], [-84.0812586, 33.9668232]]}}, {"type": "Feature", "properties": {"power": "line", "name": "", "voltage": "115000", "operator": ""}, "geometry": {"type": "LineString", "coordinates": [[-84.0815332, 33.9667369], [-84.0809724, 33.965531], [-84.0822443, 33.9652505], [-84.0838608, 33.9648098], [-84.086104, 33.9637429], [-84.088405, 33.9626449], [-84.0899255, 33.9618848], [-84.0912581, 33.9612015], [-84.0928422, 33.9604583], [-84.0946258, 33.9596551], [-84.096048, 33.958955], [-84.0970887, 33.9584538], [-84.0991353, 33.9574756], [-84.100095, 33.9569888], [-84.1030551, 33.9556341], [-84.1048907, 33.9547254], [-84.1060845, 33.9541643], [-84.1074489, 33.9534569], [-84.10877, 33.9528335], [-84.1097442, 33.9523539], [-84.1111404, 33.9516514], [-84.1119671, 33.9512365], [-84.1121001, 33.9507977], [-84.1138374, 33.9499369], [-84.1151093, 33.9491144], [-84.1156788, 33.9484597], [-84.1162193, 33.9475581], [-84.1169218, 33.946443], [-84.1171473, 33.945997], [-84.1174479, 33.9451265], [-84.1174652, 33.9442584], [-84.1169565, 33.9433088], [-84.1166038, 33.9426685], [-84.1173583, 33.9424431]]}}, {"type": "Feature", "properties": {"power": "substation", "name": "", "voltage": "115000;12470", "operator": "Georgia Power"}, "geometry": {"type": "Point", "coordinates": [-84.11760076, 33.9425066]}}, {"type": "Feature", "properties": {"power": "line", "name": "", "voltage": "115000", "operator": ""}, "geometry": {"type": "LineString", "coordinates": [[-84.3188983, 33.5580939], [-84.3199707, 33.557715], [-84.3211184, 33.5572916], [-84.3221991, 33.5569125], [-84.3237856, 33.556341], [-84.3252658, 33.5558022], [-84.3264504, 33.5553672], [-84.3276974, 33.554967], [-84.3289282, 33.5545821], [-84.3302283, 33.5541664], [-84.3314038, 33.5537892], [-84.3326831, 33.5533947], [-84.3342072, 33.5528943], [-84.3357428, 33.5524055], [-84.3370799, 33.5520091], [-84.3381121, 33.5516935], [-84.3391028, 33.5514086], [-84.340045, 33.5511315], [-84.340971, 33.5508601], [-84.3420817, 33.550533], [-84.3432964, 33.5501885], [-84.3433564, 33.5500326], [-84.3430724, 33.549386]]}}, {"type": "Feature", "properties": {"power": "line", "name": "", "voltage": "", "operator": ""}, "geometry": {"type": "LineString", "coordinates": [[-84.1412791, 33.9648528], [-84.1413083, 33.9655111]]}}, {"type": "Feature", "properties": {"power": "substation", "name": "", "voltage": "115000", "operator": "Oglethorpe Power Corporation"}, "geometry": {"type": "Point", "coordinates": [-84.47965493333334, 34.011398566666664]}}, {"type": "Feature", "properties": {"power": "line", "name": "", "voltage": "115000", "operator": ""}, "geometry": {"type": "LineString", "coordinates": [[-84.491916, 34.0178577], [-84.4900033, 34.0174512], [-84.4879263, 34.0169071], [-84.4873255, 34.0162757], [-84.4855955, 34.0158155], [-84.4842488, 34.0159068], [-84.4831126, 34.0148885], [-84.4819465, 34.013407], [-84.4799559, 34.0126968], [-84.479264, 34.012448], [-84.4795081, 34.011621]]}}, {"type": "Feature", "properties": {"power": "line", "name": "", "voltage": "115000", "operator": ""}, "geometry": {"type": "LineString", "coordinates": [[-84.509045, 33.9917289], [-84.5084947, 33.9917789], [-84.5079265, 33.991688], [-84.5079481, 33.9900985], [-84.5079407, 33.9887221], [-84.5092218, 33.9885695], [-84.5091177, 33.987884], [-84.510326, 33.9877378], [-84.5117367, 33.9875772], [-84.51313, 33.9874118], [-84.5145861, 33.9872373], [-84.5145911, 33.98648], [-84.5145869, 33.9857107], [-84.5148033, 33.9846554], [-84.5159775, 33.9844493], [-84.5167681, 33.9843267], [-84.5176166, 33.984149], [-84.5186108, 33.9839109], [-84.52031, 33.9839678], [-84.5218677, 33.9840104], [-84.5226241, 33.9840353], [-84.5244218, 33.9840975], [-84.5247839, 33.9832518], [-84.5251525, 33.9823688], [-84.5256088, 33.9813116], [-84.5260481, 33.9802491], [-84.5264852, 33.9791919], [-84.5269377, 33.9781174], [-84.5275103, 33.9767795], [-84.5278164, 33.9761377], [-84.5281797, 33.9754298], [-84.5289537, 33.973564], [-84.5294199, 33.9724932], [-84.529971, 33.9711898], [-84.5304971, 33.969948], [-84.5311475, 33.9683993], [-84.5315551, 33.9674259], [-84.531902, 33.9666276], [-84.5323645, 33.9655823], [-84.5329466, 33.9643626], [-84.5336993, 33.9636879], [-84.5346659, 33.9636802], [-84.5346917, 33.9624042], [-84.534867, 33.9620859], [-84.5354739, 33.9620783], [-84.5354335, 33.9619328]]}}, {"type": "Feature", "properties": {"power": "line", "name": "", "voltage": "115000", "operator": ""}, "geometry": {"type": "LineString", "coordinates": [[-84.5275103, 33.9767795], [-84.5276148, 33.9753018], [-84.5275874, 33.9743648], [-84.5275824, 33.9741006]]}}, {"type": "Feature", "properties": {"power": "line", "name": "", "voltage": "115000", "operator": ""}, "geometry": {"type": "LineString", "coordinates": [[-84.5355903, 33.961917], [-84.5356682, 33.9621853], [-84.5348289, 33.9623658], [-84.5348197, 33.9638148], [-84.5337423, 33.9638224], [-84.5330026, 33.9644145], [-84.5325266, 33.9655559], [-84.5319677, 33.9668732], [-84.531311, 33.9684077], [-84.5306561, 33.9699499], [-84.5300786, 33.9712881], [-84.5294863, 33.9727081], [-84.5290408, 33.9737813], [-84.5283041, 33.9755026], [-84.5277691, 33.9765985], [-84.5271568, 33.9779895], [-84.5265769, 33.9794136], [-84.5260095, 33.9807798], [-84.5255068, 33.9819581], [-84.5250489, 33.9830416], [-84.524576, 33.9841353], [-84.5241803, 33.9846781], [-84.5234486, 33.9864404], [-84.5226721, 33.9882667], [-84.5219678, 33.9899814], [-84.5216492, 33.9911494], [-84.5213929, 33.9917787], [-84.5209872, 33.9926516], [-84.5205542, 33.9936895], [-84.5201709, 33.9946015], [-84.5197105, 33.9956848], [-84.5192326, 33.9968568], [-84.5188618, 33.9977193], [-84.5183939, 33.998786], [-84.5179758, 33.9994751], [-84.5177693, 34.0003273], [-84.5172118, 34.001656], [-84.5169057, 34.0023162], [-84.5164776, 34.0033953], [-84.5160396, 34.0043918], [-84.5155767, 34.0054914], [-84.5155568, 34.0059041], [-84.515614, 34.0083303], [-84.515609, 34.0097311], [-84.5155916, 34.0112536], [-84.5155617, 34.013199], [-84.5155194, 34.0147771], [-84.5154945, 34.0162129], [-84.5154497, 34.0182902], [-84.5154448, 34.0194577], [-84.5162412, 34.0194268]]}}, {"type": "Feature", "properties": {"power": "line", "name": "", "voltage": "115000", "operator": ""}, "geometry": {"type": "LineString", "coordinates": [[-84.5162785, 34.0196021], [-84.5154049, 34.0196702], [-84.5154871, 34.0205324], [-84.5155543, 34.0212998], [-84.5156364, 34.0229005], [-84.5157484, 34.024365], [-84.5159269, 34.0265686], [-84.5161452, 34.0287614], [-84.516209, 34.0306396], [-84.5163903, 34.0323119], [-84.5165347, 34.0352057], [-84.5166555, 34.0371561], [-84.5168133, 34.0392846], [-84.5169342, 34.0404392], [-84.5168771, 34.0414408], [-84.5166455, 34.0434968], [-84.5165917, 34.0457726], [-84.5165246, 34.0470078], [-84.5164406, 34.0481039], [-84.5163399, 34.0507607], [-84.5162627, 34.0526495], [-84.5162123, 34.0534006]]}}, {"type": "Feature", "properties": {"power": "substation", "name": "", "voltage": "115000", "operator": ""}, "geometry": {"type": "Point", "coordinates": [-84.55691549999999, 33.82994234]}}, {"type": "Feature", "properties": {"power": "substation", "name": "Norcross Substation #2 MEAG", "voltage": "115000", "operator": "MEAG"}, "geometry": {"type": "Point", "coordinates": [-84.20480578, 33.940771760000004]}}, {"type": "Feature", "properties": {"power": "substation", "name": "", "voltage": "46000", "operator": ""}, "geometry": {"type": "Point", "coordinates": [-84.1743853, 33.97145396]}}, {"type": "Feature", "properties": {"power": "substation", "name": "", "voltage": "115000", "operator": ""}, "geometry": {"type": "Point", "coordinates": [-84.45197376, 33.6528129]}}, {"type": "Feature", "properties": {"power": "line", "name": "", "voltage": "115000", "operator": ""}, "geometry": {"type": "LineString", "coordinates": [[-84.4520652, 33.6526876], [-84.4520696, 33.6531159], [-84.4521259, 33.6533361], [-84.4529064, 33.6533421], [-84.4537577, 33.6533409], [-84.4547218, 33.6533493], [-84.4557133, 33.6533457], [-84.4564548, 33.6533505], [-84.4571673, 33.6533517], [-84.4581299, 33.6533529], [-84.4591532, 33.6533577], [-84.4608689, 33.6533565], [-84.4608746, 33.6525252], [-84.4616725, 33.6525384], [-84.4624689, 33.6525504], [-84.4631366, 33.6525769], [-84.4639041, 33.6525973], [-84.4644447, 33.6524265], [-84.4649722, 33.6522508], [-84.4655359, 33.6520583], [-84.4661459, 33.651849], [-84.4669697, 33.651298], [-84.4677849, 33.6507409], [-84.4675811, 33.6498578], [-84.4673961, 33.6490348], [-84.4684035, 33.6491936], [-84.4694079, 33.6493924], [-84.4708216, 33.6498762], [-84.4720306, 33.6502868], [-84.4735008, 33.650777], [-84.4746454, 33.6511601], [-84.4756184, 33.6515237], [-84.4767377, 33.6516276], [-84.4778158, 33.6516018]]}}, {"type": "Feature", "properties": {"power": "line", "name": "", "voltage": "230000", "operator": ""}, "geometry": {"type": "LineString", "coordinates": [[-84.5373415, 33.9641348], [-84.5364389, 33.9619615], [-84.535238, 33.9621445], [-84.5351401, 33.9615906]]}}, {"type": "Feature", "properties": {"power": "line", "name": "", "voltage": "230000", "operator": ""}, "geometry": {"type": "LineString", "coordinates": [[-84.5373415, 33.9641348], [-84.5363971, 33.9620406], [-84.5351645, 33.9622088], [-84.5349743, 33.9616197]]}}, {"type": "Feature", "properties": {"power": "line", "name": "", "voltage": "230000", "operator": ""}, "geometry": {"type": "LineString", "coordinates": [[-84.536697, 33.9629742], [-84.5364512, 33.9623598], [-84.5350556, 33.962383], [-84.534671, 33.9614137], [-84.5347963, 33.9610519], [-84.5348856, 33.9613281]]}}, {"type": "Feature", "properties": {"power": "line", "name": "", "voltage": "115000", "operator": ""}, "geometry": {"type": "LineString", "coordinates": [[-84.536697, 33.9629742], [-84.536269, 33.9621047], [-84.5360921, 33.9621361], [-84.536005, 33.9618416]]}}, {"type": "Feature", "properties": {"power": "line", "name": "", "voltage": "115000", "operator": ""}, "geometry": {"type": "LineString", "coordinates": [[-84.6503321, 34.0613491], [-84.6501192, 34.0612306], [-84.6509021, 34.0608499], [-84.6509021, 34.059616], [-84.6509044, 34.0584949], [-84.6508986, 34.0563105], [-84.6511634, 34.0545244], [-84.6513441, 34.0533112], [-84.6530732, 34.0530944], [-84.6557801, 34.0527777], [-84.6583298, 34.0524791], [-84.660629, 34.0522158], [-84.6629998, 34.0519319], [-84.6646105, 34.0517357], [-84.6659252, 34.0504296], [-84.6676214, 34.0487107], [-84.6688849, 34.0474744], [-84.6705766, 34.0458146], [-84.6712994, 34.0458352], [-84.6712558, 34.0461811], [-84.6709785, 34.0461863]]}}, {"type": "Feature", "properties": {"power": "substation", "name": "Acworth Water Treatment Substation", "voltage": "115000", "operator": ""}, "geometry": {"type": "Point", "coordinates": [-84.65539944, 34.046697280000004]}}, {"type": "Feature", "properties": {"power": "line", "name": "", "voltage": "115000", "operator": ""}, "geometry": {"type": "LineString", "coordinates": [[-84.6530732, 34.0530944], [-84.6531199, 34.0522478], [-84.6531386, 34.0514244], [-84.653148, 34.0505932], [-84.6531822, 34.049744], [-84.6532259, 34.048918], [-84.65412, 34.0488431], [-84.655011, 34.0487966], [-84.6549861, 34.0478725], [-84.6549798, 34.0469123], [-84.6553132, 34.0469226]]}}, {"type": "Feature", "properties": {"power": "substation", "name": "Macland Substation", "voltage": "115000", "operator": ""}, "geometry": {"type": "Point", "coordinates": [-84.65917306, 33.877327279999996]}}, {"type": "Feature", "properties": {"power": "line", "name": "", "voltage": "115000", "operator": ""}, "geometry": {"type": "LineString", "coordinates": [[-84.6591047, 33.8771708], [-84.6589054, 33.8766121], [-84.6578835, 33.8768294], [-84.6571959, 33.8768407], [-84.6562303, 33.876863], [-84.6549536, 33.8768786], [-84.6540604, 33.8768786], [-84.6531538, 33.8769075], [-84.6525883, 33.8768713], [-84.6518854, 33.8767196], [-84.6508391, 33.8767122], [-84.6501347, 33.8764871], [-84.649221, 33.8764235], [-84.6482071, 33.8763978], [-84.6474585, 33.8763941], [-84.6466907, 33.8763806], [-84.6459421, 33.8763917], [-84.64508, 33.876076], [-84.6441014, 33.8756857], [-84.6435031, 33.8752244], [-84.6420785, 33.8746409], [-84.6416557, 33.874135], [-84.6409522, 33.8739247], [-84.6399748, 33.8735239], [-84.6393021, 33.8734216], [-84.6383436, 33.8727181], [-84.6371984, 33.8719734], [-84.6364419, 33.8714163], [-84.635586, 33.8709473], [-84.6350246, 33.8704911], [-84.6345778, 33.8700704], [-84.6340387, 33.8695303], [-84.6332924, 33.8687757], [-84.632784, 33.8682924], [-84.6326522, 33.8675576], [-84.6326231, 33.8670403], [-84.6326505, 33.8663808], [-84.6326453, 33.8659132], [-84.6326505, 33.865167], [-84.6326592, 33.864439]]}}, {"type": "Feature", "properties": {"power": "substation", "name": "Austell Substation", "voltage": "115000", "operator": ""}, "geometry": {"type": "Point", "coordinates": [-84.63879263999999, 33.81352402]}}, {"type": "Feature", "properties": {"power": "line", "name": "", "voltage": "46000", "operator": ""}, "geometry": {"type": "LineString", "coordinates": [[-84.6384652, 33.8135603], [-84.6382698, 33.8134854], [-84.6379247, 33.8141253], [-84.6377268, 33.8144363], [-84.6386187, 33.8147377], [-84.6395817, 33.815093], [-84.6403607, 33.8153713], [-84.6401929, 33.8158508], [-84.6401666, 33.8159258], [-84.6411118, 33.8159099], [-84.6418477, 33.816086], [-84.6427726, 33.8166215], [-84.6434895, 33.816963], [-84.6441328, 33.8172561], [-84.6452417, 33.8174616], [-84.6461006, 33.8176556], [-84.6466183, 33.8175881], [-84.6475318, 33.8174743], [-84.6484567, 33.8173615], [-84.648642, 33.8173409], [-84.6497108, 33.8178205], [-84.6498397, 33.8182198], [-84.6500232, 33.818375], [-84.6507998, 33.8186409], [-84.651677, 33.8189612], [-84.6514465, 33.8195393], [-84.6509682, 33.8207362], [-84.650759, 33.8212866], [-84.6505961, 33.8217214], [-84.6505313, 33.8217581], [-84.6506477, 33.8218585], [-84.6509026, 33.822085], [-84.6508761, 33.8222768], [-84.6508443, 33.8225361], [-84.6513532, 33.8230862], [-84.6517966, 33.823466], [-84.6526356, 33.8242952], [-84.6534845, 33.8251127], [-84.6543176, 33.8259286], [-84.6551506, 33.8267511], [-84.6559538, 33.8269394], [-84.6570214, 33.8279964], [-84.6573594, 33.8290782], [-84.6583416, 33.8300774], [-84.6584469, 33.8310848], [-84.6585086, 33.8319205], [-84.6592283, 33.832984], [-84.659608, 33.8335554], [-84.660119, 33.8343135], [-84.6614073, 33.8348601], [-84.6627234, 33.8354067], [-84.6628527, 33.8369657], [-84.6641092, 33.8369855], [-84.6646281, 33.8375288], [-84.6653895, 33.8383231], [-84.6662802, 33.8392429], [-84.6672166, 33.840242], [-84.6676647, 33.8407122], [-84.6676047, 33.8415715], [-84.6675539, 33.8424576], [-84.6675123, 33.8433035], [-84.6674569, 33.84418], [-84.6673917, 33.8450939], [-84.6678614, 33.8444797]]}}, {"type": "Feature", "properties": {"power": "line", "name": "", "voltage": "46000", "operator": ""}, "geometry": {"type": "LineString", "coordinates": [[-84.648642, 33.8173409], [-84.6486759, 33.8172503]]}}, {"type": "Feature", "properties": {"power": "substation", "name": "Caraustar Substation", "voltage": "46000", "operator": ""}, "geometry": {"type": "Point", "coordinates": [-84.6487301, 33.81725434]}}, {"type": "Feature", "properties": {"power": "line", "name": "", "voltage": "46000", "operator": ""}, "geometry": {"type": "LineString", "coordinates": [[-84.6505313, 33.8217581], [-84.6500087, 33.8213128], [-84.6494823, 33.8208555], [-84.6489077, 33.8205923], [-84.6486633, 33.8202666]]}}, {"type": "Feature", "properties": {"power": "substation", "name": "Caraustar Substation #2", "voltage": "46000", "operator": ""}, "geometry": {"type": "Point", "coordinates": [-84.64865456, 33.82023132]}}, {"type": "Feature", "properties": {"power": "line", "name": "", "voltage": "115000", "operator": ""}, "geometry": {"type": "LineString", "coordinates": [[-84.6326592, 33.864439], [-84.6340363, 33.8638309], [-84.6352905, 33.863304], [-84.6377093, 33.86227], [-84.6389656, 33.8617286], [-84.6401489, 33.8612351], [-84.6413967, 33.8607082], [-84.6428127, 33.8601077], [-84.6442113, 33.8595077], [-84.6456009, 33.8589312], [-84.6470104, 33.8580918], [-84.6483826, 33.8572927], [-84.6504929, 33.8559994], [-84.651372, 33.8554818], [-84.6524603, 33.8548137], [-84.6537901, 33.854022], [-84.6555752, 33.8529374], [-84.6563481, 33.852474], [-84.657443, 33.8518298], [-84.6586573, 33.8510945], [-84.6597494, 33.8504521], [-84.661017, 33.8496846], [-84.6622349, 33.8489297], [-84.6639598, 33.8479002], [-84.6651983, 33.8471647], [-84.6666058, 33.846344], [-84.6669921, 33.8454873], [-84.667421, 33.8451119], [-84.6678614, 33.8444797]]}}, {"type": "Feature", "properties": {"power": "line", "name": "", "voltage": "115000", "operator": ""}, "geometry": {"type": "LineString", "coordinates": [[-84.6388035, 33.8135053], [-84.6391872, 33.8137551], [-84.639986, 33.8140586], [-84.6412367, 33.8145015], [-84.641198, 33.8151989], [-84.641768, 33.8154257], [-84.6417127, 33.8162227], [-84.6416204, 33.8178903], [-84.6415669, 33.8187577], [-84.641543, 33.8193784], [-84.6410504, 33.820226], [-84.6401502, 33.8217938], [-84.639285, 33.8232941], [-84.6382925, 33.8251071], [-84.6374993, 33.8258688], [-84.6366562, 33.82673], [-84.6355955, 33.827792], [-84.6343171, 33.82909], [-84.6332361, 33.8301734], [-84.6322325, 33.8311955], [-84.6313323, 33.8321272], [-84.629827, 33.8329317], [-84.6285965, 33.8336366], [-84.6273643, 33.83434], [-84.6264566, 33.8348426], [-84.6262279, 33.835339], [-84.6258128, 33.8353007]]}}, {"type": "Feature", "properties": {"power": "line", "name": "", "voltage": "115000", "operator": ""}, "geometry": {"type": "LineString", "coordinates": [[-84.6249435, 33.8364645], [-84.6251832, 33.8369224], [-84.6256702, 33.8378157], [-84.6260429, 33.8385191], [-84.6263491, 33.8391871], [-84.6265963, 33.8399517], [-84.6268287, 33.8406994], [-84.6272087, 33.8414441], [-84.6274541, 33.8421183], [-84.6277105, 33.8428537], [-84.6279872, 33.8436014], [-84.6280333, 33.8442679], [-84.6285535, 33.8449819], [-84.6288672, 33.8457955], [-84.6292693, 33.8468358], [-84.6298541, 33.8477428], [-84.6306381, 33.8488183], [-84.6312044, 33.8495399], [-84.6318852, 33.8504331], [-84.6326267, 33.8514458], [-84.6326784, 33.8525351], [-84.6326987, 33.8536963], [-84.6327171, 33.8545711], [-84.6320014, 33.8547411], [-84.630223, 33.8548177], [-84.6302009, 33.8556159], [-84.6301603, 33.8563573]]}}, {"type": "Feature", "properties": {"power": "line", "name": "", "voltage": "115000", "operator": ""}, "geometry": {"type": "LineString", "coordinates": [[-84.571031, 33.8183915], [-84.5710469, 33.8179415], [-84.5710215, 33.8176038], [-84.5716503, 33.8173986], [-84.5724583, 33.817307], [-84.5735088, 33.8171775], [-84.5747189, 33.8171577], [-84.5753891, 33.8176631], [-84.5761276, 33.8178729], [-84.5767322, 33.8176156], [-84.5773619, 33.8174941], [-84.5771815, 33.8166471], [-84.5784657, 33.8165949], [-84.5796337, 33.8165451], [-84.5807469, 33.8164717], [-84.5810158, 33.8168615], [-84.5821056, 33.8166786], [-84.5837873, 33.8164178], [-84.585321, 33.8171209], [-84.5864574, 33.8176701], [-84.587281, 33.8180539], [-84.5892238, 33.8189512], [-84.5906637, 33.8196123], [-84.5925096, 33.8204803], [-84.5943663, 33.8213497], [-84.5955451, 33.8219031], [-84.595079, 33.8224217]]}}, {"type": "Feature", "properties": {"power": "substation", "name": "", "voltage": "115000", "operator": ""}, "geometry": {"type": "Point", "coordinates": [-84.59536982, 33.82234068]}}, {"type": "Feature", "properties": {"power": "line", "name": "", "voltage": "115000", "operator": ""}, "geometry": {"type": "LineString", "coordinates": [[-84.570841, 33.8183588], [-84.5708872, 33.8186806], [-84.5699173, 33.81867], [-84.5698601, 33.8196148], [-84.5698465, 33.8203725], [-84.5693923, 33.8221882], [-84.5691416, 33.8232759], [-84.5674884, 33.8239273], [-84.5649552, 33.8248449], [-84.5638203, 33.8254877], [-84.5622376, 33.8263428], [-84.560806, 33.8271244], [-84.5591015, 33.8280086], [-84.5579649, 33.8286345], [-84.5567363, 33.8293731], [-84.5569411, 33.8298068]]}}, {"type": "Feature", "properties": {"power": "line", "name": "", "voltage": "115000", "operator": ""}, "geometry": {"type": "LineString", "coordinates": [[-84.5568221, 33.8298473], [-84.5566185, 33.82942], [-84.5552875, 33.8301417], [-84.554036, 33.8308225], [-84.5524907, 33.8318423], [-84.5508723, 33.8329017], [-84.5498685, 33.8335547], [-84.5498351, 33.8357038], [-84.5498193, 33.8368885], [-84.5498208, 33.8374808], [-84.5494556, 33.8383423], [-84.5494333, 33.8398039], [-84.5494111, 33.8410822], [-84.5494031, 33.8429198], [-84.5493881, 33.843594]]}}, {"type": "Feature", "properties": {"power": "line", "name": "", "voltage": "46000", "operator": ""}, "geometry": {"type": "LineString", "coordinates": [[-84.0247362, 33.6818328], [-84.0250747, 33.6809416], [-84.0250148, 33.6803851], [-84.0249587, 33.6798197], [-84.0249573, 33.6793383], [-84.0249531, 33.6787466], [-84.0249447, 33.678308], [-84.0249406, 33.678018], [-84.0249294, 33.6773868], [-84.0249238, 33.6767661], [-84.0249183, 33.6762916], [-84.0249224, 33.6759377], [-84.024921, 33.6754794], [-84.0247578, 33.6746686], [-84.024711, 33.6740333], [-84.0254972, 33.6740682], [-84.0262222, 33.6740882], [-84.0270312, 33.6741182], [-84.0278678, 33.6741311], [-84.0290057, 33.67423], [-84.0301316, 33.674295], [-84.0312095, 33.674285], [-84.0323078, 33.674287], [-84.0332669, 33.674302], [-84.0344352, 33.674341], [-84.0351462, 33.6743613], [-84.0357951, 33.6743817], [-84.0367487, 33.6744098], [-84.0378584, 33.6744662], [-84.0389, 33.6744751], [-84.0403935, 33.6745205], [-84.0418606, 33.6745674], [-84.0431979, 33.6746034], [-84.0439278, 33.6746359], [-84.0448089, 33.6746104], [-84.0462898, 33.6752938], [-84.0473019, 33.6757601], [-84.0481213, 33.6759919], [-84.0490482, 33.6762083], [-84.0503028, 33.6764024], [-84.0515028, 33.6765824], [-84.0522872, 33.6767264], [-84.0519599, 33.6782635], [-84.0518019, 33.6790711], [-84.0516176, 33.679957], [-84.0511718, 33.6822516], [-84.0504909, 33.6830075], [-84.0499135, 33.6834912], [-84.0495523, 33.684028], [-84.0495316, 33.684834], [-84.0495749, 33.6857042], [-84.0485442, 33.6867481], [-84.0474326, 33.687299], [-84.0463303, 33.6880706], [-84.0452281, 33.6889454], [-84.0448294, 33.6894118], [-84.0437972, 33.6895834], [-84.0430624, 33.6897064], [-84.0425521, 33.6900126], [-84.0412988, 33.6908037], [-84.0399617, 33.6916529], [-84.0393818, 33.6920032]]}}, {"type": "Feature", "properties": {"power": "line", "name": "", "voltage": "46000", "operator": ""}, "geometry": {"type": "LineString", "coordinates": [[-84.0625571, 33.7080622], [-84.0631669, 33.708094], [-84.0635084, 33.7078194], [-84.0639268, 33.7074548], [-84.0647692, 33.7070145], [-84.0658079, 33.706676], [-84.0665962, 33.7069908], [-84.0681557, 33.7076182], [-84.0688359, 33.7078762], [-84.0702104, 33.7080822], [-84.0720199, 33.7083721], [-84.0728913, 33.7074483], [-84.0730758, 33.7073281], [-84.07339, 33.7073333], [-84.0737528, 33.7074257], [-84.0742453, 33.7074036], [-84.074594, 33.7073659], [-84.0751663, 33.7067818], [-84.074988, 33.7065412], [-84.0750553, 33.7064853]]}}, {"type": "Feature", "properties": {"power": "substation", "name": "Vulcan Materials Substation #2", "voltage": "46000", "operator": ""}, "geometry": {"type": "Point", "coordinates": [-84.07506492, 33.70651906]}}, {"type": "Feature", "properties": {"power": "substation", "name": "Vulcan Materials Substation #1", "voltage": "46000", "operator": ""}, "geometry": {"type": "Point", "coordinates": [-84.07291115999999, 33.7072995]}}, {"type": "Feature", "properties": {"power": "line", "name": "", "voltage": "115000", "operator": "Georgia Power"}, "geometry": {"type": "LineString", "coordinates": [[-84.0908184, 33.7262908], [-84.0908581, 33.7264228], [-84.0915853, 33.7264145], [-84.0922464, 33.7264035], [-84.0930629, 33.726431], [-84.093461, 33.7258309], [-84.0934479, 33.7253303], [-84.0934234, 33.7245497], [-84.0933407, 33.72383], [-84.0934065, 33.7231417], [-84.0933181, 33.7225238], [-84.0935231, 33.7224518], [-84.0947814, 33.7223079], [-84.0954548, 33.7220701], [-84.0961752, 33.7218354], [-84.0969727, 33.7215789], [-84.0979225, 33.721255], [-84.0987746, 33.7209453], [-84.0994987, 33.7206934], [-84.1001965, 33.720465], [-84.1009432, 33.7202303], [-84.1014661, 33.7197641], [-84.1020172, 33.7198877]]}}, {"type": "Feature", "properties": {"power": "substation", "name": "", "voltage": "115000", "operator": ""}, "geometry": {"type": "Point", "coordinates": [-84.0907502, 33.72607176]}}, {"type": "Feature", "properties": {"power": "line", "name": "", "voltage": "46000", "operator": ""}, "geometry": {"type": "LineString", "coordinates": [[-84.0979574, 33.7296829], [-84.0983974, 33.7297815]]}}, {"type": "Feature", "properties": {"power": "substation", "name": "Hanson Aggregates Substation", "voltage": "46000", "operator": ""}, "geometry": {"type": "Point", "coordinates": [-84.09847458, 33.72979896]}}, {"type": "Feature", "properties": {"power": "substation", "name": "Martin Marietta Substation", "voltage": "46000", "operator": ""}, "geometry": {"type": "Point", "coordinates": [-84.07294329999999, 33.75136316]}}, {"type": "Feature", "properties": {"power": "line", "name": "", "voltage": "115000", "operator": ""}, "geometry": {"type": "LineString", "coordinates": [[-84.1028185, 33.7378787], [-84.1032897, 33.7369752], [-84.1036134, 33.7360969], [-84.103826, 33.7353609], [-84.1038495, 33.7348057], [-84.1038432, 33.7338772], [-84.103887, 33.7328747], [-84.1053927, 33.7329007], [-84.1070673, 33.7329254], [-84.1078116, 33.7326926], [-84.1095925, 33.7327576], [-84.1114548, 33.7327628], [-84.1117691, 33.7325873]]}}, {"type": "Feature", "properties": {"power": "substation", "name": "Encore Recycling Substation", "voltage": "115000", "operator": ""}, "geometry": {"type": "Point", "coordinates": [-84.11193924, 33.73250332]}}, {"type": "Feature", "properties": {"power": "line", "name": "", "voltage": "46000", "operator": ""}, "geometry": {"type": "LineString", "coordinates": [[-84.5222628, 33.9134091], [-84.522502, 33.9134149], [-84.5225111, 33.9125348], [-84.522561, 33.9118444], [-84.522561, 33.9110345], [-84.522572, 33.9106318], [-84.5228194, 33.9106786], [-84.5236763, 33.9108836], [-84.5247479, 33.9111596], [-84.5252648, 33.9112633], [-84.5261429, 33.9114821], [-84.5260813, 33.911867], [-84.5260111, 33.9123415], [-84.5261515, 33.9124765], [-84.5267505, 33.9124736], [-84.5272332, 33.9124807], [-84.527983, 33.9124978], [-84.5286625, 33.9125077], [-84.5293523, 33.9125063], [-84.5302903, 33.9125858], [-84.5308312, 33.9122861], [-84.5317658, 33.9119913], [-84.5323495, 33.9117825], [-84.5328955, 33.9115595], [-84.5334792, 33.9115353], [-84.53389, 33.9118706], [-84.5345011, 33.9123294], [-84.5351583, 33.9128223], [-84.5357745, 33.9132954], [-84.536199, 33.9136874], [-84.5368358, 33.9142599], [-84.5373493, 33.9147144], [-84.5378611, 33.9152016], [-84.5383695, 33.9156732], [-84.538883, 33.9161534], [-84.5393913, 33.9166249], [-84.5398843, 33.9170767], [-84.540545, 33.9177073], [-84.5408822, 33.918034], [-84.5411595, 33.9183749], [-84.5414265, 33.9187542], [-84.5416559, 33.9191178], [-84.5418665, 33.9195027], [-84.5420599, 33.9199104], [-84.5422156, 33.9203024], [-84.5423406, 33.9207058], [-84.5424501, 33.9211234], [-84.542546, 33.9215467], [-84.5425871, 33.9218179], [-84.5426367, 33.922325], [-84.5426555, 33.9228108], [-84.5426213, 33.923359], [-84.54251, 33.9237638], [-84.5423064, 33.9242368], [-84.5421506, 33.9246402], [-84.5419692, 33.9250265], [-84.5417946, 33.9254327], [-84.5416217, 33.9258375], [-84.5413016, 33.926309], [-84.5410311, 33.9266953], [-84.5406528, 33.9272682], [-84.5405101, 33.9276071], [-84.5404742, 33.9281027], [-84.5404862, 33.9284663], [-84.5405136, 33.92881], [-84.5408148, 33.929273], [-84.5408028, 33.9297445], [-84.5407909, 33.9301862], [-84.5407772, 33.9306378], [-84.5407652, 33.9310937], [-84.5407498, 33.9315439], [-84.5407395, 33.9319927], [-84.540731, 33.9324387], [-84.5407207, 33.9328959], [-84.5407515, 33.9333745], [-84.5407772, 33.9338546], [-84.5408028, 33.9344027], [-84.540873, 33.9348671], [-84.5409963, 33.93534], [-84.5411495, 33.9357864], [-84.53984, 33.9361386]]}}, {"type": "Feature", "properties": {"power": "line", "name": "", "voltage": "46000", "operator": ""}, "geometry": {"type": "LineString", "coordinates": [[-84.5236763, 33.9108836], [-84.5238453, 33.9104212], [-84.5239268, 33.910276]]}}, {"type": "Feature", "properties": {"power": "substation", "name": "U.S. Naval Air Station Substation", "voltage": "46000;12000", "operator": ""}, "geometry": {"type": "Point", "coordinates": [-84.52624338000001, 33.91262886]}}, {"type": "Feature", "properties": {"power": "line", "name": "", "voltage": "46000", "operator": ""}, "geometry": {"type": "LineString", "coordinates": [[-84.5261515, 33.9124765], [-84.5262412, 33.9126401]]}}, {"type": "Feature", "properties": {"power": "line", "name": "", "voltage": "46000", "operator": ""}, "geometry": {"type": "LineString", "coordinates": [[-84.5408028, 33.9344027], [-84.5401627, 33.9343928], [-84.5396081, 33.9343928], [-84.5391836, 33.9343942], [-84.5388532, 33.934292], [-84.5381343, 33.9340789], [-84.5374907, 33.9339213], [-84.5367393, 33.9337196]]}}, {"type": "Feature", "properties": {"power": "line", "name": "", "voltage": "115000;46000", "operator": ""}, "geometry": {"type": "LineString", "coordinates": [[-84.53984, 33.9361386], [-84.538812, 33.9364282], [-84.5382609, 33.9365801], [-84.5382712, 33.9368826], [-84.5382609, 33.9374095], [-84.5369104, 33.9373953], [-84.5358269, 33.937391], [-84.5348495, 33.9375217], [-84.5335623, 33.9376978], [-84.5321998, 33.9379718], [-84.5313097, 33.9381437], [-84.5303049, 33.9384646], [-84.5296528, 33.9387018], [-84.5289459, 33.9389716], [-84.5280609, 33.939311], [-84.5270818, 33.939666], [-84.5264382, 33.9399074], [-84.5253105, 33.9402902]]}}, {"type": "Feature", "properties": {"power": "line", "name": "", "voltage": "46000", "operator": ""}, "geometry": {"type": "LineString", "coordinates": [[-84.5253105, 33.9402902], [-84.5245851, 33.9407096], [-84.5239514, 33.9418245], [-84.5239514, 33.9422463], [-84.5239396, 33.9429945], [-84.5239367, 33.9437757], [-84.5239278, 33.9443063], [-84.5239352, 33.9451829], [-84.5239219, 33.9459396], [-84.5239411, 33.9468651], [-84.5244687, 33.9475937], [-84.5249226, 33.9480692], [-84.5256299, 33.9488271], [-84.526383, 33.9496584], [-84.5268266, 33.950112], [-84.5274632, 33.9506963], [-84.5280217, 33.9512574], [-84.5289796, 33.9522463], [-84.529936, 33.9532194], [-84.5308718, 33.9541227], [-84.5312151, 33.9545127], [-84.5319731, 33.9553127], [-84.532564, 33.9558884], [-84.5331373, 33.9564727], [-84.5334489, 33.9568024], [-84.5332993, 33.9575137], [-84.533142, 33.9582059], [-84.5333026, 33.9583925], [-84.5335565, 33.9581652]]}}, {"type": "Feature", "properties": {"power": "line", "name": "", "voltage": "115000", "operator": ""}, "geometry": {"type": "LineString", "coordinates": [[-84.5253105, 33.9402902], [-84.5239717, 33.9407623], [-84.523051, 33.9411827], [-84.5222883, 33.9416497], [-84.5215801, 33.9419101], [-84.5209087, 33.9420608], [-84.5202185, 33.9421519]]}}, {"type": "Feature", "properties": {"power": "line", "name": "", "voltage": "115000", "operator": ""}, "geometry": {"type": "LineString", "coordinates": [[-84.5542395, 33.9477905], [-84.5541026, 33.947367], [-84.5540102, 33.9459504], [-84.5540342, 33.9455464], [-84.5540804, 33.9447753], [-84.5523341, 33.9445762], [-84.5510977, 33.9443984], [-84.5513863, 33.9437224], [-84.5518785, 33.9429866], [-84.5521278, 33.9418462], [-84.5512331, 33.941765], [-84.5496669, 33.9417329], [-84.548027, 33.9417038], [-84.5467227, 33.9416839], [-84.5456841, 33.9416702], [-84.5443209, 33.9416702], [-84.5439043, 33.9410638], [-84.5431837, 33.9400609], [-84.5426303, 33.9390365], [-84.5424208, 33.9386488], [-84.5420511, 33.9379544], [-84.5416909, 33.9373068], [-84.5410505, 33.9363255], [-84.5407198, 33.9359209], [-84.53984, 33.9361386]]}}, {"type": "Feature", "properties": {"power": "substation", "name": "", "voltage": "46000", "operator": ""}, "geometry": {"type": "Point", "coordinates": [-84.5223028857143, 33.913336457142854]}}, {"type": "Feature", "properties": {"power": "line", "name": "", "voltage": "115000", "operator": ""}, "geometry": {"type": "LineString", "coordinates": [[-84.4810713, 33.9275518], [-84.481102, 33.9273623], [-84.4812521, 33.9271221], [-84.4815033, 33.9265183], [-84.4823858, 33.9264954], [-84.4823781, 33.9260352], [-84.4823965, 33.9257149], [-84.4824011, 33.9251212], [-84.4824088, 33.924581], [-84.4824118, 33.9240725], [-84.4824225, 33.9235576], [-84.4824256, 33.923039], [-84.4824349, 33.9225071]]}}, {"type": "Feature", "properties": {"power": "line", "name": "", "voltage": "115000", "operator": ""}, "geometry": {"type": "LineString", "coordinates": [[-84.5075065, 33.963805], [-84.507517, 33.9631974], [-84.5075309, 33.9626022], [-84.5075621, 33.9620388], [-84.5079294, 33.9616246], [-84.5079582, 33.9601432], [-84.5080158, 33.9589684], [-84.5080326, 33.9581759], [-84.5080519, 33.9571783], [-84.5080567, 33.9560533], [-84.5080759, 33.9547669], [-84.5092161, 33.954793], [-84.5105525, 33.9547768], [-84.5111005, 33.9543413], [-84.5111059, 33.9537022], [-84.5111201, 33.9530351], [-84.5107073, 33.9530262]]}}, {"type": "Feature", "properties": {"power": "line", "name": "", "voltage": "230000", "operator": ""}, "geometry": {"type": "LineString", "coordinates": [[-84.524034, 33.5855924], [-84.5240232, 33.5857068], [-84.5240058, 33.5858912]]}}, {"type": "Feature", "properties": {"power": "line", "name": "", "voltage": "230000", "operator": ""}, "geometry": {"type": "LineString", "coordinates": [[-84.5240232, 33.5857068], [-84.5237328, 33.5856961], [-84.5237441, 33.5855719]]}}, {"type": "Feature", "properties": {"power": "line", "name": "", "voltage": "115000", "operator": ""}, "geometry": {"type": "LineString", "coordinates": [[-84.3259128, 33.6271408], [-84.3262978, 33.6272155]]}}, {"type": "Feature", "properties": {"power": "line", "name": "", "voltage": "115000", "operator": ""}, "geometry": {"type": "LineString", "coordinates": [[-84.32587, 33.6272564], [-84.3262429, 33.6273935]]}}, {"type": "Feature", "properties": {"power": "line", "name": "", "voltage": "115000", "operator": ""}, "geometry": {"type": "LineString", "coordinates": [[-84.3262978, 33.6272155], [-84.3263523, 33.6272257], [-84.3265001, 33.6272535]]}}, {"type": "Feature", "properties": {"power": "line", "name": "", "voltage": "115000", "operator": ""}, "geometry": {"type": "LineString", "coordinates": [[-84.3262429, 33.6273935], [-84.3262999, 33.6274039], [-84.3264619, 33.6274334]]}}, {"type": "Feature", "properties": {"power": "line", "name": "", "voltage": "115000", "operator": ""}, "geometry": {"type": "LineString", "coordinates": [[-84.3262999, 33.6274039], [-84.3263523, 33.6272257]]}}, {"type": "Feature", "properties": {"power": "line", "name": "", "voltage": "115000", "operator": ""}, "geometry": {"type": "LineString", "coordinates": [[-84.3356923, 33.6064335], [-84.3387068, 33.6065341], [-84.3401455, 33.6065936], [-84.3417233, 33.6066765], [-84.3436183, 33.6067961], [-84.3469502, 33.6070299], [-84.3507064, 33.6072886], [-84.3530119, 33.60731], [-84.354921, 33.6073332], [-84.3564616, 33.6073511], [-84.3581243, 33.6073654], [-84.3609613, 33.6073957], [-84.3635753, 33.6074171], [-84.3671258, 33.6074689], [-84.3691955, 33.6074817], [-84.3708555, 33.6074879], [-84.373339, 33.6075267], [-84.3768551, 33.6075695], [-84.3805363, 33.6075963], [-84.3837267, 33.6076391]]}}, {"type": "Feature", "properties": {"power": "line", "name": "", "voltage": "115000", "operator": ""}, "geometry": {"type": "LineString", "coordinates": [[-84.3356923, 33.6064335], [-84.3338755, 33.6065126], [-84.333882, 33.6062111]]}}, {"type": "Feature", "properties": {"power": "line", "name": "", "voltage": "115000", "operator": ""}, "geometry": {"type": "LineString", "coordinates": [[-84.3356923, 33.6064335], [-84.3345591, 33.6063288], [-84.334036, 33.6062127]]}}, {"type": "Feature", "properties": {"power": "substation", "name": "", "voltage": "115000", "operator": ""}, "geometry": {"type": "Point", "coordinates": [-84.36198218, 33.6072754]}}, {"type": "Feature", "properties": {"power": "line", "name": "", "voltage": "115000", "operator": ""}, "geometry": {"type": "LineString", "coordinates": [[-84.3837267, 33.6076391], [-84.3855263, 33.6078287]]}}, {"type": "Feature", "properties": {"power": "line", "name": "", "voltage": "115000", "operator": ""}, "geometry": {"type": "LineString", "coordinates": [[-84.3837267, 33.6076391], [-84.3869196, 33.6076675], [-84.3874775, 33.6076652]]}}, {"type": "Feature", "properties": {"power": "line", "name": "", "voltage": "230000", "operator": ""}, "geometry": {"type": "LineString", "coordinates": [[-84.234866, 33.6506732], [-84.2348543, 33.6507434], [-84.2348213, 33.6509428]]}}, {"type": "Feature", "properties": {"power": "line", "name": "", "voltage": "230000", "operator": ""}, "geometry": {"type": "LineString", "coordinates": [[-84.2347125, 33.6506524], [-84.2347001, 33.6507246], [-84.2346654, 33.6509268]]}}, {"type": "Feature", "properties": {"power": "line", "name": "", "voltage": "230000", "operator": ""}, "geometry": {"type": "LineString", "coordinates": [[-84.2348543, 33.6507434], [-84.2347001, 33.6507246]]}}, {"type": "Feature", "properties": {"power": "substation", "name": "", "voltage": "115000", "operator": ""}, "geometry": {"type": "Point", "coordinates": [-84.48848054, 33.65019888]}}, {"type": "Feature", "properties": {"power": "line", "name": "", "voltage": "115000", "operator": ""}, "geometry": {"type": "LineString", "coordinates": [[-84.4886027, 33.6500314], [-84.4893561, 33.6503054], [-84.4889625, 33.6507096], [-84.4880921, 33.651543], [-84.4869125, 33.6527016], [-84.4861075, 33.6534938], [-84.4849041, 33.6546556], [-84.4837958, 33.6557514], [-84.4825606, 33.6569463], [-84.4816188, 33.6578127], [-84.4805462, 33.6588969], [-84.4792952, 33.6600669], [-84.478827, 33.6605356], [-84.4786741, 33.6602922], [-84.4786315, 33.6594665], [-84.4785492, 33.6585295]]}}, {"type": "Feature", "properties": {"power": "substation", "name": "Georgia World Congress Substation", "voltage": "115000", "operator": ""}, "geometry": {"type": "Point", "coordinates": [-84.40040514285714, 33.7632812]}}, {"type": "Feature", "properties": {"power": "line", "name": "", "voltage": "115000", "operator": "Georgia Power"}, "geometry": {"type": "LineString", "coordinates": [[-84.4046338, 33.7630929], [-84.4045991, 33.7633535], [-84.4033769, 33.7633404], [-84.4031435, 33.763367], [-84.4031114, 33.7633677], [-84.4030929, 33.763367], [-84.4030751, 33.7633651], [-84.4026803, 33.7633527], [-84.4022712, 33.7633601], [-84.401219, 33.7633614], [-84.4000456, 33.7633365]]}}, {"type": "Feature", "properties": {"power": "line", "name": "", "voltage": "115000", "operator": ""}, "geometry": {"type": "LineString", "coordinates": [[-84.4000456, 33.7633365], [-84.4000908, 33.7632049]]}}, {"type": "Feature", "properties": {"power": "substation", "name": "", "voltage": "230000", "operator": ""}, "geometry": {"type": "Point", "coordinates": [-84.40712611000001, 33.772516710000005]}}, {"type": "Feature", "properties": {"power": "line", "name": "", "voltage": "230000", "operator": ""}, "geometry": {"type": "LineString", "coordinates": [[-84.4019788, 33.7643086], [-84.4015651, 33.7648035], [-84.4015357, 33.7659592], [-84.4015416, 33.7671687], [-84.4015842, 33.768146], [-84.4030756, 33.7686452], [-84.4034008, 33.7699042], [-84.4040625, 33.7699063], [-84.4048574, 33.7707318], [-84.4062512, 33.7712015], [-84.4075545, 33.7719704], [-84.4075578, 33.772703], [-84.4074336, 33.7725499]]}}, {"type": "Feature", "properties": {"power": "line", "name": "", "voltage": "115000", "operator": "Georgia Power"}, "geometry": {"type": "LineString", "coordinates": [[-84.393372, 33.7650898], [-84.3931365, 33.7650851], [-84.3931519, 33.7652471], [-84.3936523, 33.7652679], [-84.3950614, 33.7653732], [-84.3963045, 33.7652714], [-84.396299, 33.7647413], [-84.3971019, 33.764155], [-84.3973482, 33.7640555], [-84.398751, 33.763489], [-84.400349, 33.7634902], [-84.401146, 33.7640026], [-84.4019788, 33.7643086]]}}, {"type": "Feature", "properties": {"power": "line", "name": "", "voltage": "230000;115000", "operator": "Georgia Power"}, "geometry": {"type": "LineString", "coordinates": [[-84.4019788, 33.7643086], [-84.4028543, 33.7641573], [-84.4038291, 33.7641734], [-84.4052906, 33.764359]]}}, {"type": "Feature", "properties": {"power": "line", "name": "", "voltage": "230000", "operator": ""}, "geometry": {"type": "LineString", "coordinates": [[-84.4052906, 33.764359], [-84.4052914, 33.7635708], [-84.4050909, 33.7628258], [-84.4038758, 33.7628604]]}}, {"type": "Feature", "properties": {"power": "substation", "name": "Center Hill Substation", "voltage": "115000", "operator": ""}, "geometry": {"type": "Point", "coordinates": [-84.47393707777778, 33.77866575555556]}}, {"type": "Feature", "properties": {"power": "line", "name": "", "voltage": "115000", "operator": ""}, "geometry": {"type": "LineString", "coordinates": [[-84.4737557, 33.7787034], [-84.474486, 33.7787014], [-84.4750959, 33.7787124], [-84.4745565, 33.7781823], [-84.4740378, 33.7776387], [-84.4739584, 33.7768618], [-84.4738541, 33.7762828], [-84.4737953, 33.7755865], [-84.4735939, 33.7747265], [-84.4735469, 33.7738348], [-84.4734955, 33.7727891], [-84.4734088, 33.7718179], [-84.4734632, 33.7707759], [-84.4730032, 33.7703397], [-84.4724829, 33.7697961], [-84.4718466, 33.7691462], [-84.4709075, 33.7681493], [-84.4704666, 33.7676106], [-84.4702785, 33.7672441], [-84.4701757, 33.7670071], [-84.4700214, 33.7664219], [-84.4699552, 33.7657011], [-84.469967, 33.7652368], [-84.4699435, 33.7645649], [-84.4699405, 33.7639186], [-84.4699067, 33.7632417], [-84.4697936, 33.7624769], [-84.4696686, 33.7617891], [-84.4695584, 33.7610463], [-84.469432, 33.7602448], [-84.4694791, 33.7595703], [-84.4694306, 33.7587603], [-84.4693733, 33.7582019], [-84.4692968, 33.7575263], [-84.4691514, 33.7567247], [-84.4690191, 33.7559635], [-84.4700493, 33.7558829], [-84.4719318, 33.7558621], [-84.4732545, 33.7558915], [-84.4745198, 33.7559], [-84.4756484, 33.755911], [-84.4769064, 33.7559403], [-84.4782261, 33.7559501], [-84.4792431, 33.7559635], [-84.4802645, 33.7559807], [-84.4820926, 33.7560014], [-84.4819707, 33.7555909], [-84.4819236, 33.7551632], [-84.4821382, 33.7549433], [-84.4830376, 33.7550447], [-84.4836651, 33.7550997], [-84.4851803, 33.7552537], [-84.4861796, 33.7553612], [-84.4871907, 33.7554736], [-84.4881665, 33.7555518], [-84.4890277, 33.7556385], [-84.4899785, 33.7557558], [-84.4905943, 33.7558243], [-84.4915128, 33.7559171], [-84.4923063, 33.755999], [-84.4928942, 33.7560503], [-84.4941463, 33.7561896], [-84.4950369, 33.7562751], [-84.4957048, 33.7565459]]}}, {"type": "Feature", "properties": {"power": "line", "name": "", "voltage": "115000", "operator": ""}, "geometry": {"type": "LineString", "coordinates": [[-84.473774, 33.7788377], [-84.4745759, 33.778837], [-84.475204, 33.7788299], [-84.4758305, 33.7794499], [-84.4764552, 33.7800628], [-84.4767147, 33.7807935], [-84.4767659, 33.7817015], [-84.476759, 33.7829287], [-84.476759, 33.7840041], [-84.4767625, 33.7852256], [-84.4767795, 33.7863223], [-84.4767676, 33.7871877], [-84.4767685, 33.7879071], [-84.4766227, 33.7887152], [-84.4762186, 33.789172], [-84.4758306, 33.7897192], [-84.4755411, 33.7900758], [-84.4751506, 33.7905369], [-84.4747975, 33.790949], [-84.4743161, 33.79162], [-84.4741164, 33.7920059], [-84.4739487, 33.7928147], [-84.474017, 33.7936247], [-84.4744267, 33.7953879], [-84.4747132, 33.7965807], [-84.4749488, 33.7975972], [-84.4751306, 33.7984], [-84.4752938, 33.799197], [-84.4754039, 33.7999824], [-84.4754595, 33.800772], [-84.4755089, 33.8016457], [-84.4755367, 33.8024489], [-84.4755894, 33.8035595], [-84.475662, 33.804792], [-84.4756965, 33.8055516], [-84.4757311, 33.8063725], [-84.4757449, 33.8071666], [-84.476187, 33.807999], [-84.4750198, 33.8080018], [-84.4741886, 33.8079996], [-84.473383, 33.8079999], [-84.4724851, 33.8079865], [-84.4717195, 33.8080062], [-84.4719371, 33.8084667], [-84.4720434, 33.8091952], [-84.4715575, 33.8102644], [-84.4711362, 33.8110434], [-84.4704429, 33.812122], [-84.4699013, 33.8125362], [-84.4691751, 33.8129598], [-84.468626, 33.8134508], [-84.468446, 33.8136934], [-84.4681355, 33.8142439], [-84.4678466, 33.8147251], [-84.4675032, 33.8152704], [-84.4680285, 33.8161263], [-84.4677812, 33.8167581], [-84.468306, 33.8175858]]}}, {"type": "Feature", "properties": {"power": "line", "name": "", "voltage": "115000", "operator": ""}, "geometry": {"type": "LineString", "coordinates": [[-84.4755367, 33.8024489], [-84.4760025, 33.8024446], [-84.476786, 33.8024134], [-84.4776121, 33.8023865], [-84.4784673, 33.8023482]]}}, {"type": "Feature", "properties": {"power": "substation", "name": "", "voltage": "115000", "operator": ""}, "geometry": {"type": "Point", "coordinates": [-84.47839374, 33.80226718]}}, {"type": "Feature", "properties": {"power": "line", "name": "", "voltage": "115000", "operator": ""}, "geometry": {"type": "LineString", "coordinates": [[-84.4718614, 33.8235657], [-84.4706727, 33.8246364], [-84.4695939, 33.8255794], [-84.4687336, 33.8244308], [-84.4689128, 33.824357]]}}, {"type": "Feature", "properties": {"power": "line", "name": "", "voltage": "46000", "operator": ""}, "geometry": {"type": "LineString", "coordinates": [[-84.5538504, 33.7656416], [-84.5541591, 33.7652577], [-84.5549403, 33.764255], [-84.5532062, 33.7628207], [-84.5517572, 33.763533], [-84.5501875, 33.7624258], [-84.551101, 33.761739], [-84.5519956, 33.7610264], [-84.5529549, 33.7602999], [-84.5539398, 33.7595506], [-84.5549042, 33.7588211], [-84.5555307, 33.7583486], [-84.5563824, 33.7576943], [-84.5569654, 33.7572504], [-84.5575429, 33.7568068], [-84.5581337, 33.7563625], [-84.5586935, 33.7559282], [-84.5590964, 33.7555664], [-84.5598526, 33.7550129], [-84.55946, 33.7545545], [-84.5590315, 33.754079], [-84.5587686, 33.7537966], [-84.5582105, 33.7531069], [-84.5570173, 33.75176], [-84.5560085, 33.7506189], [-84.5553189, 33.7498199], [-84.5540438, 33.7483665], [-84.5534276, 33.7488093], [-84.5526987, 33.7493643], [-84.552173, 33.7498156], [-84.5515073, 33.7503975], [-84.5510037, 33.7508559], [-84.5504675, 33.7513055], [-84.5499222, 33.7517902], [-84.5493493, 33.7522946], [-84.548806, 33.752776], [-84.5481458, 33.7533447], [-84.5475649, 33.753854], [-84.5469681, 33.7543535], [-84.5463515, 33.7548843], [-84.5459015, 33.7552338], [-84.545608, 33.7555091], [-84.5449894, 33.7561008], [-84.5446583, 33.7564041], [-84.5440497, 33.7569135], [-84.5433713, 33.7574811], [-84.542705, 33.7580555], [-84.5421144, 33.7585678], [-84.5413958, 33.759117], [-84.5406516, 33.7595654], [-84.5399739, 33.7599798], [-84.5392621, 33.7604226], [-84.5384803, 33.7608895], [-84.5378351, 33.7612911], [-84.5372149, 33.7616741], [-84.5365941, 33.7620489], [-84.535985, 33.7624053], [-84.5354192, 33.7627462], [-84.534652, 33.7632312], [-84.5339951, 33.7636381], [-84.5333529, 33.7640241], [-84.5325226, 33.7644346], [-84.5318363, 33.7647828], [-84.5312808, 33.7650308], [-84.5307018, 33.7652935], [-84.5298259, 33.7656453], [-84.5289456, 33.7660363], [-84.5282725, 33.7663698], [-84.5273055, 33.7668414], [-84.5265046, 33.7671871], [-84.5259123, 33.7674205], [-84.5252407, 33.7676953], [-84.5245559, 33.7679629], [-84.5238681, 33.7674559], [-84.5234522, 33.7672849], [-84.5227821, 33.7671114], [-84.5220194, 33.7668927], [-84.521286, 33.766707], [-84.5204983, 33.7665103], [-84.519765, 33.7663784], [-84.5190581, 33.7663991], [-84.5181823, 33.7666337], [-84.517565, 33.7670992], [-84.5171506, 33.7666068], [-84.51672, 33.7660387], [-84.5159705, 33.7660583], [-84.5149447, 33.7660754], [-84.5141453, 33.766079], [-84.51319, 33.7660876], [-84.5122539, 33.766112], [-84.5114824, 33.766123], [-84.5112252, 33.7658213], [-84.5103273, 33.7658995], [-84.509492, 33.7659511]]}}, {"type": "Feature", "properties": {"power": "line", "name": "", "voltage": "", "operator": ""}, "geometry": {"type": "LineString", "coordinates": [[-84.5515073, 33.7503975], [-84.5510157, 33.7496425], [-84.5507082, 33.7491525]]}}, {"type": "Feature", "properties": {"power": "line", "name": "", "voltage": "230000;46000", "operator": "Georgia Power"}, "geometry": {"type": "LineString", "coordinates": [[-84.5476753, 33.7466867], [-84.5485355, 33.747074], [-84.5491931, 33.7475184], [-84.5496981, 33.7478839], [-84.5502433, 33.748469], [-84.5507082, 33.7491525]]}}, {"type": "Feature", "properties": {"power": "line", "name": "", "voltage": "230000", "operator": "Georgia Power"}, "geometry": {"type": "LineString", "coordinates": [[-84.5472488, 33.7475557], [-84.5476753, 33.7466867]]}}, {"type": "Feature", "properties": {"power": "line", "name": "", "voltage": "230000", "operator": "Georgia Power"}, "geometry": {"type": "LineString", "coordinates": [[-84.5470002, 33.7474654], [-84.5474395, 33.7466384]]}}, {"type": "Feature", "properties": {"power": "line", "name": "", "voltage": "46000", "operator": ""}, "geometry": {"type": "LineString", "coordinates": [[-84.5476753, 33.7466867], [-84.5474395, 33.7466384]]}}, {"type": "Feature", "properties": {"power": "line", "name": "", "voltage": "230000;46000", "operator": "Georgia Power"}, "geometry": {"type": "LineString", "coordinates": [[-84.5474395, 33.7466384], [-84.545856, 33.7462972], [-84.5448348, 33.7466685], [-84.5441662, 33.7468833], [-84.5431547, 33.7471021], [-84.5420974, 33.7472486]]}}, {"type": "Feature", "properties": {"power": "line", "name": "", "voltage": "46000", "operator": ""}, "geometry": {"type": "LineString", "coordinates": [[-84.5420974, 33.7472486], [-84.5415319, 33.7472742], [-84.540728, 33.7473109], [-84.5399888, 33.7476188], [-84.5391556, 33.7472815], [-84.5386957, 33.7468931], [-84.5382073, 33.7463965], [-84.5377012, 33.7463281], [-84.5368842, 33.7463104], [-84.536264, 33.7463018], [-84.5357687, 33.746292], [-84.5347915, 33.7462859], [-84.5339964, 33.7462884], [-84.5332557, 33.7462713], [-84.5325782, 33.7462664], [-84.5318493, 33.746259], [-84.5311998, 33.746236], [-84.530653, 33.7462233], [-84.5300702, 33.7462224], [-84.5294613, 33.7462061], [-84.5287957, 33.7461961], [-84.5281051, 33.7462106], [-84.5274286, 33.7462088], [-84.5269903, 33.7461931], [-84.5261717, 33.7461735], [-84.5255853, 33.7461576], [-84.5248432, 33.7461845], [-84.5239371, 33.7464421], [-84.5236777, 33.7471532], [-84.5231564, 33.7474373], [-84.52283, 33.747695], [-84.5218886, 33.7478876], [-84.5213623, 33.7478024], [-84.5206107, 33.7478539], [-84.5201704, 33.7477739], [-84.5194872, 33.747614], [-84.5186977, 33.7474268], [-84.5178449, 33.7472511], [-84.5171376, 33.7470722], [-84.5167049, 33.7469428], [-84.5162013, 33.7468113], [-84.5154118, 33.746622], [-84.5147273, 33.7464947], [-84.5140605, 33.746482], [-84.5135178, 33.7466104], [-84.5129383, 33.7468334], [-84.5123816, 33.7472037], [-84.5119957, 33.7476067], [-84.5117034, 33.7481569], [-84.5114807, 33.748684], [-84.5110353, 33.7490827], [-84.5103774, 33.7490532], [-84.5099282, 33.7490353], [-84.5094829, 33.7490322], [-84.5091033, 33.7489712], [-84.5083366, 33.748807], [-84.5072204, 33.7489373], [-84.5061703, 33.7494591], [-84.5049835, 33.7497795], [-84.5039707, 33.7499448], [-84.5032282, 33.7499603], [-84.5016499, 33.749795], [-84.5011562, 33.7499359], [-84.5004478, 33.7502964], [-84.4997667, 33.7504596], [-84.498416, 33.7503187], [-84.4983784, 33.7499015]]}}, {"type": "Feature", "properties": {"power": "line", "name": "", "voltage": "46000", "operator": ""}, "geometry": {"type": "LineString", "coordinates": [[-84.5537563, 33.7655896], [-84.5539543, 33.7653001], [-84.5547395, 33.7642699], [-84.5531947, 33.7630027], [-84.5517506, 33.7636994], [-84.5502775, 33.7626678], [-84.5496118, 33.762181], [-84.5481319, 33.7612941], [-84.5466571, 33.760349], [-84.5458582, 33.7609252], [-84.5451089, 33.7615623], [-84.5447457, 33.7620048], [-84.544296, 33.7623725], [-84.543814, 33.7627757], [-84.5430263, 33.763378], [-84.5425766, 33.7636505], [-84.5421004, 33.7639437], [-84.5416281, 33.7642315], [-84.540914, 33.7646875], [-84.5401915, 33.7651387], [-84.5395309, 33.76428], [-84.5391474, 33.7638463], [-84.5387638, 33.7634224], [-84.5383406, 33.7629386], [-84.5380261, 33.7625782], [-84.5375323, 33.7620381], [-84.5372149, 33.7616741]]}}, {"type": "Feature", "properties": {"power": "line", "name": "", "voltage": "115000", "operator": ""}, "geometry": {"type": "LineString", "coordinates": [[-84.7037215, 33.7820098], [-84.7034798, 33.7818016], [-84.7028624, 33.7813153], [-84.7004024, 33.779029], [-84.6992231, 33.7779278], [-84.6992761, 33.776466], [-84.6992991, 33.775625], [-84.6993014, 33.774456], [-84.699306, 33.7734195], [-84.6993268, 33.7724635], [-84.6993337, 33.7710949], [-84.7001143, 33.770114], [-84.7009017, 33.7691791], [-84.7009086, 33.7681962], [-84.7009271, 33.7671615], [-84.7009363, 33.7661614], [-84.699433, 33.7660347], [-84.6994353, 33.7651343], [-84.699433, 33.7643012], [-84.6994469, 33.7633739], [-84.6994492, 33.7619072], [-84.6988788, 33.7617651], [-84.6974817, 33.7608743], [-84.6963162, 33.7609783], [-84.695016, 33.7610708], [-84.6935467, 33.7611915], [-84.6922922, 33.7612807], [-84.691147, 33.7613667], [-84.6899025, 33.7614725], [-84.6885466, 33.7615832], [-84.6873537, 33.7616675], [-84.6863676, 33.7617402], [-84.6852979, 33.7618295], [-84.6840792, 33.7619303], [-84.6829917, 33.7619353], [-84.6810274, 33.7619336], [-84.679759, 33.7619584], [-84.6785067, 33.7619669], [-84.6775468, 33.7622557], [-84.676552, 33.7625461], [-84.6756312, 33.7628178], [-84.6742376, 33.7632365], [-84.6727844, 33.7623206], [-84.6717094, 33.7616747], [-84.6706817, 33.7610441], [-84.6707105, 33.7595882], [-84.6692697, 33.7600496], [-84.6678227, 33.7605281], [-84.666349, 33.760998], [-84.6650417, 33.7614201], [-84.6636687, 33.7618814], [-84.6625362, 33.7622642], [-84.6610522, 33.7627461], [-84.6598642, 33.7631596], [-84.6587111, 33.7635577], [-84.6575189, 33.7639593], [-84.6564686, 33.7643335], [-84.6553094, 33.7647333], [-84.6529703, 33.7655518], [-84.6514678, 33.7661088], [-84.6505717, 33.7668504], [-84.649472, 33.767105], [-84.6483025, 33.7673835], [-84.6472111, 33.7676278], [-84.6469973, 33.7685522], [-84.646615, 33.7691314], [-84.6456408, 33.7693348], [-84.6446542, 33.7695518], [-84.6438731, 33.7697124], [-84.6416245, 33.7701788], [-84.6405878, 33.7703977], [-84.6403795, 33.7697478], [-84.6403591, 33.7696838]]}}, {"type": "Feature", "properties": {"power": "line", "name": "", "voltage": "230000", "operator": ""}, "geometry": {"type": "LineString", "coordinates": [[-84.6107171, 33.9322577], [-84.6108326, 33.9322952], [-84.6107755, 33.9324177], [-84.6106796, 33.9326236]]}}, {"type": "Feature", "properties": {"power": "line", "name": "", "voltage": "230000", "operator": ""}, "geometry": {"type": "LineString", "coordinates": [[-84.6106655, 33.9323806], [-84.6107755, 33.9324177]]}}, {"type": "Feature", "properties": {"power": "substation", "name": "", "voltage": "115000", "operator": ""}, "geometry": {"type": "Point", "coordinates": [-84.4319749, 33.91201364444444]}}, {"type": "Feature", "properties": {"power": "line", "name": "", "voltage": "115000", "operator": ""}, "geometry": {"type": "LineString", "coordinates": [[-84.4320459, 33.9116657], [-84.431484, 33.9118114], [-84.4316193, 33.9112086], [-84.4321517, 33.9106737], [-84.4328756, 33.9098512], [-84.4330197, 33.9092491], [-84.432976, 33.9086121], [-84.4337031, 33.9079334], [-84.4340528, 33.9072896], [-84.4343071, 33.9064631], [-84.4345905, 33.9055478], [-84.4354277, 33.9048597], [-84.4365369, 33.9047159], [-84.4380413, 33.9043705], [-84.4387571, 33.9040358], [-84.4396089, 33.9036151], [-84.4405497, 33.9031272], [-84.4414598, 33.9027818], [-84.444416, 33.9016165], [-84.4466843, 33.9008042], [-84.4482024, 33.8999872], [-84.4486594, 33.9003744], [-84.4492933, 33.9008318], [-84.4500362, 33.9013876], [-84.4505685, 33.9017435], [-84.4513679, 33.9021322], [-84.4520093, 33.9022618], [-84.4525077, 33.9023008], [-84.4534482, 33.9022774], [-84.4543341, 33.9022259], [-84.4553818, 33.9023898], [-84.4562394, 33.9023976], [-84.4568639, 33.9023945], [-84.4577724, 33.9024195], [-84.4582407, 33.9029862], [-84.458963, 33.9032968], [-84.4596608, 33.9036153], [-84.4603116, 33.9039291], [-84.461111, 33.9042928], [-84.4618031, 33.9046004], [-84.4628339, 33.9050062], [-84.4636408, 33.9054168], [-84.4647583, 33.9056927]]}}, {"type": "Feature", "properties": {"power": "line", "name": "", "voltage": "115000", "operator": ""}, "geometry": {"type": "LineString", "coordinates": [[-84.3281965, 33.7905716], [-84.3282401, 33.7907524], [-84.3282089, 33.7908152]]}}, {"type": "Feature", "properties": {"power": "line", "name": "", "voltage": "115000", "operator": ""}, "geometry": {"type": "LineString", "coordinates": [[-84.3178609, 33.7912732], [-84.3179886, 33.7912447], [-84.3180121, 33.7913264], [-84.3180563, 33.7914806], [-84.3179328, 33.7915034]]}}, {"type": "Feature", "properties": {"power": "line", "name": "", "voltage": "115000", "operator": ""}, "geometry": {"type": "LineString", "coordinates": [[-84.3180563, 33.7914806], [-84.3181799, 33.7914577]]}}, {"type": "Feature", "properties": {"power": "line", "name": "", "voltage": "115000", "operator": ""}, "geometry": {"type": "LineString", "coordinates": [[-84.3180121, 33.7913264], [-84.3181399, 33.7913031]]}}, {"type": "Feature", "properties": {"power": "line", "name": "", "voltage": "230000", "operator": ""}, "geometry": {"type": "LineString", "coordinates": [[-84.5495955, 33.9730836], [-84.5489468, 33.9731532], [-84.5483956, 33.973217], [-84.5485428, 33.9739793], [-84.5484743, 33.9746621], [-84.5483908, 33.9749374]]}}, {"type": "Feature", "properties": {"power": "line", "name": "", "voltage": "230000", "operator": ""}, "geometry": {"type": "LineString", "coordinates": [[-84.5484569, 33.9749999], [-84.5485839, 33.9747771], [-84.5486335, 33.9739609], [-84.5485103, 33.9733576], [-84.5490734, 33.9733122], [-84.549645, 33.9732572]]}}, {"type": "Feature", "properties": {"power": "line", "name": "", "voltage": "230000", "operator": ""}, "geometry": {"type": "LineString", "coordinates": [[-84.5495955, 33.9730836], [-84.549649, 33.9730718], [-84.5497995, 33.9730387]]}}, {"type": "Feature", "properties": {"power": "line", "name": "", "voltage": "230000", "operator": ""}, "geometry": {"type": "LineString", "coordinates": [[-84.549645, 33.9732572], [-84.5497063, 33.973244], [-84.5498607, 33.9732108]]}}, {"type": "Feature", "properties": {"power": "line", "name": "", "voltage": "230000", "operator": ""}, "geometry": {"type": "LineString", "coordinates": [[-84.5497063, 33.973244], [-84.5496776, 33.9731579], [-84.549649, 33.9730718]]}}, {"type": "Feature", "properties": {"power": "line", "name": "", "voltage": "230000", "operator": "Georgia Power"}, "geometry": {"type": "LineString", "coordinates": [[-84.3525407, 33.9360198], [-84.3527087, 33.9354659]]}}, {"type": "Feature", "properties": {"power": "line", "name": "", "voltage": "230000", "operator": ""}, "geometry": {"type": "LineString", "coordinates": [[-84.3520263, 33.9354691], [-84.3522522, 33.9360187]]}}, {"type": "Feature", "properties": {"power": "line", "name": "", "voltage": "230000", "operator": ""}, "geometry": {"type": "LineString", "coordinates": [[-84.3525407, 33.9360198], [-84.3525413, 33.9358956], [-84.3525423, 33.9356987]]}}, {"type": "Feature", "properties": {"power": "line", "name": "", "voltage": "230000", "operator": ""}, "geometry": {"type": "LineString", "coordinates": [[-84.3526959, 33.9356998], [-84.3526946, 33.9358966], [-84.3525413, 33.9358956], [-84.3523959, 33.9358953], [-84.3522505, 33.935895], [-84.3520361, 33.9358945], [-84.3520374, 33.9356956]]}}, {"type": "Feature", "properties": {"power": "line", "name": "", "voltage": "230000", "operator": ""}, "geometry": {"type": "LineString", "coordinates": [[-84.3522522, 33.9360187], [-84.3522505, 33.935895], [-84.3522543, 33.9357061]]}}, {"type": "Feature", "properties": {"power": "line", "name": "", "voltage": "115000", "operator": ""}, "geometry": {"type": "LineString", "coordinates": [[-84.3089186, 33.921725], [-84.3089186, 33.9219924], [-84.3092954, 33.9219956], [-84.3093081, 33.9228821], [-84.3093144, 33.924357], [-84.3093208, 33.925853], [-84.3100821, 33.9264257], [-84.3109727, 33.9270258], [-84.3116972, 33.9275206], [-84.3124381, 33.9280301], [-84.3131981, 33.928567], [-84.3136308, 33.9290134], [-84.3141624, 33.9298798], [-84.3150366, 33.9307767], [-84.3161011, 33.9315715], [-84.316653, 33.9319315], [-84.3164951, 33.9326926], [-84.3163154, 33.9335533], [-84.3160859, 33.9344731], [-84.3157123, 33.9358906], [-84.3156668, 33.9361362], [-84.3154818, 33.9371349], [-84.3153704, 33.9378273], [-84.315295, 33.9383203], [-84.3152044, 33.9389682], [-84.3154239, 33.939773], [-84.3156675, 33.9406475], [-84.3158947, 33.9414359], [-84.3161154, 33.9423965], [-84.3163655, 33.9434504], [-84.3164802, 33.9446619], [-84.3166768, 33.9458635], [-84.316868, 33.9467751], [-84.3175878, 33.9479549], [-84.3186376, 33.9484424], [-84.3194601, 33.9492525], [-84.3195344, 33.9509098], [-84.3195595, 33.9518023], [-84.3194928, 33.9530118], [-84.3194604, 33.9545802], [-84.3194518, 33.9560856]]}}, {"type": "Feature", "properties": {"power": "substation", "name": "Colonial Pipeline Substation", "voltage": "46000", "operator": ""}, "geometry": {"type": "Point", "coordinates": [-84.27105897999999, 33.915113180000006]}}, {"type": "Feature", "properties": {"power": "line", "name": "", "voltage": "46000", "operator": ""}, "geometry": {"type": "LineString", "coordinates": [[-84.2709901, 33.9151349], [-84.2707945, 33.9152488], [-84.2699781, 33.9152965]]}}, {"type": "Feature", "properties": {"power": "line", "name": "", "voltage": "46000", "operator": ""}, "geometry": {"type": "LineString", "coordinates": [[-84.2699365, 33.9355872], [-84.2694097, 33.9348354], [-84.2688821, 33.9340883], [-84.2687628, 33.9326639], [-84.2686905, 33.9313813], [-84.2687303, 33.9309276], [-84.2688305, 33.9297709], [-84.2689116, 33.9287842], [-84.2689689, 33.9281199], [-84.2690236, 33.9274868], [-84.269086, 33.9267067], [-84.2696813, 33.9255639], [-84.2699745, 33.9247043], [-84.2700689, 33.9237444], [-84.270032, 33.9227258], [-84.270007, 33.9214968], [-84.2699421, 33.920011], [-84.2699156, 33.918727], [-84.2699348, 33.9172546], [-84.2699583, 33.9166537], [-84.2699736, 33.9159755], [-84.2699781, 33.9152965], [-84.270026, 33.9142933], [-84.2700274, 33.9136329], [-84.270023, 33.9129003], [-84.2700392, 33.9122766], [-84.2700613, 33.9116663], [-84.2700775, 33.9110157], [-84.27095, 33.9103748], [-84.2719167, 33.9097107], [-84.2726565, 33.909213], [-84.2733064, 33.9087849], [-84.2739356, 33.9083495], [-84.2749475, 33.907624], [-84.2756771, 33.9070383], [-84.2766454, 33.9063076], [-84.2760632, 33.9056796]]}}, {"type": "Feature", "properties": {"power": "line", "name": "", "voltage": "115000", "operator": "Georgia Power"}, "geometry": {"type": "LineString", "coordinates": [[-84.2790358, 33.9030962], [-84.2795991, 33.9023902], [-84.280244, 33.9017349], [-84.2809375, 33.9009584], [-84.2817067, 33.9000812], [-84.282351, 33.8998225], [-84.2830082, 33.9002393]]}}, {"type": "Feature", "properties": {"power": "line", "name": "", "voltage": "115000;46000", "operator": "Georgia Power"}, "geometry": {"type": "LineString", "coordinates": [[-84.2760632, 33.9056796], [-84.2765818, 33.9050082], [-84.2773661, 33.904114], [-84.2781359, 33.9036417], [-84.2790358, 33.9030962]]}}, {"type": "Feature", "properties": {"power": "line", "name": "", "voltage": "115000", "operator": ""}, "geometry": {"type": "LineString", "coordinates": [[-84.2738217, 33.9345335], [-84.2737319, 33.9348784], [-84.2728333, 33.9348361], [-84.2715941, 33.9348195], [-84.2699365, 33.9355872]]}}, {"type": "Feature", "properties": {"power": "line", "name": "", "voltage": "115000", "operator": ""}, "geometry": {"type": "LineString", "coordinates": [[-84.2603168, 33.940055], [-84.2597388, 33.9405885], [-84.259529, 33.9407613]]}}, {"type": "Feature", "properties": {"power": "line", "name": "", "voltage": "230000;115000", "operator": ""}, "geometry": {"type": "LineString", "coordinates": [[-84.2586236, 33.9404641], [-84.2543065, 33.9393564], [-84.2511523, 33.9385152], [-84.2475608, 33.9376006]]}}, {"type": "Feature", "properties": {"power": "line", "name": "", "voltage": "115000", "operator": ""}, "geometry": {"type": "LineString", "coordinates": [[-84.2475608, 33.9376006], [-84.2461616, 33.9373061], [-84.2448999, 33.9369962], [-84.2442158, 33.9368102], [-84.2426613, 33.9363875], [-84.2414588, 33.9360099]]}}, {"type": "Feature", "properties": {"power": "line", "name": "", "voltage": "230000", "operator": ""}, "geometry": {"type": "LineString", "coordinates": [[-84.2475608, 33.9376006], [-84.2445321, 33.9367339], [-84.2445916, 33.9364334]]}}, {"type": "Feature", "properties": {"power": "line", "name": "", "voltage": "230000", "operator": ""}, "geometry": {"type": "LineString", "coordinates": [[-84.244324, 33.9363673], [-84.2441724, 33.9366458], [-84.2414588, 33.9360099]]}}, {"type": "Feature", "properties": {"power": "line", "name": "", "voltage": "46000", "operator": ""}, "geometry": {"type": "LineString", "coordinates": [[-84.2467528, 33.9064695], [-84.2467582, 33.9069207], [-84.2467274, 33.9073952], [-84.2467376, 33.9078328], [-84.2467376, 33.9082092], [-84.2467936, 33.9090301], [-84.2469953, 33.909804], [-84.2470778, 33.9106927], [-84.247159, 33.9111423], [-84.2474658, 33.9111441]]}}, {"type": "Feature", "properties": {"power": "substation", "name": "", "voltage": "46000", "operator": ""}, "geometry": {"type": "Point", "coordinates": [-84.24749682, 33.91071282]}}, {"type": "Feature", "properties": {"power": "substation", "name": "", "voltage": "46000", "operator": ""}, "geometry": {"type": "Point", "coordinates": [-84.24750470000001, 33.91115036]}}, {"type": "Feature", "properties": {"power": "line", "name": "", "voltage": "46000", "operator": ""}, "geometry": {"type": "LineString", "coordinates": [[-84.2470778, 33.9106927], [-84.2474669, 33.9107062]]}}, {"type": "Feature", "properties": {"power": "line", "name": "Dead End", "voltage": "46000", "operator": ""}, "geometry": {"type": "LineString", "coordinates": [[-84.2557458, 33.8985704], [-84.2567576, 33.8985646], [-84.257732, 33.8985646], [-84.2583778, 33.8985594], [-84.2591213, 33.8985604], [-84.2598788, 33.8985562], [-84.2604129, 33.8985478], [-84.2608874, 33.8987394]]}}, {"type": "Feature", "properties": {"power": "line", "name": "", "voltage": "115000", "operator": "Georgia Power"}, "geometry": {"type": "LineString", "coordinates": [[-84.258992, 33.8954061], [-84.2576091, 33.8965519], [-84.2564764, 33.8974878], [-84.2550935, 33.8986442], [-84.2533874, 33.9000788], [-84.2520687, 33.901158], [-84.2515694, 33.9015755], [-84.2512245, 33.9018638], [-84.2496085, 33.903255], [-84.2480649, 33.9047266], [-84.2467676, 33.905945], [-84.245216, 33.9072695], [-84.243958, 33.9082401], [-84.2427096, 33.9091626], [-84.241008, 33.9104626], [-84.2392884, 33.9118708], [-84.2383505, 33.9126505], [-84.2362743, 33.9143829]]}}, {"type": "Feature", "properties": {"power": "line", "name": "", "voltage": "115000;46000", "operator": "Georgia Power"}, "geometry": {"type": "LineString", "coordinates": [[-84.2626661, 33.8922986], [-84.260055, 33.8944981], [-84.258992, 33.8954061]]}}, {"type": "Feature", "properties": {"power": "line", "name": "", "voltage": "46000", "operator": ""}, "geometry": {"type": "LineString", "coordinates": [[-84.2158229, 33.9309539], [-84.2158557, 33.9310162], [-84.215785, 33.9310417], [-84.2157145, 33.9310673], [-84.215644, 33.9310928]]}}, {"type": "Feature", "properties": {"power": "line", "name": "", "voltage": "115000", "operator": "Georgia Power"}, "geometry": {"type": "LineString", "coordinates": [[-84.2150697, 33.9323176], [-84.2149283, 33.9323702], [-84.2150818, 33.9320194], [-84.215036, 33.9316619], [-84.2149482, 33.9310817], [-84.2144079, 33.9308717]]}}, {"type": "Feature", "properties": {"power": "line", "name": "", "voltage": "46000", "operator": ""}, "geometry": {"type": "LineString", "coordinates": [[-84.2106078, 33.9321687], [-84.2105822, 33.9323017], [-84.2104194, 33.9331145], [-84.2102107, 33.9341752], [-84.2113539, 33.9340745], [-84.2124357, 33.9344694]]}}, {"type": "Feature", "properties": {"power": "line", "name": "", "voltage": "230000", "operator": ""}, "geometry": {"type": "LineString", "coordinates": [[-84.2149372, 33.9338561], [-84.2136825, 33.9340714], [-84.2124357, 33.9344694]]}}, {"type": "Feature", "properties": {"power": "line", "name": "", "voltage": "115000;46000", "operator": "Georgia Power"}, "geometry": {"type": "LineString", "coordinates": [[-84.2144079, 33.9308717], [-84.213731, 33.9310547], [-84.2130277, 33.9312571], [-84.2123028, 33.9314479], [-84.2115985, 33.9316702], [-84.2106078, 33.9321687]]}}, {"type": "Feature", "properties": {"power": "line", "name": "", "voltage": "46000", "operator": ""}, "geometry": {"type": "LineString", "coordinates": [[-84.1681657, 33.9705967], [-84.1684913, 33.9710647], [-84.1688466, 33.971583], [-84.1692557, 33.9720946], [-84.1700577, 33.9715318], [-84.1709254, 33.9709123], [-84.1714873, 33.9704919], [-84.1721484, 33.9700214], [-84.1727104, 33.9696166], [-84.173452, 33.9690794], [-84.1745162, 33.9701618], [-84.1750289, 33.9708742], [-84.173944, 33.9712935], [-84.173487, 33.971809], [-84.1728766, 33.972195], [-84.1717997, 33.9730225], [-84.1709173, 33.9736119], [-84.170059, 33.9742259], [-84.1692932, 33.9747697], [-84.168577, 33.9752635], [-84.1690263, 33.9759208], [-84.1694179, 33.976528], [-84.1692463, 33.9766092]]}}, {"type": "Feature", "properties": {"power": "line", "name": "", "voltage": "46000", "operator": ""}, "geometry": {"type": "LineString", "coordinates": [[-84.1750289, 33.9708742], [-84.1762292, 33.9709743], [-84.1768904, 33.9718051], [-84.1763258, 33.9720798]]}}, {"type": "Feature", "properties": {"power": "substation", "name": "", "voltage": "46000", "operator": ""}, "geometry": {"type": "Point", "coordinates": [-84.17630066000001, 33.9720822]}}, {"type": "Feature", "properties": {"power": "line", "name": "", "voltage": "46000", "operator": ""}, "geometry": {"type": "LineString", "coordinates": [[-84.173944, 33.9712935], [-84.1743252, 33.9713719], [-84.1743895, 33.9714353]]}}, {"type": "Feature", "properties": {"power": "substation", "name": "", "voltage": "46000", "operator": ""}, "geometry": {"type": "Point", "coordinates": [-84.16923313333334, 33.97663406666667]}}, {"type": "Feature", "properties": {"power": "line", "name": "", "voltage": "230000", "operator": ""}, "geometry": {"type": "LineString", "coordinates": [[-84.1681657, 33.9705967], [-84.1679956, 33.9707394], [-84.1667129, 33.9718137], [-84.1655149, 33.9727932], [-84.1644904, 33.9736604], [-84.1628394, 33.9750471], [-84.1614466, 33.976174], [-84.1599395, 33.9773992], [-84.1593426, 33.9779117], [-84.1580384, 33.9789892], [-84.1571116, 33.9797547], [-84.1558585, 33.9809062], [-84.1547875, 33.9819347], [-84.1535768, 33.9830791], [-84.1527567, 33.983876], [-84.1517809, 33.9848259], [-84.149704, 33.986792], [-84.1487216, 33.9877468], [-84.1479156, 33.9885196], [-84.1488728, 33.9892656], [-84.1501791, 33.9902263], [-84.1517516, 33.991375], [-84.1528492, 33.9921717], [-84.1538604, 33.9929146], [-84.1553682, 33.9939917], [-84.1563899, 33.9955642], [-84.1570661, 33.9964752], [-84.1579636, 33.9966034], [-84.1589603, 33.9977489]]}}, {"type": "Feature", "properties": {"power": "substation", "name": "SA Recycling Substation", "voltage": "115000", "operator": ""}, "geometry": {"type": "Point", "coordinates": [-84.25339662, 33.9230113]}}, {"type": "Feature", "properties": {"power": "line", "name": "", "voltage": "115000", "operator": ""}, "geometry": {"type": "LineString", "coordinates": [[-84.2448999, 33.9369962], [-84.2449341, 33.9359719], [-84.2449734, 33.9349372], [-84.2443746, 33.9337698], [-84.2438975, 33.9328792], [-84.2449937, 33.932035], [-84.2470872, 33.9309001], [-84.2483179, 33.9302159], [-84.2491045, 33.9290031], [-84.2487708, 33.9278599], [-84.2477596, 33.9265229], [-84.2490081, 33.9258481], [-84.250537, 33.9248079], [-84.2518412, 33.923872], [-84.2532826, 33.9228908], [-84.2533625, 33.922956]]}}, {"type": "Feature", "properties": {"power": "line", "name": "", "voltage": "115000", "operator": "Georgia Power"}, "geometry": {"type": "LineString", "coordinates": [[-84.1782742, 33.9407705], [-84.177172, 33.941018], [-84.1759158, 33.9413184], [-84.1746581, 33.9416279], [-84.1734927, 33.941931], [-84.1722312, 33.9422214], [-84.1706889, 33.9426043], [-84.1698077, 33.942835], [-84.1688953, 33.9416658], [-84.1681748, 33.9408114], [-84.1676576, 33.940223], [-84.1681861, 33.9396833], [-84.1684932, 33.9389788], [-84.1684503, 33.9377627], [-84.1681816, 33.9362711], [-84.1670613, 33.936942], [-84.1660382, 33.9374648], [-84.1649924, 33.9380044], [-84.1634747, 33.9383642], [-84.1629484, 33.9383586], [-84.1616723, 33.9381412], [-84.1603217, 33.9368445], [-84.1600371, 33.9363217], [-84.158978, 33.9356113], [-84.1585147, 33.9351928], [-84.1577621, 33.9355721]]}}, {"type": "Feature", "properties": {"power": "line", "name": "", "voltage": "", "operator": ""}, "geometry": {"type": "LineString", "coordinates": [[-84.1576501, 33.935412], [-84.1575875, 33.9354399], [-84.1574556, 33.9354988]]}}, {"type": "Feature", "properties": {"power": "line", "name": "", "voltage": "", "operator": ""}, "geometry": {"type": "LineString", "coordinates": [[-84.1577621, 33.9355721], [-84.1577019, 33.9356014], [-84.1575485, 33.9356761]]}}, {"type": "Feature", "properties": {"power": "line", "name": "", "voltage": "", "operator": ""}, "geometry": {"type": "LineString", "coordinates": [[-84.1577019, 33.9356014], [-84.1575875, 33.9354399]]}}, {"type": "Feature", "properties": {"power": "line", "name": "", "voltage": "115000", "operator": ""}, "geometry": {"type": "LineString", "coordinates": [[-84.4756609, 33.8820528], [-84.4756615, 33.8819665], [-84.4756601, 33.8819086]]}}, {"type": "Feature", "properties": {"power": "line", "name": "", "voltage": "115000", "operator": ""}, "geometry": {"type": "LineString", "coordinates": [[-84.4757708, 33.8819108], [-84.4757698, 33.8819676], [-84.4757684, 33.8820523]]}}, {"type": "Feature", "properties": {"power": "line", "name": "", "voltage": "230000", "operator": ""}, "geometry": {"type": "LineString", "coordinates": [[-84.584109, 33.7514612], [-84.5843805, 33.7518353], [-84.5855878, 33.7532032], [-84.5862598, 33.7538477], [-84.587944, 33.753078], [-84.5893995, 33.7520046], [-84.5895403, 33.7514711]]}}, {"type": "Feature", "properties": {"power": "plant", "name": "Hickory Ridge Landfill Solar Project", "voltage": "", "operator": "BFI Waste Systems of GA, LLC"}, "geometry": {"type": "Point", "coordinates": [-84.33551515333333, 33.66330244]}}, {"type": "Feature", "properties": {"power": "plant", "name": "", "voltage": "", "operator": ""}, "geometry": {"type": "Point", "coordinates": [-84.40100938, 33.764523499999996]}}, {"type": "Feature", "properties": {"power": "line", "name": "Norcross - South Hall 500kV", "voltage": "500000", "operator": "Georgia Power"}, "geometry": {"type": "LineString", "coordinates": [[-84.2112374, 33.9326943], [-84.2081238, 33.9335693], [-84.2044942, 33.9343473], [-84.199165, 33.9355029], [-84.1946177, 33.9364205], [-84.1923636, 33.9372301], [-84.1878152, 33.938198], [-84.1840203, 33.9390289], [-84.1797759, 33.9399332], [-84.175763, 33.9408037], [-84.1702241, 33.9414932], [-84.1670931, 33.9418642], [-84.1641411, 33.9433092], [-84.1622628, 33.944119], [-84.1591717, 33.9449247], [-84.1552277, 33.945898], [-84.1496537, 33.9472291], [-84.1460234, 33.9481237], [-84.1430147, 33.9488441], [-84.1399147, 33.95053], [-84.1371284, 33.9518555], [-84.1313157, 33.9546106], [-84.1266003, 33.9568915], [-84.1245927, 33.9540673], [-84.121525, 33.9533083], [-84.1165896, 33.952236], [-84.1128311, 33.951517], [-84.1090801, 33.9532742], [-84.1064237, 33.9546254], [-84.1040102, 33.9557193], [-84.0991272, 33.9580218], [-84.0956152, 33.9597727], [-84.0938175, 33.9606206]]}}, {"type": "Feature", "properties": {"power": "substation", "name": "", "voltage": "230000", "operator": ""}, "geometry": {"type": "Point", "coordinates": [-84.6198824, 33.72899546]}}, {"type": "Feature", "properties": {"power": "line", "name": "", "voltage": "230000", "operator": ""}, "geometry": {"type": "LineString", "coordinates": [[-84.6202533, 33.7286129], [-84.6201303, 33.7285765], [-84.6200531, 33.7285536], [-84.6199743, 33.7285302], [-84.6198659, 33.7284981], [-84.6197723, 33.7284704], [-84.619709, 33.7284516], [-84.6195969, 33.7284184], [-84.6195211, 33.728396], [-84.6191724, 33.7282927], [-84.6190853, 33.7282669], [-84.6190308, 33.7283941], [-84.6189587, 33.7285624], [-84.6188716, 33.7287658], [-84.6188139, 33.7289007], [-84.6189002, 33.7289262], [-84.6194367, 33.7290851], [-84.6194977, 33.7291031], [-84.6195866, 33.7291295], [-84.6196947, 33.7291615], [-84.6197753, 33.7291853], [-84.6198649, 33.7292119], [-84.619982, 33.7292465], [-84.6200405, 33.7291098], [-84.6201244, 33.728914], [-84.6201958, 33.7287472], [-84.6202533, 33.7286129]]}}, {"type": "Feature", "properties": {"power": "line", "name": "", "voltage": "230000", "operator": ""}, "geometry": {"type": "LineString", "coordinates": [[-84.6200405, 33.7291098], [-84.6199265, 33.7290763], [-84.6198379, 33.7290502], [-84.6197664, 33.7290292], [-84.6196534, 33.7289959], [-84.6195565, 33.7289674], [-84.6194755, 33.7289435], [-84.6189483, 33.7287883], [-84.6188716, 33.7287658]]}}, {"type": "Feature", "properties": {"power": "line", "name": "", "voltage": "230000", "operator": ""}, "geometry": {"type": "LineString", "coordinates": [[-84.6189587, 33.7285624], [-84.6190534, 33.728591], [-84.619121, 33.7286113], [-84.6192192, 33.7286409], [-84.6193956, 33.7286942], [-84.6195834, 33.7287508], [-84.6196421, 33.7287685], [-84.6197358, 33.7287968], [-84.6198479, 33.7288306], [-84.6199233, 33.7288533], [-84.6200086, 33.728879], [-84.6201244, 33.728914]]}}, {"type": "Feature", "properties": {"power": "line", "name": "", "voltage": "230000", "operator": ""}, "geometry": {"type": "LineString", "coordinates": [[-84.6201958, 33.7287472], [-84.6200802, 33.7287122], [-84.6199979, 33.7286873], [-84.6199283, 33.7286662], [-84.6197968, 33.7286263], [-84.6197192, 33.7286028], [-84.6196492, 33.7285815], [-84.619463, 33.7285251], [-84.6192821, 33.7284702], [-84.6191937, 33.7284435], [-84.6191313, 33.7284245], [-84.6190308, 33.7283941]]}}, {"type": "Feature", "properties": {"power": "line", "name": "", "voltage": "230000", "operator": ""}, "geometry": {"type": "LineString", "coordinates": [[-84.6196474, 33.7282992], [-84.6195969, 33.7284184]]}}, {"type": "Feature", "properties": {"power": "line", "name": "", "voltage": "230000", "operator": ""}, "geometry": {"type": "LineString", "coordinates": [[-84.6194969, 33.7282579], [-84.6193058, 33.7287145]]}}, {"type": "Feature", "properties": {"power": "line", "name": "", "voltage": "230000", "operator": "Georgia Power"}, "geometry": {"type": "LineString", "coordinates": [[-84.666293, 33.7397534], [-84.6662394, 33.7403006], [-84.6652391, 33.740293], [-84.6601169, 33.7402281], [-84.6561797, 33.7401863], [-84.6537863, 33.7401749], [-84.6493649, 33.7383594], [-84.6439615, 33.7361829], [-84.6402754, 33.7345876], [-84.6375623, 33.7333948], [-84.6347122, 33.7321261], [-84.6322046, 33.7310397], [-84.629665, 33.7302382], [-84.6260658, 33.7291214], [-84.6232613, 33.7282287], [-84.6202991, 33.7272989], [-84.6196474, 33.7282992]]}}, {"type": "Feature", "properties": {"power": "substation", "name": "", "voltage": "230000", "operator": ""}, "geometry": {"type": "Point", "coordinates": [-84.59523302857143, 33.76374951428571]}}, {"type": "Feature", "properties": {"power": "line", "name": "", "voltage": "230000", "operator": "Georgia Power"}, "geometry": {"type": "LineString", "coordinates": [[-84.5953188, 33.7641107], [-84.5956557, 33.7643109], [-84.5953809, 33.7645548], [-84.5943549, 33.7641742], [-84.5936481, 33.7647774]]}}, {"type": "Feature", "properties": {"power": "substation", "name": "", "voltage": "230000", "operator": "Georgia Power Company"}, "geometry": {"type": "Point", "coordinates": [-84.43098334285715, 33.77677242857143]}}, {"type": "Feature", "properties": {"power": "line", "name": "", "voltage": "230000", "operator": ""}, "geometry": {"type": "LineString", "coordinates": [[-84.4312468, 33.7765283], [-84.4309032, 33.776531], [-84.4304057, 33.7765349], [-84.430409, 33.7768298], [-84.4304118, 33.7770745], [-84.4304151, 33.7773749], [-84.4309121, 33.777371], [-84.4312564, 33.7773684], [-84.4312529, 33.7770679], [-84.4312503, 33.7768373], [-84.4312468, 33.7765283]]}}, {"type": "Feature", "properties": {"power": "line", "name": "", "voltage": "230000", "operator": ""}, "geometry": {"type": "LineString", "coordinates": [[-84.4309032, 33.776531], [-84.4309063, 33.7768246], [-84.4309089, 33.777068], [-84.4309121, 33.777371]]}}, {"type": "Feature", "properties": {"power": "line", "name": "", "voltage": "230000", "operator": ""}, "geometry": {"type": "LineString", "coordinates": [[-84.4304118, 33.7770745], [-84.4302028, 33.7770788], [-84.4302138, 33.777443]]}}, {"type": "Feature", "properties": {"power": "line", "name": "", "voltage": "230000", "operator": ""}, "geometry": {"type": "LineString", "coordinates": [[-84.4309063, 33.7768246], [-84.4306629, 33.7768283], [-84.4306677, 33.7770429]]}}, {"type": "Feature", "properties": {"power": "line", "name": "", "voltage": "115000", "operator": ""}, "geometry": {"type": "LineString", "coordinates": [[-84.4306677, 33.7770429], [-84.4306698, 33.7772441]]}}, {"type": "Feature", "properties": {"power": "line", "name": "", "voltage": "230000", "operator": ""}, "geometry": {"type": "LineString", "coordinates": [[-84.4360589, 33.7778016], [-84.4338582, 33.7776623], [-84.4327552, 33.7770143], [-84.4316836, 33.7763035], [-84.431244, 33.7763063], [-84.4312503, 33.7768373]]}}, {"type": "Feature", "properties": {"power": "substation", "name": "", "voltage": "230000", "operator": "Georgia Power"}, "geometry": {"type": "Point", "coordinates": [-84.43072582142858, 33.779258242857146]}}, {"type": "Feature", "properties": {"power": "line", "name": "", "voltage": "115000", "operator": ""}, "geometry": {"type": "LineString", "coordinates": [[-84.4360589, 33.7778016], [-84.4338885, 33.7777593], [-84.4319395, 33.7776856], [-84.4313865, 33.7780094], [-84.4313919, 33.7785198]]}}, {"type": "Feature", "properties": {"power": "line", "name": "", "voltage": "230000", "operator": ""}, "geometry": {"type": "LineString", "coordinates": [[-84.4309089, 33.777068], [-84.4310898, 33.7779445], [-84.4326766, 33.7779102], [-84.4361601, 33.7780122]]}}, {"type": "Feature", "properties": {"power": "line", "name": "", "voltage": "230000", "operator": ""}, "geometry": {"type": "LineString", "coordinates": [[-84.4312529, 33.7770679], [-84.4314058, 33.7778132], [-84.4326732, 33.7778189], [-84.4361601, 33.7780122]]}}, {"type": "Feature", "properties": {"power": "line", "name": "", "voltage": "230000", "operator": ""}, "geometry": {"type": "LineString", "coordinates": [[-84.1869213, 34.0353301], [-84.1858061, 34.0351538], [-84.1855417, 34.0363861], [-84.1854125, 34.0370883], [-84.1852361, 34.0379002], [-84.1850691, 34.0388582], [-84.1849494, 34.0395369], [-84.1845809, 34.0403905], [-84.1841902, 34.0409517], [-84.1834846, 34.0417348], [-84.1827349, 34.0425179], [-84.1819371, 34.0433293], [-84.1816134, 34.0436586], [-84.1806715, 34.0446244], [-84.1798399, 34.0454909], [-84.1790807, 34.0463262], [-84.1783058, 34.0471719], [-84.1772189, 34.0478035], [-84.1768787, 34.0482786], [-84.1765984, 34.0486701], [-84.1759053, 34.0497559], [-84.1754108, 34.0507294], [-84.1751304, 34.051335], [-84.1738105, 34.051348], [-84.1723873, 34.0513283], [-84.171378, 34.0512917]]}}, {"type": "Feature", "properties": {"power": "substation", "name": "", "voltage": "230000", "operator": ""}, "geometry": {"type": "Point", "coordinates": [-84.18712845, 34.0348836]}}, {"type": "Feature", "properties": {"power": "line", "name": "", "voltage": "115000", "operator": ""}, "geometry": {"type": "LineString", "coordinates": [[-84.449961, 33.6183093], [-84.449938, 33.6184349]]}}, {"type": "Feature", "properties": {"power": "line", "name": "", "voltage": "115000", "operator": ""}, "geometry": {"type": "LineString", "coordinates": [[-84.4501139, 33.6183277], [-84.449961, 33.6183093], [-84.4498075, 33.6182908]]}}, {"type": "Feature", "properties": {"power": "substation", "name": "", "voltage": "", "operator": ""}, "geometry": {"type": "Point", "coordinates": [-84.43105670909091, 33.65638349090909]}}, {"type": "Feature", "properties": {"power": "line", "name": "", "voltage": "115000", "operator": "Georgia Power"}, "geometry": {"type": "LineString", "coordinates": [[-84.4065855, 33.6387712], [-84.4065851, 33.6387375], [-84.4066631, 33.6387368]]}}, {"type": "Feature", "properties": {"power": "line", "name": "", "voltage": "115000", "operator": "Georgia Power"}, "geometry": {"type": "LineString", "coordinates": [[-84.4066604, 33.6385241], [-84.4065971, 33.6385247], [-84.4064491, 33.638526]]}}, {"type": "Feature", "properties": {"power": "line", "name": "", "voltage": "", "operator": "Georgia Power"}, "geometry": {"type": "LineString", "coordinates": [[-84.4064491, 33.638526], [-84.4063758, 33.6385266]]}}, {"type": "Feature", "properties": {"power": "line", "name": "", "voltage": "115000", "operator": "Georgia Power"}, "geometry": {"type": "LineString", "coordinates": [[-84.4079104, 33.6389541], [-84.4080187, 33.6389534]]}}, {"type": "Feature", "properties": {"power": "line", "name": "", "voltage": "", "operator": "Georgia Power"}, "geometry": {"type": "LineString", "coordinates": [[-84.4092111, 33.6402704], [-84.4092874, 33.6402702], [-84.4094282, 33.6402699]]}}, {"type": "Feature", "properties": {"power": "line", "name": "", "voltage": "115000", "operator": "Georgia Power"}, "geometry": {"type": "LineString", "coordinates": [[-84.4088632, 33.6404488], [-84.4088626, 33.6402712]]}}, {"type": "Feature", "properties": {"power": "line", "name": "", "voltage": "115000", "operator": "Georgia Power"}, "geometry": {"type": "LineString", "coordinates": [[-84.4092025, 33.640448], [-84.4090134, 33.6404484], [-84.4089156, 33.6404487], [-84.4088632, 33.6404488]]}}, {"type": "Feature", "properties": {"power": "line", "name": "", "voltage": "115000", "operator": "Georgia Power"}, "geometry": {"type": "LineString", "coordinates": [[-84.4090134, 33.6404484], [-84.4090128, 33.6402709]]}}, {"type": "Feature", "properties": {"power": "line", "name": "", "voltage": "", "operator": "Georgia Power"}, "geometry": {"type": "LineString", "coordinates": [[-84.4094261, 33.6404475], [-84.409288, 33.6404478], [-84.4092025, 33.640448]]}}, {"type": "Feature", "properties": {"power": "line", "name": "", "voltage": "", "operator": "Georgia Power"}, "geometry": {"type": "LineString", "coordinates": [[-84.4092874, 33.6402702], [-84.409288, 33.6404478]]}}, {"type": "Feature", "properties": {"power": "line", "name": "", "voltage": "115000", "operator": "Georgia Power"}, "geometry": {"type": "LineString", "coordinates": [[-84.4088626, 33.6402712], [-84.4089179, 33.6402711], [-84.4090128, 33.6402709], [-84.4092111, 33.6402704]]}}, {"type": "Feature", "properties": {"power": "line", "name": "", "voltage": "", "operator": ""}, "geometry": {"type": "LineString", "coordinates": [[-84.1845809, 34.0403905], [-84.1852538, 34.0402894], [-84.1854765, 34.0403205], [-84.1856803, 34.0403494], [-84.1859324, 34.0403749], [-84.1866674, 34.0406283], [-84.1875511, 34.0407005], [-84.1883129, 34.0405038], [-84.1893469, 34.0406739], [-84.1900215, 34.0407083], [-84.1900805, 34.0405094]]}}, {"type": "Feature", "properties": {"power": "line", "name": "", "voltage": "", "operator": ""}, "geometry": {"type": "LineString", "coordinates": [[-84.3313779, 34.0110549], [-84.3310238, 34.0107637], [-84.3307985, 34.0105736], [-84.3306363, 34.0101745], [-84.3301615, 34.0091917]]}}, {"type": "Feature", "properties": {"power": "line", "name": "", "voltage": "115000", "operator": ""}, "geometry": {"type": "LineString", "coordinates": [[-84.3507376, 33.6430451], [-84.3504652, 33.6431229], [-84.3502823, 33.6426203], [-84.349024, 33.642754], [-84.3486378, 33.6428064], [-84.3477469, 33.6429018], [-84.346539, 33.6438163], [-84.3457157, 33.6443068], [-84.3445731, 33.6444586], [-84.343468, 33.6446496], [-84.3422142, 33.6448509], [-84.3410548, 33.6450278], [-84.339829, 33.6452135], [-84.3385961, 33.6455585], [-84.3375605, 33.6463438], [-84.3367514, 33.6470037], [-84.335535, 33.6479881], [-84.3348242, 33.6483197], [-84.3340115, 33.6484547], [-84.3331411, 33.6484949], [-84.3322583, 33.6484825], [-84.3312377, 33.6483774], [-84.3303296, 33.64821], [-84.3288357, 33.6488522], [-84.3282076, 33.6491137], [-84.3263922, 33.6498834], [-84.3235014, 33.6510924], [-84.3214466, 33.6519642], [-84.3213254, 33.6521423]]}}, {"type": "Feature", "properties": {"power": "line", "name": "", "voltage": "115000", "operator": "Georgia Power"}, "geometry": {"type": "LineString", "coordinates": [[-84.3329112, 33.6062081], [-84.3329538, 33.6069147], [-84.3333205, 33.6070422], [-84.333137, 33.6076542], [-84.3326526, 33.6089616], [-84.3318173, 33.6112265], [-84.3314196, 33.6122992], [-84.330822, 33.613896], [-84.330305, 33.6152499], [-84.3298098, 33.6166531], [-84.3290436, 33.6187126], [-84.328184, 33.6209975], [-84.3273742, 33.6231969], [-84.3267232, 33.6250175], [-84.3259788, 33.6269626], [-84.3259128, 33.6271408], [-84.32587, 33.6272564], [-84.3249473, 33.6297493], [-84.3242083, 33.6321518], [-84.3237626, 33.6335922], [-84.3232715, 33.6351966], [-84.3227432, 33.6368895], [-84.3220008, 33.6392889], [-84.3214256, 33.6411939], [-84.3213763, 33.6442768], [-84.3213331, 33.6465801], [-84.3212939, 33.649388], [-84.3212712, 33.6512472]]}}, {"type": "Feature", "properties": {"power": "line", "name": "", "voltage": "115000", "operator": "Georgia Power"}, "geometry": {"type": "LineString", "coordinates": [[-84.3212712, 33.6512472], [-84.3212236, 33.6521252], [-84.3212281, 33.6542009]]}}, {"type": "Feature", "properties": {"power": "line", "name": "", "voltage": "115000", "operator": ""}, "geometry": {"type": "LineString", "coordinates": [[-84.3213254, 33.6521423], [-84.3212281, 33.6542009]]}}, {"type": "Feature", "properties": {"power": "line", "name": "", "voltage": "115000", "operator": ""}, "geometry": {"type": "LineString", "coordinates": [[-84.3212712, 33.6512472], [-84.3213254, 33.6521423]]}}, {"type": "Feature", "properties": {"power": "line", "name": "", "voltage": "115000", "operator": ""}, "geometry": {"type": "LineString", "coordinates": [[-84.4668669, 33.5617772], [-84.4661159, 33.5619578]]}}, {"type": "Feature", "properties": {"power": "line", "name": "", "voltage": "115000", "operator": ""}, "geometry": {"type": "LineString", "coordinates": [[-84.4638173, 33.5625623], [-84.4647611, 33.5622532], [-84.4655975, 33.562031], [-84.4661159, 33.5619578]]}}, {"type": "Feature", "properties": {"power": "line", "name": "", "voltage": "230000", "operator": ""}, "geometry": {"type": "LineString", "coordinates": [[-84.4668669, 33.5617772], [-84.4638173, 33.5625623]]}}, {"type": "Feature", "properties": {"power": "line", "name": "", "voltage": "230000", "operator": "Georgia Power"}, "geometry": {"type": "LineString", "coordinates": [[-84.2315585, 33.7371361], [-84.2315627, 33.7371312]]}}, {"type": "Feature", "properties": {"power": "line", "name": "", "voltage": "", "operator": ""}, "geometry": {"type": "LineString", "coordinates": [[-84.1705084, 34.0340258], [-84.1700068, 34.0335635], [-84.1696367, 34.033], [-84.16941, 34.0325621], [-84.1690184, 34.0318064], [-84.1685115, 34.0302793], [-84.1682902, 34.029668], [-84.1680555, 34.0290451], [-84.1678351, 34.028516], [-84.1676223, 34.0279241], [-84.1671959, 34.0273128], [-84.1667533, 34.0267171], [-84.1662236, 34.0262903], [-84.1656777, 34.0258501], [-84.1651265, 34.0253989], [-84.1649187, 34.0252233], [-84.1643661, 34.0247831], [-84.1640791, 34.0245408], [-84.1637506, 34.0240062]]}}, {"type": "Feature", "properties": {"power": "line", "name": "", "voltage": "115000", "operator": "Georgia Power"}, "geometry": {"type": "LineString", "coordinates": [[-84.4078458, 33.7259885], [-84.4078625, 33.7263597], [-84.4078963, 33.7279699], [-84.4079506, 33.7297537], [-84.4079832, 33.7308712], [-84.4079928, 33.7311992], [-84.4080006, 33.7315058], [-84.4080071, 33.731763], [-84.4080087, 33.7318233], [-84.4080136, 33.7320177], [-84.4080278, 33.7325774], [-84.4080459, 33.734337], [-84.4082029, 33.7360123], [-84.4072276, 33.7360033], [-84.4065674, 33.7360033], [-84.4064769, 33.7355787]]}}, {"type": "Feature", "properties": {"power": "line", "name": "", "voltage": "115000", "operator": ""}, "geometry": {"type": "LineString", "coordinates": [[-84.4311363, 33.778522], [-84.4310196, 33.7780427], [-84.4306696, 33.7775968], [-84.4306698, 33.7772441]]}}, {"type": "Feature", "properties": {"power": "line", "name": "", "voltage": "", "operator": ""}, "geometry": {"type": "LineString", "coordinates": [[-84.4302138, 33.777443], [-84.4302084, 33.7776], [-84.4302612, 33.777992], [-84.4302273, 33.778691], [-84.4302472, 33.7792209]]}}, {"type": "Feature", "properties": {"power": "substation", "name": "", "voltage": "", "operator": ""}, "geometry": {"type": "Point", "coordinates": [-84.55561639999999, 33.981353379999995]}}, {"type": "Feature", "properties": {"power": "line", "name": "", "voltage": "", "operator": ""}, "geometry": {"type": "LineString", "coordinates": [[-84.1972735, 34.0494087], [-84.1973432, 34.0495854], [-84.1974203, 34.0497571], [-84.197596, 34.0501538], [-84.1979688, 34.0509827]]}}, {"type": "Feature", "properties": {"power": "substation", "name": "", "voltage": "", "operator": ""}, "geometry": {"type": "Point", "coordinates": [-84.17390207999999, 34.05395772]}}, {"type": "Feature", "properties": {"power": "line", "name": "", "voltage": "", "operator": ""}, "geometry": {"type": "LineString", "coordinates": [[-84.492588, 33.8769572], [-84.4922005, 33.8774071], [-84.4922226, 33.8775897], [-84.4916251, 33.8780651], [-84.4912054, 33.8784398], [-84.4909345, 33.8786847]]}}, {"type": "Feature", "properties": {"power": "line", "name": "", "voltage": "", "operator": ""}, "geometry": {"type": "LineString", "coordinates": [[-84.4929126, 33.8763515], [-84.492588, 33.8769572], [-84.4927101, 33.8770274]]}}, {"type": "Feature", "properties": {"power": "substation", "name": "", "voltage": "", "operator": ""}, "geometry": {"type": "Point", "coordinates": [-84.42480780000001, 33.96139727142857]}}, {"type": "Feature", "properties": {"power": "substation", "name": "", "voltage": "", "operator": ""}, "geometry": {"type": "Point", "coordinates": [-84.41993942, 33.66638352]}}, {"type": "Feature", "properties": {"power": "substation", "name": "", "voltage": "", "operator": ""}, "geometry": {"type": "Point", "coordinates": [-84.42884165, 33.70397115]}}, {"type": "Feature", "properties": {"power": "substation", "name": "", "voltage": "", "operator": ""}, "geometry": {"type": "Point", "coordinates": [-84.41987374285713, 33.78037765714286]}}, {"type": "Feature", "properties": {"power": "substation", "name": "", "voltage": "", "operator": ""}, "geometry": {"type": "Point", "coordinates": [-84.124008, 33.82668804]}}, {"type": "Feature", "properties": {"power": "line", "name": "", "voltage": "230000", "operator": ""}, "geometry": {"type": "LineString", "coordinates": [[-84.6123498, 33.729408], [-84.6107504, 33.729991]]}}, {"type": "Feature", "properties": {"power": "line", "name": "", "voltage": "230000", "operator": ""}, "geometry": {"type": "LineString", "coordinates": [[-84.6142235, 33.7282056], [-84.6139097, 33.7287298], [-84.6123498, 33.729408]]}}, {"type": "Feature", "properties": {"power": "line", "name": "", "voltage": "230000", "operator": ""}, "geometry": {"type": "LineString", "coordinates": [[-84.6130219, 33.7297047], [-84.6127637, 33.7292729], [-84.6123498, 33.729408]]}}, {"type": "Feature", "properties": {"power": "line", "name": "", "voltage": "230000", "operator": ""}, "geometry": {"type": "LineString", "coordinates": [[-84.6107504, 33.729991], [-84.6089416, 33.7306902], [-84.6084058, 33.7328544]]}}, {"type": "Feature", "properties": {"power": "line", "name": "", "voltage": "230000", "operator": ""}, "geometry": {"type": "LineString", "coordinates": [[-84.6084058, 33.7328544], [-84.6088323, 33.7306248], [-84.6107504, 33.729991]]}}, {"type": "Feature", "properties": {"power": "line", "name": "", "voltage": "230000", "operator": ""}, "geometry": {"type": "LineString", "coordinates": [[-84.5954548, 33.7427946], [-84.5977295, 33.7428011]]}}, {"type": "Feature", "properties": {"power": "line", "name": "", "voltage": "230000", "operator": ""}, "geometry": {"type": "LineString", "coordinates": [[-84.5927645, 33.742421], [-84.5932406, 33.7424399], [-84.5933761, 33.7426975], [-84.5954548, 33.7427946]]}}, {"type": "Feature", "properties": {"power": "line", "name": "", "voltage": "230000", "operator": ""}, "geometry": {"type": "LineString", "coordinates": [[-84.5927695, 33.74261], [-84.5931099, 33.7426158], [-84.5931212, 33.7427474], [-84.5954548, 33.7427946]]}}, {"type": "Feature", "properties": {"power": "line", "name": "", "voltage": "230000", "operator": ""}, "geometry": {"type": "LineString", "coordinates": [[-84.6084058, 33.7328544], [-84.6080309, 33.7346046], [-84.6077051, 33.7360926]]}}, {"type": "Feature", "properties": {"power": "line", "name": "", "voltage": "230000", "operator": ""}, "geometry": {"type": "LineString", "coordinates": [[-84.6171497, 33.7268925], [-84.6167473, 33.7278661], [-84.6143328, 33.7286929], [-84.6129951, 33.7291849], [-84.6131963, 33.7295909]]}}, {"type": "Feature", "properties": {"power": "substation", "name": "", "voltage": "230000", "operator": ""}, "geometry": {"type": "Point", "coordinates": [-84.61447244, 33.72733762]}}, {"type": "Feature", "properties": {"power": "line", "name": "", "voltage": "230000", "operator": "Georgia Power"}, "geometry": {"type": "LineString", "coordinates": [[-84.5854385, 33.7226571], [-84.5840375, 33.7223231], [-84.5843887, 33.7213727], [-84.5846723, 33.7204563], [-84.5851081, 33.7192135], [-84.5854842, 33.7181672], [-84.5859015, 33.7169807], [-84.586294, 33.7158112], [-84.5869086, 33.7145067], [-84.5876013, 33.7134826], [-84.5887973, 33.7122576], [-84.5899325, 33.7125658], [-84.5926805, 33.7133105], [-84.5963838, 33.7142459], [-84.5993814, 33.7150152], [-84.6030902, 33.715866], [-84.6043768, 33.7171655], [-84.6063483, 33.7191481], [-84.6090669, 33.7218926], [-84.6094967, 33.7223216], [-84.6108644, 33.7237202], [-84.6120937, 33.7249773], [-84.6144512, 33.7257078], [-84.6150872, 33.7265102], [-84.614937, 33.7269497]]}}, {"type": "Feature", "properties": {"power": "substation", "name": "", "voltage": "", "operator": ""}, "geometry": {"type": "Point", "coordinates": [-84.26329348, 33.9727929]}}]}